Ключевое слово;Результатов в Яндексе;Слов;Символов;Частотность Весь мир;"""!Частотность !Весь !мир""";Количество найденных доменов в Яндексе по слову;Средняя позиция в Яндексе;Позиция в Яндексе unisender.com;query_type;cluster
менеджер проектов;1000000;2;17;33435;1365;1;1;1;commercial;1
видео нейросеть бесплатно;3000000;3;25;84331;1197;1;1;1;commercial;19
файловый менеджер для андроид;322000;4;29;4996;1234;1;1;1;commercial;1
нейросеть видео бесплатно;3000000;3;25;84827;1116;1;1;1;commercial;19
нейросеть создать видео бесплатно;3000000;4;33;13164;766;1;1;1;commercial;19
нейросеть для видео бесплатно;3000000;4;29;27998;636;1;1;1;commercial;19
оферта это простыми;904000;3;19;11858;514;1;1;1;commercial;6
юнисендер личный кабинет;710000;3;24;866;487;1;1;1;commercial;1
нейросеть сделать видео бесплатно;3000000;4;33;6832;472;1;1;1;commercial;19
что такое пост оплата;697000;4;21;787;439;1;1;1;commercial;9
лпр это в продажах;3000000;4;18;906;385;1;1;1;commercial;1
юнисендер вход в личный кабинет;2000000;5;31;374;374;1;1;1;commercial;1
unisender личный кабинет;707000;3;24;400;364;1;1;1;commercial;1
трафик менеджер;236000;2;15;2410;344;1;1;1;commercial;1
нейросеть для монтажа видео бесплатно;3000000;5;37;547;280;1;1;1;commercial;1
проект менеджер;1000000;2;15;33435;269;1;1;1;commercial;1
менеджер по работе с ключевыми клиентами;2000000;6;40;1605;240;1;1;1;commercial;1
рассылка емейл;450000;2;14;2466;156;1;1;1;commercial;1
управление продажами;1000000;2;20;11047;140;1;1;1;commercial;1
что означает постоплата;152000;3;23;498;117;1;1;1;commercial;1
постоплата что означает;126000;3;23;498;117;1;1;1;commercial;1
как войти в телеграмм если не приходит смс с кодом и звонок;3000000;12;59;112;110;1;1;1;commercial;1
себестоимость это в экономике;2000000;4;29;218;105;1;1;1;commercial;1
сервисы для донатов;1000000;3;19;1152;102;1;1;1;commercial;1
менеджер проектов что делает;279000;4;28;352;95;1;1;1;commercial;1
чем занимается проджект менеджер;386000;4;32;213;95;1;1;1;commercial;1
проджект менеджер чем занимается;341000;4;32;213;95;1;1;1;commercial;1
рассылка писем;972000;2;14;10143;90;1;1;1;commercial;1
трекер сна бесплатно;2000000;3;20;2227;88;1;1;1;commercial;1
сервис временной почты;1000000;3;22;379;81;1;1;1;commercial;1
что такое холодные звонки по телефону в продажах;1000000;8;48;81;78;1;1;1;commercial;9
вам нужно отлучиться но задание требует оставаться на связи с заказчиком что вы сделаете;2000000;14;88;260;78;1;1;1;commercial;1
как рассчитать стоимость;309000;3;24;44149;75;1;1;1;commercial;1
unisender api;183000;2;13;193;75;1;1;1;commercial;1
не получается войти в телеграмм;2000000;5;31;1085;68;1;1;1;commercial;1
почему не получается войти в телеграмм по номеру телефона;3000000;9;57;102;68;1;1;1;commercial;1
кам менеджер расшифровка;96000;3;24;62;62;1;1;1;commercial;1
бизнес конференции;1000000;2;18;6525;61;1;1;1;commercial;1
дискаунтер магазин;213000;2;18;2034;60;1;1;1;commercial;1
магазин дискаунтер;1000000;2;18;2040;57;1;1;1;commercial;1
что такое договор оферта простыми словами;1000000;6;41;2093;56;1;1;1;commercial;6
сервис донатов;1000000;2;14;2294;53;1;1;1;commercial;1
база клиентов для менеджера по продажам;1000000;6;39;110;50;1;1;1;commercial;1
бизнес литература для начинающих;1000000;4;32;101;49;1;1;1;commercial;1
программа для наложения музыки на видео бесплатно;3000000;7;49;134;45;1;1;1;commercial;1
социальная ответственность бизнеса это;1000000;4;38;143;45;1;1;1;commercial;1
сервис для донатов;1000000;3;18;1152;45;1;1;1;commercial;1
найти шрифт по картинке русский онлайн бесплатно;3000000;7;48;84;45;1;1;1;commercial;4
менеджер по ключевым клиентам;906000;4;29;1926;44;1;1;1;commercial;1
чем занимается проектный менеджер;358000;4;33;123;44;1;1;1;commercial;1
создать почту электронную на телефоне бесплатно;3000000;6;47;5524;44;1;1;1;commercial;1
отличие erp от crm;260000;4;18;57;43;1;1;1;commercial;1
как в договоре прописать самозанятого;303000;5;37;796;42;1;1;1;commercial;1
как прописать в договоре самозанятого;303000;5;37;796;42;1;1;1;commercial;1
сервис сквозной аналитики;917000;3;25;258;42;1;1;1;commercial;1
не получается войти в телеграм;6000;5;30;387;41;1;1;1;commercial;1
как рассчитать стоимость товара;586000;4;31;1410;41;1;1;1;commercial;14
договор оферты пример;578000;3;21;622;41;1;1;1;commercial;1
кам в продажах;394000;3;14;686;41;1;1;1;commercial;1
как включить бизнес аккаунт в инстаграм;2000000;6;39;55;41;1;1;1;commercial;1
email рассылка стоимость;2000000;3;24;61;40;1;1;1;commercial;1
проектный менеджер обязанности;211000;3;30;202;40;1;1;1;commercial;1
менеджер по работе с ключевыми клиентами это;1000000;7;44;87;40;1;1;1;commercial;1
не могу войти в аккаунт телеграмм;3000000;6;33;1464;40;1;1;1;commercial;1
обязанности проджект менеджера;235000;3;30;134;39;1;1;1;commercial;1
что такое бизнес план и для чего он нужен;1000000;9;41;47;39;1;1;1;commercial;1
комбинированные подписки на онлайн сервисы;3000000;5;42;106;39;1;1;1;commercial;4
постоплата 100;2000000;2;14;538;37;1;1;1;commercial;1
телеграмм не могу войти;6000;4;23;5288;36;1;1;1;commercial;1
шаблоны гугл таблиц для бизнеса;1000000;5;31;110;36;1;1;1;commercial;1
как отправить документы заказным письмом;1000000;5;40;323;35;1;1;1;commercial;1
метод api;371000;2;9;4275;35;1;1;1;commercial;1
сервис для донатов в россии;2000000;5;27;150;35;1;1;1;commercial;1
kam менеджер это;2000000;3;16;38;34;1;1;1;commercial;1
тарифы юнисендер;811000;2;16;90;33;1;1;1;commercial;1
кто такой трафик менеджер;189000;4;25;44;33;1;1;1;commercial;12
юнисендер тарифы;795000;2;16;90;33;1;1;1;commercial;1
рассылка юнисендер;120000;2;18;456;32;1;1;1;commercial;1
рекламная рассылка;890000;2;18;5707;32;1;1;1;commercial;1
юнисендер рассылка;97000;2;18;456;32;1;1;1;commercial;1
онлайн продажа билетов на мероприятия;2000000;5;37;128;31;1;1;1;commercial;4
оферта договора что это такое простыми словами;1000000;7;46;1362;31;1;1;1;commercial;6
техника спин в продажах что это;686000;6;31;34;31;1;1;1;commercial;16
crm erp системы что это;759000;5;23;110;31;1;1;1;commercial;16
кто такой кам в продажах;418000;5;24;48;31;1;1;1;commercial;12
что значит прямая продажа;1000000;4;25;217;31;1;1;1;commercial;1
сквозная аналитика сервисы;1000000;3;26;258;30;1;1;1;commercial;1
почему не получается войти в телеграмм;3000000;6;38;243;30;1;1;1;commercial;1
что делать если не получается войти в телеграмм;3000000;8;47;197;30;1;1;1;commercial;1
кабинетное исследование;137000;2;23;846;30;1;1;1;commercial;1
как вести пинтерест для бизнеса;1000000;5;31;31;29;1;1;1;commercial;1
краудфандинг для малого бизнеса;1000000;4;31;31;29;1;1;1;commercial;1
что нужно для заключения договора с самозанятым;916000;7;47;35;29;1;1;1;commercial;1
обязанности менеджера проекта;959000;3;29;545;29;1;1;1;commercial;1
бизнес план что включает в себя;1000000;6;31;136;28;1;1;1;commercial;1
запись сна приложение бесплатное;2000000;4;32;232;28;1;1;1;commercial;1
сервисы электронных книг;2000000;3;24;600;28;1;1;1;commercial;1
что такое облачные сервисы;990000;4;26;498;28;1;1;1;commercial;9
как самозанятый прописывается в договоре;179000;5;40;67;26;1;1;1;commercial;1
сейлс менеджер это;2000000;3;18;62;26;1;1;1;commercial;1
unisender тарифы;895000;2;16;57;26;1;1;1;commercial;1
магазины дискаунтеры;994000;2;20;2040;26;1;1;1;commercial;1
как сделать телефон модемом для компьютера;2000000;6;42;168;26;1;1;1;commercial;11
как в договоре прописывать самозанятого;343000;5;39;796;25;1;1;1;commercial;1
как прописывать самозанятого в договоре;350000;5;39;796;25;1;1;1;commercial;1
оферта простыми словами;1000000;3;23;13734;25;1;1;1;commercial;6
менеджер проекта чем занимается;976000;4;31;401;25;1;1;1;commercial;1
как указывать в договоре самозанятого;670000;5;37;622;25;1;1;1;commercial;1
сервис для приема донатов;2000000;4;25;119;24;1;1;1;commercial;1
себестоимость продукции это в экономике;400000;5;39;29;23;1;1;1;commercial;1
книжные сервисы;1000000;2;15;493;23;1;1;1;commercial;1
почта рассылка;658000;2;14;17793;23;1;1;1;commercial;1
проджект менеджер обязанности;238000;3;29;134;23;1;1;1;commercial;1
виды чеков в магазине;942000;4;21;119;23;1;1;1;commercial;17
менеджер проекта что делает;1000000;4;27;352;22;1;1;1;commercial;1
как проанализировать рынок для выбора ниши в бизнесе;1000000;8;52;22;22;1;1;1;commercial;1
авторассылка в телеграмме по чатам;13000;5;34;54;22;1;1;1;commercial;1
что такое хпв в продажах;695000;5;24;33;22;1;1;1;commercial;9
задачи проджект менеджера;467000;3;25;147;22;1;1;1;commercial;1
донатные сервисы;868000;2;16;102;22;1;1;1;commercial;1
сервисы для донатов в россии;2000000;5;28;140;22;1;1;1;commercial;1
что делать если не можешь войти в телеграмм;3000000;8;43;516;22;1;1;1;commercial;1
открытые вопросы в продажах для выявления потребностей;2000000;7;54;56;21;1;1;1;commercial;1
что значит договор оферты на оказание услуг;985000;7;43;44;21;1;1;1;commercial;1
абс отчет по продажам;878000;4;21;30;21;1;1;1;commercial;1
смм менеджер обязанности;184000;3;24;199;21;1;1;1;commercial;1
магазин дискаунтер это;2000000;3;22;139;21;1;1;1;commercial;1
сервисы для доната;911000;3;18;1151;21;1;1;1;commercial;1
техника активного слушания в продажах;898000;5;37;90;21;1;1;1;commercial;1
сервисы для донатов на стриме;983000;5;29;46;20;1;1;1;commercial;1
постпродажный сервис это;2000000;3;24;27;20;1;1;1;commercial;1
сервисы донатов;936000;2;15;2294;20;1;1;1;commercial;1
социально ответственный бизнес это;1000000;4;34;54;19;1;1;1;commercial;1
договор оферта на оказание услуг что это;600000;7;40;47;19;1;1;1;commercial;1
клиентская база для менеджеров по продажам;1000000;6;42;42;19;1;1;1;commercial;1
smm менеджера;156000;2;13;8780;19;1;1;1;commercial;1
что подарить партнеру по бизнесу;1000000;5;32;145;19;1;1;1;commercial;16
сервисы для сбора донатов;1000000;4;25;83;19;1;1;1;commercial;1
заработок на рассылках;187000;3;22;100;19;1;1;1;commercial;1
приглашение на вебинар;57000;3;22;309;19;1;1;1;commercial;1
сервис приема донатов;1000000;3;21;200;19;1;1;1;commercial;1
обязанности проектного менеджера;197000;3;32;202;19;1;1;1;commercial;1
что делает crm маркетолог;441000;4;25;26;18;1;1;1;commercial;1
менеджер проектов обязанности;877000;3;29;545;18;1;1;1;commercial;1
самозанятый как правильно прописать в договоре;647000;6;46;55;18;1;1;1;commercial;1
договор для дизайнера фрилансера;345000;4;32;22;18;1;1;1;commercial;1
договор между самозанятыми;646000;3;26;4435;18;1;1;1;commercial;1
как снизить себестоимость продукции;248000;4;35;53;18;1;1;1;commercial;1
где можно купить рекламу;2000000;4;24;374;17;1;1;1;commercial;15
b2c бизнес;3000000;2;10;462;17;1;1;1;commercial;1
что такое прямая продажа;960000;4;24;321;17;1;1;1;commercial;9
не могу войти в телеграмм что делать;3000000;7;36;1720;16;1;1;1;commercial;1
техника 3 да в продажах;3000000;5;23;24;16;1;1;1;commercial;1
убрать рекламу бесплатно;2000000;3;24;1608;16;1;1;1;commercial;1
что значит crm система;803000;4;22;89;16;1;1;1;commercial;1
донат сервисы для стрима;834000;4;24;90;16;1;1;1;commercial;1
должность менеджер проектов;943000;3;27;441;16;1;1;1;commercial;1
договор работы с самозанятым;1000000;4;28;3873;16;1;1;1;commercial;1
обучение рассылкам;1000000;2;18;371;16;1;1;1;commercial;1
выложить сайт бесплатно;3000000;3;23;489;15;1;1;1;commercial;1
где искать заказчиков;2000000;3;21;872;15;1;1;1;commercial;15
цена по картинке;1000000;3;16;916;15;1;1;1;commercial;1
проект менеджер что делает;1000000;4;26;352;15;1;1;1;commercial;1
менеджер по рекламе на маркетплейсах;2000000;5;36;45;15;1;1;1;commercial;1
как работает api для чайников;1000000;5;29;16;15;1;1;1;commercial;1
вопросы по выявлению потребностей в продажах;1000000;6;44;36;15;1;1;1;commercial;1
что делает проект менеджер;1000000;4;26;352;15;1;1;1;commercial;1
лучшие сервисы для донатов;2000000;4;26;110;15;1;1;1;commercial;1
cam менеджер;917000;2;12;32;14;1;1;1;commercial;1
менеджер кам что это;173000;4;20;25;14;1;1;1;commercial;16
сервисы для приема донатов;544000;4;26;119;14;1;1;1;commercial;1
корнер это магазин;1000000;3;18;26;14;1;1;1;commercial;1
что делать если не получается войти в аккаунт телеграмм;3000000;9;55;79;14;1;1;1;commercial;1
менеджер по продвижению на маркетплейсах;988000;5;40;76;14;1;1;1;commercial;1
сейл менеджер;988000;2;13;75;14;1;1;1;commercial;1
хпв в продажах что это;684000;5;22;22;14;1;1;1;commercial;16
сервис временных почт;2000000;3;21;379;14;1;1;1;commercial;1
рассылка в майле как отправить сразу много писем;1000000;8;48;15;14;1;1;1;commercial;1
реферальная скидка что это;299000;4;26;21;14;1;1;1;commercial;16
захостить сайт бесплатно;3000000;3;24;46;14;1;1;1;commercial;1
черный лебедь в бизнесе;1000000;4;23;38;14;1;1;1;commercial;1
магазин дискаунтер что это;527000;4;26;80;14;1;1;1;commercial;16
что такое спин в продажах;435000;5;25;28;14;1;1;1;commercial;9
сервисы для смс рассылок;1000000;4;24;207;13;1;1;1;commercial;1
должность бизнес партнер;2000000;3;24;186;13;1;1;1;commercial;1
рекламные сервисы;1000000;2;17;2459;13;1;1;1;commercial;1
донат сервисы;812000;2;13;2270;13;1;1;1;commercial;1
определить шрифт кириллица по фото онлайн бесплатно;3000000;7;51;13;13;1;1;1;commercial;2
key account менеджер;597000;3;20;38;13;1;1;1;commercial;1
почта без регистрации бесплатно;3000000;4;31;91552;13;1;1;1;commercial;1
можно ли получить налоговый вычет за заочное платное обучение себя;2000000;10;66;18;13;1;1;1;commercial;1
старший менеджер по работе с ключевыми клиентами;2000000;7;48;103;13;1;1;1;commercial;1
что такое договор оферты на оказание услуг;607000;7;42;81;13;1;1;1;commercial;1
постоплата формулировка в договоре;335000;4;34;86;13;1;1;1;commercial;1
техника хпв в продажах;922000;4;22;86;13;1;1;1;commercial;1
не войти в телеграмм;10000;4;20;8453;12;1;1;1;commercial;1
конечный бенефициар бизнеса это;905000;4;31;14;12;1;1;1;commercial;1
менеджер по аутсорсингу;918000;3;23;195;12;1;1;1;commercial;1
бот рассылка телеграмм по чатам бесплатно;2000000;6;41;32;12;1;1;1;commercial;1
сервис для создания временной почты;2000000;5;35;46;12;1;1;1;commercial;1
кто такие камы в продажах;492000;5;25;48;12;1;1;1;commercial;12
смс рассылки сервисы;943000;3;20;839;12;1;1;1;commercial;1
регистрация по ссылке;2000000;3;21;17287;12;1;1;1;commercial;1
сервисы подписок;2000000;2;16;16687;12;1;1;1;commercial;1
crm зачем нужна;745000;3;15;92;11;1;1;1;commercial;1
интеграция unisender;56000;2;20;149;11;1;1;1;commercial;1
кто такой кам менеджер;154000;4;22;17;11;1;1;1;commercial;12
сервис работает некорректно;1000000;3;27;213;11;1;1;1;commercial;1
сервисы агрегаторы;749000;2;18;744;11;1;1;1;commercial;1
рассылка на номер;657000;3;17;1560;11;1;1;1;commercial;1
частичная оплата это;2000000;3;20;364;11;1;1;1;commercial;1
сервисы временной почты;1000000;3;23;379;11;1;1;1;commercial;1
топ бизнес литературы;1000000;3;21;108;11;1;1;1;commercial;1
техника трех да в продажах;1000000;5;26;25;10;1;1;1;commercial;1
заключение трудового договора с самозанятым;468000;5;43;88;10;1;1;1;commercial;1
сервис для сбора денег;2000000;4;22;88;10;1;1;1;commercial;1
3 д моделирование онлайн бесплатно на русском;3000000;7;45;42;10;1;1;1;commercial;4
твердая оферта;337000;2;14;67;10;1;1;1;commercial;1
вебинарная воронка;748000;2;18;68;10;1;1;1;commercial;1
лучшие подписки на сервисы;3000000;4;26;60;10;1;1;1;commercial;1
парабеллум бизнес тренер;756000;3;24;12;10;1;1;1;commercial;1
кам что это в продажах;407000;5;22;14;10;1;1;1;commercial;16
кабинетный метод исследования это;34000;4;33;18;10;1;1;1;commercial;1
аферта или оферта своими словами;704000;5;32;16;10;1;1;1;commercial;1
подписка на рассылку;1000000;3;20;1466;10;1;1;1;commercial;1
редакция текста это;2000000;3;19;356;10;1;1;1;commercial;1
project менеджеры;980000;2;17;1361;10;1;1;1;commercial;1
интеграция мессенджеров;99000;2;23;3029;10;1;1;1;commercial;1
менеджеры проектов;887000;2;18;33435;10;1;1;1;commercial;1
дискаунт магазин;1000000;2;16;190;10;1;1;1;commercial;1
должностные обязанности менеджера проекта;946000;4;41;114;10;1;1;1;commercial;1
сервис сбора донатов;1000000;3;20;130;10;1;1;1;commercial;1
сервисы по продаже билетов на мероприятия;677000;6;41;143;10;1;1;1;commercial;1
электронное уведомление о вручении заказного письма;729000;6;51;117;9;1;1;1;commercial;10
постпродажный сервис;1000000;2;20;127;9;1;1;1;commercial;1
емайл рассылка сервис;1000000;3;21;118;9;1;1;1;commercial;1
пассивная продажа это;78000;3;21;157;9;1;1;1;commercial;1
воронка продаж интернет магазина;1000000;4;32;45;9;1;1;1;commercial;1
сервисы для доната на стриме;847000;5;28;46;9;1;1;1;commercial;1
моржа или маржа в бизнесе что;804000;6;29;27;9;1;1;1;commercial;1
сервис временной почты бесплатно;2000000;4;32;24;9;1;1;1;commercial;1
эмейл рассылка;515000;2;14;58;9;1;1;1;commercial;1
е майл рассылка;700000;3;15;72;9;1;1;1;commercial;1
донаты сервисы;896000;2;14;2270;9;1;1;1;commercial;1
сервисы для рекламы;2000000;3;19;3233;9;1;1;1;commercial;1
найти цену по фото товара онлайн бесплатно;3000000;7;42;9;9;1;1;1;commercial;2
что делать если не могу войти в телеграмм;2000000;8;41;524;9;1;1;1;commercial;1
обязанности менеджера проектов;905000;3;30;545;9;1;1;1;commercial;1
телеграмм не могу войти по номеру телефона;3000000;7;42;1127;9;1;1;1;commercial;1
онлайн рассылка;1000000;2;15;1230;9;1;1;1;commercial;4
бесплатное приложение для отслеживания сна;2000000;5;42;82;8;1;1;1;commercial;1
кам менеджер по работе с ключевыми клиентами;2000000;7;44;26;8;1;1;1;commercial;1
чем отличается бизнес аккаунт от обычного;1000000;6;41;373;8;1;1;1;commercial;1
донатные сервисы для стримеров;1000000;4;30;10;8;1;1;1;commercial;1
три да в продажах;3000000;4;17;72;8;1;1;1;commercial;1
успевайте сделать заказ;1000000;3;23;354;8;1;1;1;commercial;11
постоплата как пишется правильно в договоре;550000;6;43;9;8;1;1;1;commercial;1
как вычислить стоимость товара;662000;4;30;88;8;1;1;1;commercial;14
спин продажа это;2000000;3;16;837;8;1;1;1;commercial;1
договор для фрилансера;340000;3;22;62;8;1;1;1;commercial;1
послеоплата;255000;1;11;148;8;1;1;1;commercial;1
монобрендовый магазин;1000000;2;21;107;8;1;1;1;commercial;1
договор пост оплаты;828000;3;19;196;8;1;1;1;commercial;1
полезные сервисы для бизнеса;2000000;4;28;37;8;1;1;1;commercial;1
как узнать о подписках на телефоне;2000000;6;34;104;8;1;1;1;commercial;1
подключить электронную почту на телефон бесплатно;2000000;6;49;50;8;1;1;1;commercial;1
fab это в продажах;2000000;4;18;15;7;1;1;1;commercial;1
что такое кабинетное исследование;154000;4;33;22;7;1;1;1;commercial;9
что такое кабинетные исследования;171000;4;33;22;7;1;1;1;commercial;9
почта бесплатно временно;2000000;3;24;1599;7;1;1;1;commercial;1
почему в предпринимательской деятельности кроме проекта обязательно нужен бизнес план;2000000;10;85;7;7;1;1;1;commercial;1
как отметить свой бизнес на яндекс карте;4000;7;40;16;7;1;1;1;commercial;1
интеграция юнисендер и битрикс 24;1000000;5;33;7;7;1;1;1;commercial;1
что такое стратегическая сессия в бизнесе;935000;6;41;11;7;1;1;1;commercial;9
можно ли поменять логин почты;2000000;5;29;92;7;1;1;1;commercial;1
дегустация в магазине;974000;3;21;535;7;1;1;1;commercial;1
запись сна бесплатно;2000000;3;20;424;7;1;1;1;commercial;1
сервисные бренды;739000;2;16;460;7;1;1;1;commercial;1
рассылка по номеру телефона;854000;4;27;655;7;1;1;1;commercial;1
курс инфографика бесплатно;1000000;3;26;1220;7;1;1;1;commercial;1
сервисы книг;2000000;2;12;4897;7;1;1;1;commercial;1
что такое трафик менеджер;231000;4;25;27;7;1;1;1;commercial;9
инфобизнеса;8000000;1;11;4453;7;1;1;1;commercial;1
рассылка спама;146000;2;14;8792;7;1;1;1;commercial;1
сервисы приема донатов;2000000;3;22;200;7;1;1;1;commercial;1
сервис подкастов;969000;2;16;105;7;1;1;1;commercial;1
сервисы для создания временной почты;2000000;5;36;41;7;1;1;1;commercial;1
виды заказчиков в производственном процессе;798000;5;43;42;7;1;1;1;commercial;17
полная себестоимость отражает все затраты на производство и реализацию складывается из;1000000;11;86;44;7;1;1;1;commercial;1
рекламный сервис;1000000;2;16;2459;7;1;1;1;commercial;1
обучение инстаграм бесплатно;1000000;3;28;40;7;1;1;1;commercial;1
обязанности торгового представителя по продажам должностные обязанности;382000;7;71;12;7;1;1;1;commercial;1
unisender интеграция с битрикс 24;1000000;5;33;7;7;1;1;1;commercial;1
скачала телеграмм и не могу войти;8000;6;33;27;6;1;1;1;commercial;1
сервис для создания квизов;1000000;4;26;30;6;1;1;1;commercial;1
донат сервисы в россии;2000000;4;22;203;6;1;1;1;commercial;1
сколько стоит рассылка по электронной почте;1000000;6;43;6;6;1;1;1;commercial;1
какую нишу выбрать для интернет магазина;1000000;6;40;7;6;1;1;1;commercial;1
задачи проектного менеджера;375000;3;27;232;6;1;1;1;commercial;1
как заключить трудовой договор с самозанятым;502000;6;44;103;6;1;1;1;commercial;1
мультибрендовые магазины это;2000000;3;28;97;6;1;1;1;commercial;18
приложение для редакции фото бесплатно;3000000;5;38;47;6;1;1;1;commercial;2
наглядная демонстрация это;2000000;3;26;72;6;1;1;1;commercial;18
простой интернет магазин;1000000;3;24;2332;6;1;1;1;commercial;1
рассылка mail;496000;2;13;3733;6;1;1;1;commercial;1
персональная продажа это;2000000;3;24;119;6;1;1;1;commercial;1
сервисный бренд;901000;2;15;460;6;1;1;1;commercial;1
за что отвечает менеджер проекта;1000000;5;32;20;6;1;1;1;commercial;1
воронка вопросов в продажах это техника;1000000;6;39;11;6;1;1;1;commercial;1
маркетинг интернет магазина;1000000;3;27;357;6;1;1;1;commercial;1
что значит постоплата в договоре;495000;5;32;10;6;1;1;1;commercial;1
виды товаров в магазине;1000000;4;23;1146;6;1;1;1;commercial;17
как раскрутить магазин в вк;1000000;5;27;11;6;1;1;1;commercial;1
mail рассылка;538000;2;13;3855;6;1;1;1;commercial;1
fab концепция что это в продажах;513000;6;32;7;6;1;1;1;commercial;16
самозанятый как написать в договоре;1000000;5;35;100;6;1;1;1;commercial;1
цена понижается в результате;1000000;4;28;29;5;1;1;1;commercial;1
примерами наступления социальной ответственности бизнеса являются;2000000;6;65;44;5;1;1;1;commercial;1
что означает оплата по факту;582000;5;28;46;5;1;1;1;commercial;1
возможной функцией упаковки конкретного товара которые необходимо привести в бизнес плане является;2000000;12;98;7;5;1;1;1;commercial;14
сервисы по приему платежей;2000000;4;26;163;5;1;1;1;commercial;1
менеджер активных продаж обязанности;808000;4;36;36;5;1;1;1;commercial;1
дайджест рассылка;181000;2;17;72;5;1;1;1;commercial;1
менеджер проектов должностные обязанности;808000;4;41;109;5;1;1;1;commercial;1
сервис unisender;1000000;2;16;73;5;1;1;1;commercial;1
сервисы отложенного постинга;811000;3;28;74;5;1;1;1;commercial;1
оплата за донат;1000000;3;15;112;5;1;1;1;commercial;1
рассылка в вайбере;101000;3;18;104;5;1;1;1;commercial;1
навыки менеджера проектов;967000;3;25;245;5;1;1;1;commercial;1
интеграция unisender и битрикс24;1000000;4;32;5;5;1;1;1;commercial;1
книги о бизнесе с нуля список лучших;2000000;7;36;5;5;1;1;1;commercial;1
сервисы сквозной аналитики рейтинг;1000000;4;34;7;5;1;1;1;commercial;1
корнер в магазине;1000000;3;17;113;5;1;1;1;commercial;1
должностные обязанности менеджера проектов;739000;4;42;114;5;1;1;1;commercial;1
продвижение телеграмм канала с нуля бесплатно;6000;6;45;5;5;1;1;1;commercial;1
технология спин в продажах;1000000;4;26;10;5;1;1;1;commercial;1
как искать заказы;743000;3;17;1470;5;1;1;1;commercial;1
unisender интеграция с amocrm;40000;4;29;5;5;1;1;1;commercial;1
что такое личные продажи в магазине;1000000;6;35;10;5;1;1;1;commercial;9
идеи бизнес подарков;1000000;3;20;160;5;1;1;1;commercial;1
gr и лоббистская деятельность в бизнесе и нко;1000000;8;45;15;5;1;1;1;commercial;1
прайс лист цена;1000000;3;15;79341;5;1;1;1;commercial;1
как купить и хранить биткоин;785000;5;28;38;5;1;1;1;commercial;1
онлайн подписки на сервисы;3000000;4;26;433;5;1;1;1;commercial;4
обязанности проект менеджера;914000;3;28;545;5;1;1;1;commercial;1
оплата после;728000;2;12;172966;5;1;1;1;commercial;1
в чем сущность концепции социальной ответственности бизнеса;1000000;7;59;7;5;1;1;1;commercial;1
флагман в продажах это;511000;4;22;6;5;1;1;1;commercial;1
собака рассылка;290000;2;15;11;4;1;1;1;commercial;1
логин для почты варианты;875000;4;24;33;4;1;1;1;commercial;1
человек который придумывает идеи для бизнеса;2000000;6;44;18;4;1;1;1;commercial;8
кабинетное маркетинговое исследование это;192000;4;41;16;4;1;1;1;commercial;1
блокировка рекламы и всплывающих окон в любых браузерах бесплатно;2000000;9;65;13;4;1;1;1;commercial;1
сервис донатов для ютуба;1000000;4;24;23;4;1;1;1;commercial;1
золотой треугольник в магазине;445000;4;30;21;4;1;1;1;commercial;1
приглашаем на вебинар;946000;3;21;330;4;1;1;1;commercial;1
задачи проект менеджера;973000;3;23;1057;4;1;1;1;commercial;1
менеджер с ключевыми клиентами;1000000;4;30;1670;4;1;1;1;commercial;1
рассылка электронных писем;1000000;3;26;803;4;1;1;1;commercial;1
нейросеть для создания персонажей бесплатно;2000000;5;43;125;4;1;1;1;commercial;1
из каких частей состоит бизнес план;2000000;6;35;5;4;1;1;1;commercial;1
магазин формата дискаунтер представляет собой магазин;1000000;6;53;4;4;1;1;1;commercial;1
что такое стратсессия в бизнесе;827000;5;31;5;4;1;1;1;commercial;9
как в вк создать магазин и продавать товары;2000000;8;43;4;4;1;1;1;commercial;1
должностные обязанности проджект менеджера;174000;4;42;8;4;1;1;1;commercial;1
юнисендер войти;2000000;2;15;10;4;1;1;1;commercial;1
сервисы для нетворкинга;885000;3;23;10;4;1;1;1;commercial;1
кейкаунт менеджер;838000;2;17;10;4;1;1;1;commercial;1
личная продажа это в маркетинге;1000000;5;31;32;4;1;1;1;commercial;1
значение слова себестоимость;625000;3;28;6;3;1;1;1;commercial;1
чем занимается промоутер в магазине;631000;5;35;4;3;1;1;1;commercial;1
для чего нужны облачные сервисы;1000000;5;31;17;3;1;1;1;commercial;1
массовая рассылка смс онлайн;2000000;4;28;10;3;1;1;1;commercial;4
массовая смс рассылка онлайн;2000000;4;28;10;3;1;1;1;commercial;4
кам менеджер обязанности;83000;3;24;16;3;1;1;1;commercial;1
при увеличении объема производства себестоимость единицы продукции;467000;7;66;31;3;1;1;1;commercial;1
впр в продажах;1000000;3;14;72;3;1;1;1;commercial;1
для чего используется бизнес план;1000000;5;33;26;3;1;1;1;commercial;1
аналог таплинк бесплатно;1000000;3;24;24;3;1;1;1;commercial;1
что такое социальная ответственность бизнеса;1000000;5;44;23;3;1;1;1;commercial;9
средняя стоимость чека;1000000;3;22;490;3;1;1;1;commercial;1
камы в продажах;365000;3;15;686;3;1;1;1;commercial;1
личная продажа это;2000000;3;18;650;3;1;1;1;commercial;1
корпоративный электронный адрес;817000;3;31;396;3;1;1;1;commercial;1
сервисы одноразовой почты;2000000;3;25;369;3;1;1;1;commercial;1
структуры бизнес плана;892000;3;22;2798;3;1;1;1;commercial;1
преимущества облачных сервисов;976000;3;30;110;3;1;1;1;commercial;1
клиентоориентированный бизнес;746000;2;29;81;3;1;1;1;commercial;1
как работает оферта;1000000;3;19;209;3;1;1;1;commercial;1
рассылка писем бесплатно;2000000;3;24;267;3;1;1;1;commercial;1
сквозная аналитика сервис;2000000;3;25;258;3;1;1;1;commercial;1
послепродажный сервис;830000;2;21;149;3;1;1;1;commercial;1
интернет рассылка это;2000000;3;21;181;3;1;1;1;commercial;1
проджект менеджер обязанности и задачи;406000;5;38;5;3;1;1;1;commercial;1
рассылка через вайбер;164000;3;21;5;3;1;1;1;commercial;1
поиск шрифта по картинке онлайн кириллица бесплатно;2000000;7;51;3;3;1;1;1;commercial;4
присоединение к клиенту в продажах;678000;5;34;3;3;1;1;1;commercial;1
стоимость затрат на производство и сбыт готовой продукции представляет собой;1000000;10;76;3;3;1;1;1;commercial;1
соц ответственность бизнеса это;1000000;4;31;3;3;1;1;1;commercial;1
себестоимость это в экономике кратко;20000;5;36;11;3;1;1;1;commercial;1
личная продажа предполагает;341000;3;27;13;3;1;1;1;commercial;1
чем занимается креативный менеджер;375000;4;34;10;3;1;1;1;commercial;1
где взять деньги на бизнес с нуля у государства;2000000;9;47;11;3;1;1;1;commercial;15
себестоимость единицы продукции определяется с помощью;1000000;6;54;7;3;1;1;1;commercial;1
правило трех да в продажах;2000000;5;26;7;3;1;1;1;commercial;1
что делают менеджеры проектов;1000000;4;29;352;3;1;1;1;commercial;1
реклама канала ютуб бесплатно;3000000;4;29;154;2;1;1;1;commercial;1
золотая полка это в магазине;767000;5;28;2;2;1;1;1;commercial;1
discounter магазин;175000;2;18;19;2;1;1;1;commercial;1
агентства crm маркетинга;338000;3;24;39;2;1;1;1;commercial;1
менеджер по управлению проектами это;596000;5;36;35;2;1;1;1;commercial;1
функции проджект менеджера;776000;3;26;34;2;1;1;1;commercial;1
инфобизнес сайт;2000000;2;15;36;2;1;1;1;commercial;1
сервисы по подписке;1000000;3;19;1215;2;1;1;1;commercial;1
сервис по подписке;2000000;3;18;1215;2;1;1;1;commercial;1
цена формируется на основе спроса и предложения при;899000;8;51;8;2;1;1;1;commercial;1
себестоимость продукции это суммарные затраты на;216000;6;48;8;2;1;1;1;commercial;1
внешняя реклама магазина;1000000;3;24;30;2;1;1;1;commercial;1
наилучшая цена для потребителя на продукт устанавливается в;2000000;8;59;5;2;1;1;1;commercial;1
сервисы для электронных книг;2000000;4;28;251;2;1;1;1;commercial;1
бизнес план это документ;1000000;4;24;245;2;1;1;1;commercial;1
выберите эффективные стратегии роста бизнеса;1000000;5;44;4;2;1;1;1;commercial;1
ключевые менеджеры это;2000000;3;22;244;2;1;1;1;commercial;1
емайл рассылка обучение;643000;3;23;5;2;1;1;1;commercial;1
приглашение на вебинар пример;269000;4;29;19;2;1;1;1;commercial;1
агрегатор сервисов;787000;2;18;741;2;1;1;1;commercial;1
себестоимость определение в экономике;429000;4;37;14;2;1;1;1;commercial;1
за счет чего можно снизить себестоимость;836000;6;40;9;2;1;1;1;commercial;1
производители хотят продавать продукцию по высоким ценам а потребители покупать ее по низким ценам;2000000;14;98;17;2;1;1;1;commercial;1
email рассылка цена;2000000;3;19;8;2;1;1;1;commercial;1
квалификация в продажах;580000;3;23;386;2;1;1;1;commercial;1
стратегия роста бизнеса;1000000;3;23;394;2;1;1;1;commercial;1
сервис для инфобизнеса;988000;3;22;23;2;1;1;1;commercial;1
частичная оплата по договору;677000;4;28;484;2;1;1;1;commercial;1
матрица бизнеса;694000;2;15;759;2;1;1;1;commercial;1
создать язык для телеграмм бесплатно на андроид на русском языке;3000000;10;64;11;2;1;1;1;commercial;1
виды инвесторов в бизнес;1000000;4;24;23;2;1;1;1;commercial;17
проджект менеджер навыки;322000;3;24;78;2;1;1;1;commercial;1
обучение email рассылкам;1000000;3;24;82;2;1;1;1;commercial;1
вебинарные воронки;546000;2;18;68;2;1;1;1;commercial;1
кто такой промоутер и его обязанности в магазине;700000;8;48;2;2;1;1;1;commercial;12
что прописать в договоре с самозанятым;522000;6;38;168;2;1;1;1;commercial;1
за счет чего можно снизить себестоимость продукции;1000000;7;50;2;2;1;1;1;commercial;1
инфобизнесе;8000;1;11;4448;2;1;1;1;commercial;1
лучший сервис для донатов;2000000;4;25;106;2;1;1;1;commercial;1
что такое бизнес партнер;635000;4;24;130;2;1;1;1;commercial;9
сервисы сбора донатов;2000000;3;21;131;2;1;1;1;commercial;1
реклама рассылка;889000;2;16;4029;2;1;1;1;commercial;1
какие затраты включаются в себестоимость;85000;5;40;113;2;1;1;1;commercial;1
стоимость email рассылки;1000000;3;24;58;2;1;1;1;commercial;1
рассылка рекламы в интернете;2000000;4;28;93;2;1;1;1;commercial;1
особенности заключения договора с самозанятым;62000;5;45;124;2;1;1;1;commercial;1
как уменьшить себестоимость;52000;3;27;120;2;1;1;1;commercial;1
почему клиент должен купить именно у вас;1000000;7;40;3;2;1;1;1;commercial;1
личные продажи в магазине это;1000000;5;29;51;2;1;1;1;commercial;1
ютуб канал для бизнеса;2000000;4;22;65;2;1;1;1;commercial;1
специалист по продвижению бизнеса;1000000;4;33;64;2;1;1;1;commercial;1
календари которые созданы мной в других сервисах и приложениях могут отображаться в google календаре;3000000;14;100;2;1;1;1;1;commercial;1
что такое таргетированная рассылка;124000;4;34;1;1;1;1;1;commercial;9
что такое себестоимость продукции тест;475000;5;38;1;1;1;1;1;commercial;9
если цена товара эластичного спроса снизилась то общая выручка продавца;318000;10;71;1;1;1;1;1;commercial;14
бесплатная рассылка писем;2000000;3;25;280;1;1;1;1;commercial;1
как сделать бизнес аккаунт в инстаграм через компьютер;2000000;8;54;1;1;1;1;1;commercial;11
постоплата значение;170000;2;19;13;1;1;1;1;commercial;1
разместить сайт бесплатно в интернете;3000000;5;37;109;1;1;1;1;commercial;1
чистая прибыль себестоимость это;220000;4;32;126;1;1;1;1;commercial;1
unisender интеграция с битрикс;52000;4;30;14;1;1;1;1;commercial;1
для чего нужен личный кабинет на сайте;2000000;7;38;30;1;1;1;1;commercial;1
социальная ответственность в бизнесе;1000000;4;36;452;1;1;1;1;commercial;1
как создать логин и пароль на телефоне;2000000;7;38;36;1;1;1;1;commercial;1
бизнес партнер это должность;222000;4;28;18;1;1;1;1;commercial;1
должностные обязанности проектного менеджера;257000;4;44;19;1;1;1;1;commercial;1
ключевые навыки менеджера проектов;1000000;4;34;17;1;1;1;1;commercial;1
кабинетные маркетинговые исследования это;183000;4;41;16;1;1;1;1;commercial;1
как уменьшить себестоимость продукции;171000;4;37;22;1;1;1;1;commercial;1
сервисы для инфобизнеса;833000;3;23;23;1;1;1;1;commercial;1
курсы по рассылкам;1000000;3;18;186;1;1;1;1;commercial;1
мейл рассылка;134000;2;13;189;1;1;1;1;commercial;1
управление продажами что это;444000;4;28;87;1;1;1;1;commercial;16
как рассчитывать стоимость товара;714000;4;33;84;1;1;1;1;commercial;14
методы цена образования;2000000;3;23;85;1;1;1;1;commercial;1
монобрендовые магазины;1000000;2;22;107;1;1;1;1;commercial;1
система постоплата;1000000;2;18;161;1;1;1;1;commercial;1
проект менеджер на английском;595000;4;29;53;1;1;1;1;commercial;1
рассылка на почту бесплатно;2000000;4;27;42;1;1;1;1;commercial;1
как составить грамотный бизнес план;1000000;5;35;71;1;1;1;1;commercial;7
чат бот создать бесплатно телеграм;2000000;5;34;58;1;1;1;1;commercial;1
crm система предназначена для;1000000;4;29;54;1;1;1;1;commercial;1
себестоимость это тест;425000;3;22;60;1;1;1;1;commercial;1
сколько стоит email рассылка;2000000;4;28;5;1;1;1;1;commercial;1
внутрикорпоративный pr это;2000000;3;26;2;1;1;1;1;commercial;1
какие бывают группы товаров в магазине;1000000;6;38;2;1;1;1;1;commercial;1
кабинетный анализ это;2000000;3;21;7;1;1;1;1;commercial;1
рассылка бесплатно;2000000;2;18;4112;1;1;1;1;commercial;1
признаки социальной ответственности бизнеса;793000;4;43;3;1;1;1;1;commercial;1
себестоимость продукции это тест с ответами;1000000;6;43;4;1;1;1;1;commercial;1
sels менеджер;625000;2;13;3;1;1;1;1;commercial;1
сервис для перевода голоса в текст;2000000;6;34;12;1;1;1;1;commercial;1
интернет магазин виды;2000000;3;21;1404;1;1;1;1;commercial;17
вебинарная воронка продаж;954000;3;25;8;1;1;1;1;commercial;1
сервисы подписки;1000000;2;16;16692;1;1;1;1;commercial;1
личная продажа;914000;2;14;16640;1;1;1;1;commercial;1
лучшая подписка;2000000;2;15;27962;1;1;1;1;commercial;1
услуга в маркетинге;637000;3;19;2630;1;1;1;1;commercial;1
кабинетные;27000;1;10;20246;1;1;1;1;commercial;1
автовебинар как сделать;621000;3;23;10;1;1;1;1;commercial;11
виды инфобизнеса;569000;2;16;9;1;1;1;1;commercial;17
если цена возрастает;983000;3;20;2222;1;1;1;1;commercial;1
к послепродажным услугам относятся;722000;4;34;3;0;1;1;1;commercial;1
закассовая зона в магазине;3000;4;26;3;0;1;1;1;commercial;1
автоматизация рекрутинга бесплатно;2000000;3;34;6;0;1;1;1;commercial;1
бесплатное размещение сайта в интернете;3000000;5;39;7;0;1;1;1;commercial;1
анализ конкуренции в бизнес плане;1000000;5;33;7;0;1;1;1;commercial;1
найти шрифт кириллица по картинке бесплатно;85000;6;43;8;0;1;1;1;commercial;1
себестоимость продукции это тест ответы;1000000;5;39;5;0;1;1;1;commercial;1
бильд редакция;18000;2;14;4;0;1;1;1;commercial;1
d2c модель бизнеса;3000000;3;18;4;0;1;1;1;commercial;1
рассылка по вайбер;171000;3;18;5;0;1;1;1;commercial;1
рассылка по вайберу;113000;3;19;5;0;1;1;1;commercial;1
основные типы конкурентных преимуществ и стратегий бизнеса;1000000;7;58;1;0;1;1;1;commercial;1
себестоимость продукции это кратко;188000;4;34;1;0;1;1;1;commercial;1
создание лендинга онлайн бесплатно;2000000;4;34;1;0;1;1;1;commercial;4
программа блокирующая рекламу в интернете бесплатно;3000000;6;51;1;0;1;1;1;commercial;1
как ты понимаешь словосочетание социальная ответственность бизнеса;1000000;7;66;1;0;1;1;1;commercial;1
что такое дискаунтеры в магазинах;442000;5;33;1;0;1;1;1;commercial;9
кто относится к субъектам управления продажами;36000;6;46;1;0;1;1;1;commercial;12
твердая оферта направляется;394000;3;27;1;0;1;1;1;commercial;1
сбор семантического ядра онлайн бесплатно;2000000;5;41;1;0;1;1;1;commercial;4
кого можно отнести к целевой аудитории в сфере бизнеса;2000000;9;54;1;0;1;1;1;commercial;1
как найти общую себестоимость;2000000;4;29;2;0;1;1;1;commercial;1
рассылка через viber;185000;3;20;3;0;1;1;1;commercial;1
техническое задание на дизайн проект магазина;1000000;6;45;3;0;1;1;1;commercial;1
программа для составления дорожной карты бесплатно;3000;6;50;2;0;1;1;1;commercial;1
персонифицированная смс рассылка;967000;3;32;2;0;1;1;1;commercial;1
крутые фильтры для фото бесплатно;2000000;5;33;2;0;1;1;1;commercial;2
массовая рассылка вайбер;426000;3;24;2;0;1;1;1;commercial;1
kam менеджер;948000;2;12;81;0;1;1;1;commercial;1
новые сервисы для бизнеса;490000;4;25;143;0;1;1;1;commercial;1
сервисы онлайн продажи билетов;3000000;4;30;138;0;1;1;1;commercial;4
курс бизнес инстаграм;969000;3;21;136;0;1;1;1;commercial;1
интернет сервисы для бизнеса;2000000;4;28;104;0;1;1;1;commercial;1
сервисы подкастов;828000;2;17;105;0;1;1;1;commercial;1
приложение в бизнес плане;1000000;4;25;109;0;1;1;1;commercial;1
сервисы для продажи билетов;2000000;4;27;121;0;1;1;1;commercial;1
маркетинговый сценарий;145000;2;22;50;0;1;1;1;commercial;1
цена и ценовая политика предприятия;917000;5;35;53;0;1;1;1;commercial;1
золотая полка в магазине;1000000;4;24;45;0;1;1;1;commercial;1
понятие корпоративный имидж;128000;3;27;66;0;1;1;1;commercial;1
приветственная рассылка;130000;2;23;73;0;1;1;1;commercial;1
адрес электронной почты создать бесплатно на телефоне;2000000;7;53;58;0;1;1;1;commercial;1
свот анализ бизнеса;1000000;3;19;56;0;1;1;1;commercial;1
как называется личный кабинет;626000;4;29;713;0;1;1;1;commercial;1
сервисы продажи билетов на мероприятия онлайн;3000000;6;45;61;0;1;1;1;commercial;4
бесплатно блокираторы рекламы;2000000;3;29;814;0;1;1;1;commercial;1
использование облачных сервисов;1000000;3;31;443;0;1;1;1;commercial;1
задачи бизнес процесса;1000000;3;22;2984;0;1;1;1;commercial;1
задачи менеджера проектов;1000000;3;25;1057;0;1;1;1;commercial;1
виды интернет магазина;1000000;3;22;1404;0;1;1;1;commercial;17
бенефициар бизнеса;901000;2;18;205;0;1;1;1;commercial;1
предложение лица заключить договор называется;1000000;5;45;169;0;1;1;1;commercial;1
смс рассылка текст;684000;3;18;168;0;1;1;1;commercial;1
файлообменник до 50 гб бесплатно;2000000;5;32;246;0;1;1;1;commercial;1
информационный бизнес виды;1000000;3;26;233;0;1;1;1;commercial;17
план сбыта в бизнес плане;931000;5;25;298;0;1;1;1;commercial;1
стоимость бренда это;2000000;3;20;239;0;1;1;1;commercial;1
облачные сервисы кратко;959000;3;23;14;0;1;1;1;commercial;1
виды блогинга;633000;2;13;14;0;1;1;1;commercial;17
что называют себестоимостью продукции;427000;4;37;15;0;1;1;1;commercial;1
основы блогинга;278000;2;15;13;0;1;1;1;commercial;1
сервис по приему онлайн платежей;3000000;5;32;16;0;1;1;1;commercial;4
планирование бизнеса на 5 лет;3000000;5;29;17;0;1;1;1;commercial;1
дайте определение понятию себестоимость;1000000;4;39;16;0;1;1;1;commercial;1
сервис для нетворкинга;2000000;3;22;10;0;1;1;1;commercial;1
главной задачей бизнес плана является;2000000;5;37;9;0;1;1;1;commercial;1
метод ценообразования при котором цена формируется за счет рассчитанной себестоимости единицы;299000;11;93;9;0;1;1;1;commercial;1
воронка продаж в интернет магазине;1000000;5;34;12;0;1;1;1;commercial;1
если цена на товар понизится то спрос;840000;7;37;12;0;1;1;1;commercial;1
назначение и содержание бизнес плана;1000000;5;36;12;0;1;1;1;commercial;1
функциональные обязанности менеджера проекта;1000000;4;44;29;0;1;1;1;commercial;1
агрессивный сервис;2000000;2;18;28;0;1;1;1;commercial;1
что называют себестоимостью;269000;3;27;30;0;1;1;1;commercial;1
товарные стратегии бизнеса;1000000;3;26;37;0;1;1;1;commercial;1
ниши для интернет магазина;663000;4;26;38;0;1;1;1;commercial;1
основное назначение бизнес плана;1000000;4;32;22;0;1;1;1;commercial;1
для чего предназначены облачные сервисы;1000000;5;39;22;0;1;1;1;commercial;1
социальная ответственность бизнеса доклад;1000000;4;41;20;0;1;1;1;commercial;1
сервисы временной электронной почты;2000000;4;35;26;0;1;1;1;commercial;1
что такое реклама в рассылках;36000;5;29;27;0;1;1;1;commercial;9
ии для создания видео бесплатно;3000000;5;31;8024;1764;1;2;2;commercial;1
наложить музыку на видео бесплатно;3000000;5;34;10886;603;1;2;2;commercial;1
нейросеть онлайн бесплатно без регистрации на русском;3000000;7;53;9907;564;1;2;2;commercial;4
создать видео нейросеть онлайн бесплатно;4000000;5;40;3051;411;1;2;2;commercial;4
видео нейросеть онлайн бесплатно;3000000;4;32;16707;395;1;2;2;commercial;4
улучшить качество видео бесплатно нейросеть;3000000;5;43;1091;382;1;2;2;commercial;1
блогинг;31000;1;7;3903;390;1;2;2;commercial;1
файлообменник для больших файлов бесплатно;2000000;5;42;896;361;1;2;2;commercial;1
инфобизнес;3000;1;10;4445;358;1;2;2;commercial;1
нейросеть кандинский онлайн бесплатно без регистрации на русском;3000000;8;64;395;335;1;2;2;commercial;4
как сделать бизнес аккаунт в инстаграм;2000000;6;38;1145;331;1;2;2;commercial;11
нейросеть бесплатно на русском;2000000;4;30;135090;316;1;2;2;commercial;1
как купить виртуальный номер;1000000;4;28;1547;280;1;2;2;commercial;1
регистрация на сайте;3000000;3;20;146790;227;1;2;2;commercial;1
блогинг это;2000000;2;11;428;226;1;2;2;commercial;18
как раскрутить интернет магазин;868000;4;31;292;201;1;2;2;commercial;1
сервис аналитики;2000000;2;16;15479;184;1;2;2;commercial;1
как продвигать интернет магазин;889000;4;31;599;179;1;2;2;commercial;1
емейл рассылка;431000;2;14;2539;169;1;2;2;commercial;1
себестоимость включает производственную себестоимость и внепроизводственные коммерческие расходы;685000;8;96;198;157;1;2;2;commercial;1
что такое рассылка;138000;3;18;1640;157;1;2;2;commercial;9
бизнес аккаунт телеграмм;2000000;3;24;1512;159;1;2;2;commercial;1
контакт моя страница войти без пароля и логина по номеру телефона бесплатно;3000000;12;75;816;156;1;2;2;commercial;1
выявление потребностей в продажах;567000;4;33;889;156;1;2;2;commercial;1
бизнес форумы;935000;2;13;23184;139;1;2;2;commercial;1
менеджер по проектам;1000000;3;20;5085;133;1;2;2;commercial;1
как войти во второй аккаунт в телеграмме;3000000;7;40;356;127;1;2;2;commercial;1
кей аккаунт менеджер;861000;3;20;286;122;1;2;2;commercial;1
спам рассылка;199000;2;13;8792;109;1;2;2;commercial;1
что значит пост оплата;1000000;4;22;535;109;1;2;2;commercial;1
бизнес конференция;1000000;2;18;6525;107;1;2;2;commercial;1
постоплата что;2000000;2;14;16585;105;1;2;2;commercial;1
аффилейт менеджер;164000;2;17;297;103;1;2;2;commercial;1
affiliate менеджер;179000;2;18;342;95;1;2;2;commercial;1
стикеры прикольные бесплатно;2000000;3;28;6247;86;1;2;2;commercial;1
оплата по факту;1000000;3;15;7775;83;1;2;2;commercial;1
как сделать бизнес аккаунт в инсте;2000000;6;34;222;82;1;2;2;commercial;11
как в инсте сделать бизнес аккаунт;1000000;6;34;222;82;1;2;2;commercial;11
как получить субсидию на бизнес от государства безвозмездно;2000000;8;59;663;80;1;2;2;commercial;1
что такое рекламная интеграция;70000;4;30;142;78;1;2;2;commercial;9
sender рассылка;127000;2;15;160;77;1;2;2;commercial;1
как сделать инстаграм бизнес аккаунт;1000000;5;36;1351;76;1;2;2;commercial;11
как инстаграм сделать бизнес аккаунт;1000000;5;36;1351;76;1;2;2;commercial;11
бизнес аккаунт инстаграм как сделать;2000000;5;36;1355;76;1;2;2;commercial;11
как сделать бизнес аккаунт инстаграм;2000000;5;36;1351;76;1;2;2;commercial;11
инстаграм как сделать бизнес аккаунт;2000000;5;36;1351;76;1;2;2;commercial;11
что делает мерчендайзер в магазине;924000;5;34;146;73;1;2;2;commercial;1
мерчендайзер что делает в магазине;816000;5;34;146;73;1;2;2;commercial;1
моя страница вконтакте войти прямо на страницу без пароля и логина по номеру телефона;3000000;14;85;409;71;1;2;2;commercial;1
бизнес партнер это;2000000;3;18;1670;71;1;2;2;commercial;18
стоимость по фото;1000000;3;17;2434;70;1;2;2;commercial;2
спин в продажах это;487000;4;19;161;69;1;2;2;commercial;1
спин это в продажах;2000000;4;19;161;69;1;2;2;commercial;1
кам в продажах расшифровка;397000;4;26;72;68;1;2;2;commercial;1
сервис для создания вишлистов;1000000;4;29;103;66;1;2;2;commercial;1
сейлз менеджер это;2000000;3;18;121;66;1;2;2;commercial;1
e mail рассылка;968000;3;15;2508;63;1;2;2;commercial;1
продвижение телеграмм канала бесплатно;7000;4;38;148;63;1;2;2;commercial;1
кабинетные исследования это;2000000;3;27;179;61;1;2;2;commercial;1
vk work mail войти в почту;3000000;6;26;84;58;1;2;2;commercial;1
как открыть валберис магазин;1000000;4;28;511;56;1;2;2;commercial;1
как сделать бизнес аккаунт в инстаграме;2000000;6;39;1145;55;1;2;2;commercial;11
как сделать аккаунт в инстаграме бизнес;1000000;6;39;1145;55;1;2;2;commercial;11
сервисы для чтения электронных книг;1000000;5;35;153;55;1;2;2;commercial;1
как в инстаграме сделать бизнес аккаунт;1000000;6;39;1145;55;1;2;2;commercial;11
что такое корнер в магазине;457000;5;27;59;52;1;2;2;commercial;9
техника хпв в продажах это;796000;5;26;55;51;1;2;2;commercial;1
собрать семантическое ядро онлайн бесплатно;2000000;5;43;52;51;1;2;2;commercial;4
как у государства взять деньги на открытие бизнеса;2000000;8;50;203;51;1;2;2;commercial;1
влогинг;3000;1;7;354;50;1;2;2;commercial;1
почему не могу войти в телеграмм на телефоне;6000;8;44;114;48;1;2;2;commercial;1
бизнес аккаунт в инстаграм;1000000;4;26;6481;47;1;2;2;commercial;1
прожект менеджер;799000;2;16;258;46;1;2;2;commercial;1
обязанности торгового представителя по продажам;601000;5;47;78;46;1;2;2;commercial;1
инстаграм бизнес аккаунт;1000000;3;24;7534;45;1;2;2;commercial;1
почему не могу войти в телеграмм по номеру телефона;3000000;9;51;83;45;1;2;2;commercial;1
как получить деньги для открытия малого бизнеса от государства;2000000;9;62;56;45;1;2;2;commercial;1
распознать предмет по фото онлайн бесплатно;2000000;6;43;181;45;1;2;2;commercial;2
бизнес аккаунт инстаграм;1000000;3;24;7595;45;1;2;2;commercial;1
вконтакте моя страница войти на мою страницу без пароля и логина бесплатно с телефона бесплатно;3000000;15;95;1204;44;1;2;2;commercial;1
блокировщик рекламы бесплатно;2000000;3;29;3711;44;1;2;2;commercial;1
создать электронную почту на телефоне андроид бесплатно;2000000;7;55;2044;43;1;2;2;commercial;1
пост оплата или постоплата;901000;4;26;209;43;1;2;2;commercial;1
постоплата или пост оплата;1000000;4;26;209;43;1;2;2;commercial;1
конструкторы интернет магазинов;1000000;3;31;3347;43;1;2;2;commercial;1
донат сервис;494000;2;12;2270;43;1;2;2;commercial;1
100 постоплата;2000000;2;14;576;41;1;2;2;commercial;1
кам в продажах это;435000;4;18;219;41;1;2;2;commercial;1
вконтакте моя страница вход на мою страницу без пароля и логина бесплатно с телефона войти;3000000;15;90;950;41;1;2;2;commercial;1
аффилейт менеджер это;2000000;3;21;64;41;1;2;2;commercial;1
кам это в продажах;2000000;4;18;219;41;1;2;2;commercial;1
программа наложить музыку на видео бесплатно;3000000;6;44;240;41;1;2;2;commercial;1
как купить номер телефона в интернете;2000000;6;37;73;39;1;2;2;commercial;1
как подключить бизнес аккаунт в инстаграм;969000;6;41;60;39;1;2;2;commercial;1
дзен регистрация канала;2000000;3;23;818;40;1;2;2;commercial;1
как купить вирт номер;1000000;4;21;236;39;1;2;2;commercial;1
кабинетное исследование это;2000000;3;27;179;39;1;2;2;commercial;1
название магазина как придумать;831000;4;31;478;39;1;2;2;commercial;1
рассылка что это;2000000;3;16;2587;39;1;2;2;commercial;16
рассылка это что;3000000;3;16;2587;39;1;2;2;commercial;16
инфобизнесмен;5000;1;13;465;38;1;2;2;commercial;1
управление продажами это;2000000;3;24;765;38;1;2;2;commercial;1
affiliate менеджер это;2000000;3;22;67;38;1;2;2;commercial;1
почему не могу войти в телеграмм;3000000;6;32;432;38;1;2;2;commercial;1
мультибрендовый магазин это;2000000;3;27;97;37;1;2;2;commercial;1
как купить номер телефона онлайн;3000000;5;32;160;37;1;2;2;commercial;4
определить стоимость по фото;2000000;4;28;230;35;1;2;2;commercial;2
демпинговая цена;1000000;2;16;464;36;1;2;2;commercial;1
вк почта для бизнеса;2000000;4;20;41;35;1;2;2;commercial;1
кабинетные исследования;158000;2;23;846;35;1;2;2;commercial;1
монтаж видео обучение с нуля бесплатно;3000000;6;38;55;33;1;2;2;commercial;1
хпв это в продажах;2000000;4;18;102;33;1;2;2;commercial;1
создать онлайн магазин;2000000;3;22;899;33;1;2;2;commercial;4
сервис одноразовой почты;1000000;3;24;369;33;1;2;2;commercial;1
сервисы для чтения книг;1000000;4;23;424;33;1;2;2;commercial;1
как в инстаграмме сделать бизнес аккаунт;2000000;6;40;124;32;1;2;2;commercial;11
vk почта для бизнеса;1000000;4;20;43;32;1;2;2;commercial;1
сделать лендинг бесплатно с готовыми шаблонами;2000000;6;46;33;32;1;2;2;commercial;11
партнер это в бизнесе;3000000;4;21;695;32;1;2;2;commercial;1
как сделать бизнес аккаунт в инстаграмме;2000000;6;40;124;32;1;2;2;commercial;11
передача больших файлов через интернет бесплатно;3000000;6;48;32;32;1;2;2;commercial;1
сервисы сквозной аналитики;273000;3;26;258;32;1;2;2;commercial;1
как создать бизнес аккаунт в инстаграм;2000000;6;38;85;32;1;2;2;commercial;1
проджект менеджер на английском;472000;4;31;40;30;1;2;2;commercial;1
sales менеджер;976000;2;14;583;30;1;2;2;commercial;1
logomaster ai бесплатно;2000000;3;23;40;29;1;2;2;commercial;1
рекламная интеграция что это;170000;4;28;72;29;1;2;2;commercial;16
что такое пост оплата за товар;944000;6;30;43;29;1;2;2;commercial;9
что такое дискаунтер магазин;472000;4;28;109;29;1;2;2;commercial;9
hr сервис;1000000;2;9;1136;29;1;2;2;commercial;1
прикассовая зона в магазине;967000;4;27;119;29;1;2;2;commercial;1
загрузить с ютуба бесплатно;2000000;4;27;129;28;1;2;2;commercial;1
вишлист составить онлайн бесплатно;2000000;4;34;107;28;1;2;2;commercial;7
спин продажа;1000000;2;12;6036;28;1;2;2;commercial;1
курс по маркетингу бесплатно;2000000;4;28;793;28;1;2;2;commercial;1
активное слушание в продажах;586000;4;28;181;28;1;2;2;commercial;1
корпоративный имидж;121000;2;19;1154;27;1;2;2;commercial;1
чат gpt 4 бесплатно на русском;3000000;6;30;182;27;1;2;2;commercial;1
рассылка по почте;1000000;3;17;2932;26;1;2;2;commercial;1
бизнес аккаунт в телеграм;2000000;4;25;292;25;1;2;2;commercial;1
как получить ссуду на бизнес от государства безвозмездно;2000000;8;56;26;24;1;2;2;commercial;1
социальная ответственность бизнеса проявляется путем;1000000;5;52;35;24;1;2;2;commercial;1
посоплата или постоплата;12000;3;24;40;24;1;2;2;commercial;1
конструкторы для интернет магазина;1000000;4;34;1106;24;1;2;2;commercial;1
онлайн опрос бесплатно;2000000;3;22;1889;23;1;2;2;commercial;4
техники активного слушания в продажах;803000;5;37;90;23;1;2;2;commercial;1
пробная подписка;549000;2;16;14188;22;1;2;2;commercial;1
просмотр сторис инстаграм бесплатно;2000000;4;35;1842;22;1;2;2;commercial;1
сервис для чтения книг;1000000;4;22;424;22;1;2;2;commercial;1
блокировка рекламы бесплатно;2000000;3;28;1294;22;1;2;2;commercial;1
корпоративный емейл это;2000000;3;23;21;21;1;2;2;commercial;1
акция ограничена;1000000;2;16;2098;21;1;2;2;commercial;1
лендинг бесплатно;1000000;2;17;1435;21;1;2;2;commercial;1
инфографика курсы бесплатно;2000000;3;27;1201;21;1;2;2;commercial;1
cms интернет магазин;1000000;3;20;738;21;1;2;2;commercial;1
что подарить партнерам по бизнесу;1000000;5;33;145;21;1;2;2;commercial;16
распродажа что это;2000000;3;18;814;20;1;2;2;commercial;16
рассылка по номерам телефонов;2000000;4;29;655;20;1;2;2;commercial;1
сервисы для изучения английского;1000000;4;32;303;20;1;2;2;commercial;1
продажа рекламы в телеграмме;10000;4;28;164;20;1;2;2;commercial;1
метод спин в продажах это;491000;5;25;20;20;1;2;2;commercial;1
сервис по рассылке писем по e mail;1000000;7;34;43;19;1;2;2;commercial;1
не могу войти в телеграмм на компьютере;2000000;7;39;39;19;1;2;2;commercial;1
рассылка email по своей базе;939000;5;28;47;19;1;2;2;commercial;1
создать телеграмм бота онлайн бесплатно;3000000;5;39;50;19;1;2;2;commercial;4
страница в вк для бизнеса;1000000;5;25;586;19;1;2;2;commercial;1
какие пункты выдачи заказов можно открыть;2000000;6;41;28;19;1;2;2;commercial;1
кам менеджер это;2000000;3;16;279;19;1;2;2;commercial;1
бесплатно разместить сайт;3000000;3;25;1238;19;1;2;2;commercial;1
cpa менеджер;209000;2;12;85;19;1;2;2;commercial;1
hr сервисы;1000000;2;10;1135;18;1;2;2;commercial;1
как придумать название для магазина;820000;5;35;137;18;1;2;2;commercial;1
кто такой бизнес партнер;1000000;4;24;166;18;1;2;2;commercial;12
подписки на сервисы;2000000;3;19;6431;18;1;2;2;commercial;1
виды клиентов в продажах;827000;4;24;243;18;1;2;2;commercial;17
проджект менеджер кто;974000;3;21;1042;18;1;2;2;commercial;12
разместить сайт бесплатно;3000000;3;25;1205;18;1;2;2;commercial;1
wb как открыть пункт выдачи заказов;1000000;6;35;24;18;1;2;2;commercial;1
вк страница для бизнеса;2000000;4;23;758;18;1;2;2;commercial;1
деньги под бизнес от государства;1000000;5;32;97;18;1;2;2;commercial;1
как определить целевую аудиторию для бизнеса;1000000;6;44;26;17;1;2;2;commercial;1
сервис временной электронной почты;2000000;4;34;26;17;1;2;2;commercial;1
курсы инфографика бесплатно;2000000;3;27;1203;17;1;2;2;commercial;1
где взять деньги на развитие бизнеса с нуля у государства;2000000;10;57;19;17;1;2;2;commercial;15
холодная рассылка;269000;2;17;550;17;1;2;2;commercial;1
сервис аналитик;2000000;2;15;15479;17;1;2;2;commercial;1
в контакте моя страница открыть мою страницу без логина и пароля войти;2000000;12;70;467;17;1;2;2;commercial;1
рассылка рекламы;1000000;2;16;4029;17;1;2;2;commercial;1
информационный бизнес;2000000;2;21;12543;17;1;2;2;commercial;1
сервис для создания интерактивных карт;2000000;5;38;67;17;1;2;2;commercial;1
комбинированная подписка на онлайн сервисы;2000000;5;42;106;17;1;2;2;commercial;4
как называется оплата после получения товара;1000000;6;44;25;16;1;2;2;commercial;14
страница для бизнеса вк;2000000;4;23;774;16;1;2;2;commercial;1
рассылка майл;448000;2;13;2701;16;1;2;2;commercial;1
что значит дискаунтер магазин;118000;4;29;55;16;1;2;2;commercial;1
парабеллум инфобизнес;6000;2;21;40;16;1;2;2;commercial;1
максимальная цена товара определяется;800000;4;37;118;16;1;2;2;commercial;14
как назвать свою компанию в бизнесе;1000000;6;35;32;16;1;2;2;commercial;1
корпоративный имидж это;2000000;3;23;107;16;1;2;2;commercial;1
оплата сразу как называется;525000;4;27;39;16;1;2;2;commercial;1
таргетированная рассылка;962000;2;24;408;16;1;2;2;commercial;1
условия оплаты постоплата;2000000;3;25;207;16;1;2;2;commercial;1
рассылка почты;1000000;2;14;17793;15;1;2;2;commercial;1
яндекс дзен регистрация канала;2000000;4;30;163;15;1;2;2;commercial;1
crm агентство;593000;2;13;913;15;1;2;2;commercial;1
как получить гос помощь на развитие малого бизнеса от государства;3000;10;65;22;15;1;2;2;commercial;1
аффилиат менеджер это;2000000;3;21;24;15;1;2;2;commercial;1
улучшить видео через нейросеть бесплатно;3000000;5;40;57;15;1;2;2;commercial;1
sales менеджер это;2000000;3;18;71;15;1;2;2;commercial;1
наложить музыку на видео приложение бесплатное;3000000;6;46;666;14;1;2;2;commercial;1
сервис емайл рассылок;1000000;3;21;117;14;1;2;2;commercial;1
камы это в продажах;2000000;4;19;219;14;1;2;2;commercial;1
магазины дискаунтеры что это;437000;4;28;80;14;1;2;2;commercial;16
сервисы для аналитики;1000000;3;21;2637;14;1;2;2;commercial;1
монобрендовый магазин это;2000000;3;25;18;14;1;2;2;commercial;1
приложение которое записывает звуки во время сна айфон бесплатно;3000000;9;64;14;14;1;2;2;commercial;1
корпоративный домен это;2000000;3;23;55;14;1;2;2;commercial;1
дискаунтер магазин что это;513000;4;26;79;14;1;2;2;commercial;16
алгоритм отработки возражений в продажах;435000;5;40;29;14;1;2;2;commercial;1
длинный хвост бизнес модель;1000000;4;27;37;14;1;2;2;commercial;1
оферта на заключение договора образец;606000;5;37;80;14;1;2;2;commercial;1
лучший почтовый сервис;2000000;3;22;334;13;1;2;2;commercial;1
сервисы для онлайн чтения книг;2000000;5;30;24;13;1;2;2;commercial;4
распродажа что значит;374000;3;21;358;13;1;2;2;commercial;1
сервисы онлайн оплаты;3000000;3;21;1512;13;1;2;2;commercial;4
контакты моя страница открыть без пароля и логина;2000000;8;49;805;13;1;2;2;commercial;1
онлайн сервисы для чтения книг;2000000;5;30;21;13;1;2;2;commercial;4
описание бизнес модели;1000000;3;22;570;13;1;2;2;commercial;1
пересылка больших файлов бесплатно;2000000;4;34;29;13;1;2;2;commercial;1
определить шрифт по фото онлайн бесплатно кириллица;2000000;7;51;13;13;1;2;2;commercial;2
serm менеджер;392000;2;13;35;13;1;2;2;commercial;1
смс сервисы для отправки сообщений;2000000;5;34;35;13;1;2;2;commercial;1
последующая оплата;1000000;2;18;2203;13;1;2;2;commercial;1
сервис для сбора донатов;2000000;4;24;83;13;1;2;2;commercial;1
бесплатное приложение для фото с фильтрами;2000000;6;42;86;13;1;2;2;commercial;2
small talk в продажах;503000;4;21;107;13;1;2;2;commercial;1
что значит рассылка;324000;3;19;713;12;1;2;2;commercial;1
какие комбинированные подписки на онлайн сервисы вы знаете;1000000;8;58;20;12;1;2;2;commercial;4
как можно назвать свою компанию бизнес;2000000;6;38;12;12;1;2;2;commercial;1
сейлс менеджер;819000;2;14;148;12;1;2;2;commercial;1
сервис для чтения электронных книг;1000000;5;34;139;12;1;2;2;commercial;1
для чего нужен личный кабинет;1000000;5;29;1146;12;1;2;2;commercial;1
сервис рассылок в телеграм;2000000;4;26;141;12;1;2;2;commercial;1
дзен бизнес;11000;2;11;2898;12;1;2;2;commercial;1
трейд менеджер;831000;2;14;484;12;1;2;2;commercial;1
сервис агрегатор;1000000;2;16;744;12;1;2;2;commercial;1
как поставить бизнес аккаунт в инстаграм;1000000;6;40;24;12;1;2;2;commercial;1
бесплатная email рассылка;2000000;3;25;219;12;1;2;2;commercial;1
определить русский шрифт по фото онлайн бесплатно;3000000;7;49;15;12;1;2;2;commercial;2
договор между двумя самозанятыми;3000000;4;32;48;12;1;2;2;commercial;1
если спрос повышается то равновесная цена;695000;6;41;32;12;1;2;2;commercial;1
таргетированная рассылка это;1000000;3;28;70;12;1;2;2;commercial;1
сервисы рассылки email;2000000;3;22;1358;11;1;2;2;commercial;1
техника spin в продажах;651000;4;23;61;12;1;2;2;commercial;1
кабинетные исследования в маркетинге это;237000;5;40;16;11;1;2;2;commercial;1
онлайн сервисы для бизнеса;3000000;4;26;369;11;1;2;2;commercial;4
что подарить партнеру по бизнесу на день рождения;2000000;8;49;41;11;1;2;2;commercial;1
cpa менеджер это;2000000;3;16;12;11;1;2;2;commercial;1
сэмпл это в продажах;2000000;4;20;14;11;1;2;2;commercial;1
как открыть бизнес аккаунт в инстаграм;2000000;6;38;16;11;1;2;2;commercial;1
система спин в продажах;838000;4;23;17;11;1;2;2;commercial;1
подписка на сервисы;2000000;3;19;6431;11;1;2;2;commercial;1
создать почту на телефоне бесплатно;2000000;5;35;8268;11;1;2;2;commercial;1
взаимовыгодное сотрудничество письмо;404000;3;36;167;11;1;2;2;commercial;1
навыки менеджера маркетплейсов;240000;3;30;420;11;1;2;2;commercial;1
рекламная интеграция это простыми;844000;4;33;112;11;1;2;2;commercial;6
менеджер маркетплейсов функционал;244000;3;33;108;11;1;2;2;commercial;1
сервисы для создания майнд карт;2000000;5;31;22;10;1;2;2;commercial;1
емейл рассылка бесплатно;2000000;3;24;46;10;1;2;2;commercial;1
селс менеджер;188000;2;13;27;10;1;2;2;commercial;1
холодная рассылка это;2000000;3;21;34;10;1;2;2;commercial;1
создать канал на дзен регистрация бесплатно прямо сейчас;4000000;8;56;10;10;1;2;2;commercial;1
сервисы с музыкой без авторских прав;1000000;6;36;15;10;1;2;2;commercial;1
оферта образец форма предложение заключить договор;874000;6;50;10;10;1;2;2;commercial;1
как открыть озон или вайлдберриз пункт выдачи заказов;855000;8;53;12;10;1;2;2;commercial;1
интернет рассылка;1000000;2;17;1348;10;1;2;2;commercial;1
mail ru рассылка;2000000;3;16;760;10;1;2;2;commercial;1
что такое horeca в продажах;490000;5;27;136;10;1;2;2;commercial;9
sla соглашение об уровне сервиса;2000000;5;32;64;10;1;2;2;commercial;1
стоимость привлеченного клиента;1000000;3;31;133;10;1;2;2;commercial;1
мультиподписка;3000;1;14;230;10;1;2;2;commercial;1
что такое лайтбокс в магазине;456000;5;29;20;9;1;2;2;commercial;9
задачи менеджера маркетплейсов;440000;3;30;229;9;1;2;2;commercial;1
pr акция;1000000;2;8;317;9;1;2;2;commercial;1
бесплатное продвижение ютуб канала;2000000;4;34;41;9;1;2;2;commercial;1
лендинг сделать самому бесплатно;2000000;4;32;34;9;1;2;2;commercial;11
соц ответственность бизнеса;1000000;3;27;42;9;1;2;2;commercial;1
программа наложить звук на видео бесплатно;3000000;6;42;21;9;1;2;2;commercial;1
как рекламировать интернет магазин;687000;4;34;48;9;1;2;2;commercial;1
как создать бизнес аккаунт в инстаграме;2000000;6;39;85;9;1;2;2;commercial;1
оплата по факту получения товара;823000;5;32;102;9;1;2;2;commercial;14
если предложение повышается то равновесная цена;796000;6;47;26;9;1;2;2;commercial;1
приемы в продажах;3000;3;17;2588;9;1;2;2;commercial;1
сервис книг;2000000;2;11;4897;9;1;2;2;commercial;1
сквозной сервис;1000000;2;15;490;9;1;2;2;commercial;1
предоплата постоплата;54000;2;21;1100;9;1;2;2;commercial;1
структура бизнес процесса;984000;3;25;1116;9;1;2;2;commercial;1
конференция для бизнеса;2000000;3;23;852;9;1;2;2;commercial;1
o2o бизнес модель что это;4000000;5;25;8;8;1;2;2;commercial;16
whois сервис это;3000000;3;16;32;8;1;2;2;commercial;1
gpt 4 бесплатно на русском;3000000;5;26;497;8;1;2;2;commercial;1
нейросеть для разработки логотипа бесплатно;2000000;5;43;10;8;1;2;2;commercial;1
как купить виртуальный номер телефона для регистрации;2000000;7;53;13;8;1;2;2;commercial;1
основатель бизнеса;692000;2;18;2193;8;1;2;2;commercial;1
приложения для обработки фото бесплатно;2000000;5;39;1914;8;1;2;2;commercial;2
программа для создания квиза бесплатно;2000000;5;38;35;8;1;2;2;commercial;1
сервис для емейл рассылок;1000000;4;25;56;8;1;2;2;commercial;1
нейросеть для создания персонажа бесплатно;1000000;5;42;125;8;1;2;2;commercial;1
как купить и хранить криптовалюту;867000;5;33;30;8;1;2;2;commercial;1
личный кабинет пользователя это;1000000;4;31;280;8;1;2;2;commercial;1
постсервисное обслуживание;730000;2;26;18;8;1;2;2;commercial;1
отправить большой файл бесплатно;2000000;4;32;137;8;1;2;2;commercial;1
карьерная консультация это;2000000;3;26;40;8;1;2;2;commercial;18
сервис для сбора ключевых слов;2000000;5;30;21;8;1;2;2;commercial;1
характеристика преимущество выгода в продажах;673000;5;45;22;8;1;2;2;commercial;1
сервисы для чтения;957000;3;18;811;7;1;2;2;commercial;1
бесплатное приложение обработка фото;3000000;4;36;2147;7;1;2;2;commercial;2
программа для обработки фото на телефоне андроид на русском языке бесплатно;3000000;11;75;7;7;1;2;2;commercial;1
что такое золотая полка в магазине;820000;6;34;7;7;1;2;2;commercial;9
одноклассники для бизнеса;1000000;3;25;171;7;1;2;2;commercial;1
бизнес аккаунт в инстаграм что это;1000000;6;34;10;7;1;2;2;commercial;16
озон интернет магазин открыть пункт выдачи заказов;1000000;7;50;12;7;1;2;2;commercial;1
сервисы для голосования онлайн;2000000;4;30;68;7;1;2;2;commercial;4
пересылка файлов большого размера бесплатно;2000000;5;43;9;7;1;2;2;commercial;1
телеграмм вход по номеру телефона без кода и пароля войти;3000000;10;57;10;7;1;2;2;commercial;1
как расшифровывается кам в продажах;570000;5;35;8;7;1;2;2;commercial;1
рукописный шрифт кириллица бесплатно для коммерческого использования;2000000;7;68;91;7;1;2;2;commercial;1
сервисы доставки для интернет магазинов;2000000;5;39;85;7;1;2;2;commercial;1
спекулятивная продажа;992000;2;21;72;7;1;2;2;commercial;1
пос оплата;1000000;2;10;633;7;1;2;2;commercial;1
что такое управление продажами;639000;4;30;130;7;1;2;2;commercial;9
бизнес в одноклассниках;768000;3;23;220;7;1;2;2;commercial;1
постоплатный договор;325000;2;20;44;7;1;2;2;commercial;1
менеджер маркетплейсов должностная инструкция;285000;4;45;169;7;1;2;2;commercial;1
что такое кам в продажах;475000;5;24;8;7;1;2;2;commercial;9
как купить криптовалюту в телеграм;1000000;5;34;59;7;1;2;2;commercial;1
авс отчет по продажам что показывает;1000000;6;36;6;6;1;2;2;commercial;1
оплата по факту оказания услуг;1000000;5;30;246;6;1;2;2;commercial;1
рассылка по емейл;359000;3;17;235;6;1;2;2;commercial;1
что такое корнер в магазине одежды;141000;6;34;6;6;1;2;2;commercial;9
как взять деньги на развитие малого бизнеса у государства безвозмездно;2000000;10;70;6;6;1;2;2;commercial;1
сервис отложенного постинга;981000;3;27;74;6;1;2;2;commercial;1
виды онлайн магазинов;2000000;3;21;113;6;1;2;2;commercial;17
внутрикорпоративный pr;102000;2;22;57;6;1;2;2;commercial;1
ютуб каналы про бизнес;2000000;4;22;63;6;1;2;2;commercial;1
если спрос уменьшится то равновесная цена;554000;6;41;114;6;1;2;2;commercial;1
компаньон в бизнесе это;799000;4;23;16;6;1;2;2;commercial;1
кассовая зона в магазине продуктов;727000;5;34;16;6;1;2;2;commercial;1
что значит мультибрендовый магазин;546000;4;34;10;6;1;2;2;commercial;1
если спрос упал то равновесная цена;619000;6;35;21;6;1;2;2;commercial;1
сервис для доната;950000;3;17;1151;6;1;2;2;commercial;1
залить сайт на хостинг бесплатно;3000000;5;32;13;6;1;2;2;commercial;1
sms рассылки api;339000;3;16;8;6;1;2;2;commercial;1
keyword tool бесплатно на русском;2000000;5;33;5;5;1;2;2;commercial;1
что такое мерчендайзер и его обязанности в магазине;558000;8;51;6;5;1;2;2;commercial;9
как выявить потребность клиента в прямых продажах;1000000;7;49;6;5;1;2;2;commercial;1
каналы продвижения бизнеса;2000000;3;26;176;5;1;2;2;commercial;1
менеджер партнерских программ;645000;3;29;108;5;1;2;2;commercial;1
что такое информационный бизнес;1000000;4;31;123;5;1;2;2;commercial;9
при увеличении спроса равновесная цена;728000;5;38;72;5;1;2;2;commercial;1
установить защиту от рекламы бесплатно;2000000;5;38;7;5;1;2;2;commercial;1
авторассылка в телеграмме;14000;3;25;96;5;1;2;2;commercial;1
метод ценообразования при котором себестоимость определяется исходя из затрат;261000;9;77;5;5;1;2;2;commercial;1
функции менеджера маркетплейсов;393000;3;31;99;5;1;2;2;commercial;1
блоггеры про бизнес;841000;3;19;123;5;1;2;2;commercial;1
что такое фаундер в бизнесе;783000;5;27;5;5;1;2;2;commercial;9
чат бот тг бесплатно;2000000;4;20;1667;5;1;2;2;commercial;1
мое дело тарифы для ип без работников;1000000;7;37;5;5;1;2;2;commercial;1
спам рассылка это;2000000;3;17;1182;5;1;2;2;commercial;1
как получить деньги у государства на бизнес;2000000;7;43;62;5;1;2;2;commercial;1
менеджер по ключевым клиентам обязанности;543000;5;41;116;5;1;2;2;commercial;1
подписочные сервисы;752000;2;19;120;5;1;2;2;commercial;1
техники выявления потребностей в продажах;524000;5;41;59;5;1;2;2;commercial;1
рассылка по базе номеров;1000000;4;24;239;5;1;2;2;commercial;1
приложение для проектирования интерьера бесплатно;2000000;5;49;62;5;1;2;2;commercial;1
сервис доната;1000000;2;13;2293;5;1;2;2;commercial;1
емейл рассылка это;2000000;3;18;45;5;1;2;2;commercial;1
каскадная рассылка это;2000000;3;22;16;5;1;2;2;commercial;1
как войти в телеграм если не приходит код на телефон;3000000;10;52;14;5;1;2;2;commercial;1
предкассовая зона в магазине;786000;4;28;14;5;1;2;2;commercial;1
что такое мультибрендовый магазин;405000;4;33;16;5;1;2;2;commercial;9
кабинетное исследование в маркетинге это;233000;5;40;16;5;1;2;2;commercial;1
спам рассылка что это;215000;4;21;391;5;1;2;2;commercial;16
программа для hr менеджеров;962000;4;27;27;5;1;2;2;commercial;1
программы для hr менеджеров;881000;4;27;27;5;1;2;2;commercial;0
найти по фото вещь в интернет магазине;2000000;7;38;26;5;1;2;2;commercial;2
как войти на сайт по qr коду;3000000;7;28;10;5;1;2;2;commercial;1
устная оферта это;2000000;3;17;9;5;1;2;2;commercial;1
как открыть бизнес озон пункт выдачи;2000000;6;36;9;5;1;2;2;commercial;1
бизнес пункт выдачи;2000000;3;19;1182;4;1;2;2;commercial;1
бизнес план на грант;1000000;4;20;279;4;1;2;2;commercial;1
стоимость лида cpl;1000000;3;18;25;4;1;2;2;commercial;1
что должен знать менеджер маркетплейсов;935000;5;39;33;4;1;2;2;commercial;1
проведение дегустации в магазине;1000000;4;32;28;4;1;2;2;commercial;1
ютуб канал про бизнес;2000000;4;21;63;4;1;2;2;commercial;1
узнать цену по фото онлайн бесплатно без регистрации по фото;3000000;10;60;13;4;1;2;2;commercial;2
сервис массовой рассылки email;2000000;4;30;25;4;1;2;2;commercial;1
корпоративный имидж организации;468000;3;31;291;4;1;2;2;commercial;1
лучшие сервисы аналитики;2000000;3;24;258;4;1;2;2;commercial;1
flyvi бесплатно;1000000;2;15;347;4;1;2;2;commercial;1
магазин дискаунтер что;2000000;3;22;269;4;1;2;2;commercial;1
оферта на услуги;1000000;3;16;3976;4;1;2;2;commercial;1
прайс лист с ценами;1000000;4;19;6542;4;1;2;2;commercial;1
доставка для интернет магазина;1000000;4;30;5994;4;1;2;2;commercial;1
ответственность бизнеса;1000000;2;23;6957;4;1;2;2;commercial;1
сделать бизнес аккаунт в инстаграм;2000000;5;34;1178;4;1;2;2;commercial;1
соглашение об уровне сервиса;1000000;4;28;97;4;1;2;2;commercial;1
сколько зарабатывают на вайлдберриз пункт выдачи заказов;1000000;7;56;84;4;1;2;2;commercial;1
выложить сайт в интернет бесплатно;3000000;5;34;81;4;1;2;2;commercial;1
моя страница в вконтакте открыть без пароля и логина;2000000;9;52;127;4;1;2;2;commercial;1
книжные сервисы для чтения электронных книг;1000000;6;43;4;4;1;2;2;commercial;1
найти шрифт по картинке онлайн кириллица бесплатно;3000000;7;50;4;4;1;2;2;commercial;4
vk страница для бизнеса;1000000;4;23;54;4;1;2;2;commercial;1
как взять деньги на развитие малого бизнеса у государства;2000000;9;57;11;4;1;2;2;commercial;1
что такое активное слушание в продажах;724000;6;38;12;4;1;2;2;commercial;9
если цена на товар повышается то его производство и предложение на рынке будут сокращаться;1000000;14;90;7;4;1;2;2;commercial;1
что такое бизнес аккаунт в инстаграм;1000000;6;36;6;4;1;2;2;commercial;9
пункт выдачи заказов бизнес план;1000000;5;32;61;3;1;2;2;commercial;1
сервисы mind map;32000;3;16;40;3;1;2;2;commercial;1
что подарить заказчику на день рождения;4000;6;39;3;3;1;2;2;commercial;1
возможности вконтакте для бизнеса;2000000;4;33;14;3;1;2;2;commercial;1
интеграция онлайн;2000000;2;17;1549;3;1;2;2;commercial;4
создать видео с помощью нейросети бесплатно на русском языке;4000000;9;60;38;3;1;2;2;commercial;1
ответственность бизнеса перед обществом;384000;4;39;34;3;1;2;2;commercial;1
программа для обработки фото на телефоне бесплатно;3000000;7;50;36;3;1;2;2;commercial;2
стоимость по фото определить онлайн;2000000;5;35;36;3;1;2;2;commercial;2
сервис для проведения розыгрыша;140000;4;31;59;3;1;2;2;commercial;1
рекламный бизнес в интернете;2000000;4;28;59;3;1;2;2;commercial;1
постоплата в течении 30 дней;2000000;5;28;61;3;1;2;2;commercial;1
рекламная интеграция у блоггеров;174000;4;32;19;3;1;2;2;commercial;1
создать канал на яндекс дзен бесплатно;3000000;6;38;17;3;1;2;2;commercial;1
что такое ивенты в бизнесе;750000;5;26;27;3;1;2;2;commercial;9
концепция социальной ответственности бизнеса;1000000;4;44;29;3;1;2;2;commercial;1
почему рассылка попадает в спам;658000;5;31;24;3;1;2;2;commercial;1
сервисы чтения книг;1000000;3;19;483;3;1;2;2;commercial;1
сервис для чтения;1000000;3;17;811;3;1;2;2;commercial;1
менеджер сайта это;3000;3;18;349;3;1;2;2;commercial;1
продажа технологии;2000000;2;18;4872;3;1;2;2;commercial;1
подписка на сервис;2000000;3;18;6431;3;1;2;2;commercial;1
аналитический сервис;1000000;2;20;1145;3;1;2;2;commercial;1
сервис рекламы;2000000;2;14;9875;3;1;2;2;commercial;1
эластичная цена;1000000;2;15;9061;3;1;2;2;commercial;1
конкуренты в бизнесе;855000;3;20;1235;3;1;2;2;commercial;1
создать чат бот телеграмм бесплатно;2000000;5;35;899;3;1;2;2;commercial;1
сервис для пк;1000000;3;13;1723;3;1;2;2;commercial;1
fragment купить телеграм;2000000;3;24;119;3;1;2;2;commercial;1
качества менеджера маркетплейсов;1000000;3;32;127;3;1;2;2;commercial;1
информационная рассылка это;2000000;3;27;95;3;1;2;2;commercial;1
как устанавливается цена на товар;702000;5;33;93;3;1;2;2;commercial;1
блокировщик рекламы бесплатно на русском для всех браузеров;2000000;8;59;78;3;1;2;2;commercial;1
создать бизнес аккаунт в инстаграм;1000000;5;34;95;3;1;2;2;commercial;1
распродажа это определение;146000;3;26;3;3;1;2;2;commercial;1
стоковые картинки для презентаций бесплатно;2000000;5;43;5;3;1;2;2;commercial;1
курсы по ведению бизнеса в инстаграм;1000000;6;36;5;3;1;2;2;commercial;1
инфобизнес деген не;2000000;3;19;3;3;1;2;2;commercial;1
обучение продажам в инстаграме;1000000;4;30;6;3;1;2;2;commercial;1
блокировщик рекламы для виндовс 10 бесплатно лучшие;4000000;7;51;4;3;1;2;2;commercial;1
выяснение потребностей клиента в продажах;646000;5;41;6;3;1;2;2;commercial;1
самая дешевая доставка для интернет магазинов;2000000;6;45;6;3;1;2;2;commercial;1
сэмплы что это в продажах;9000;5;25;3;3;1;2;2;commercial;16
курсы по ведению инстаграмма бесплатно;2000000;5;38;3;3;1;2;2;commercial;1
схема работы с возражениями в продажах;1000000;6;38;4;3;1;2;2;commercial;1
книжные сервисы по подписке;1000000;4;27;8;3;1;2;2;commercial;1
что такое постоплата по договору;245000;5;32;7;3;1;2;2;commercial;9
что такое флагман в продажах;419000;5;28;3;3;1;2;2;commercial;9
cpp оплата;376000;2;10;9;3;1;2;2;commercial;1
вайбер рассылка;156000;2;15;184;2;1;2;2;commercial;1
одноклассники бизнес;952000;2;20;537;2;1;2;2;commercial;1
розыгрыш в инстаграм по репостам бесплатно;1000000;6;42;8;2;1;2;2;commercial;1
порядок оплаты постоплата;73000;3;25;36;2;1;2;2;commercial;1
основным разделом бизнес плана является;2000000;5;39;8;2;1;2;2;commercial;1
сервис триггерных рассылок;837000;3;26;29;2;1;2;2;commercial;1
методы активного слушания в продажах;335000;5;36;4;2;1;2;2;commercial;1
выложить статью в интернет бесплатно;3000000;5;36;4;2;1;2;2;commercial;1
дифференцированная цена это;3000000;3;27;49;2;1;2;2;commercial;1
метод спин в продажах;713000;4;21;39;2;1;2;2;commercial;1
как понять личный кабинет;1000000;4;25;1277;2;1;2;2;commercial;1
как выбрать название для бизнеса;1000000;5;32;5;2;1;2;2;commercial;1
виды социальной ответственности бизнеса;1000000;4;39;19;2;1;2;2;commercial;17
курс менеджер инстаграм;584000;3;23;5;2;1;2;2;commercial;1
партнерский менеджер;254000;2;20;630;2;1;2;2;commercial;1
продажа за границу товаров и услуг это;822000;7;38;14;2;1;2;2;commercial;1
сколько стоит емейл рассылка;1000000;4;28;9;2;1;2;2;commercial;1
рекламная интеграция что это такое;833000;5;34;9;2;1;2;2;commercial;16
подарки в бизнесе;2000000;3;17;793;2;1;2;2;commercial;1
салес менеджер;910000;2;14;23;2;1;2;2;commercial;1
оплата электронным кошельком;1000000;3;28;456;2;1;2;2;commercial;1
смолток в продажах;500000;3;18;2;2;1;2;2;commercial;1
реклама ютуб канала бесплатно;3000000;4;29;154;2;1;2;2;commercial;1
m vk com вход на мою страницу без пароля и логина войти;2000000;12;55;182;2;1;2;2;commercial;1
личные продажи в магазине;1000000;4;25;181;2;1;2;2;commercial;1
директ мейл прямая рассылка не эффективен если;836000;7;46;2;2;1;2;2;commercial;1
гр менеджер;201000;2;11;74;2;1;2;2;commercial;1
блогинге;4000;1;8;3906;2;1;2;2;commercial;1
рассылка клиентам;844000;2;17;4901;2;1;2;2;commercial;1
оптимизилла сжать фото онлайн бесплатно;3000000;5;39;2;2;1;2;2;commercial;4
себестоимость продукции это в экономике тест;601000;6;44;2;2;1;2;2;commercial;1
что такое электронный кабинет;47000;4;29;104;2;1;2;2;commercial;9
кабинетное маркетинговое исследование;195000;3;37;111;2;1;2;2;commercial;1
выделяет ли государство деньги на малый бизнес;1000000;7;46;2;2;1;2;2;commercial;1
как скопировать свой логин в телеграмме;1000000;6;39;3;2;1;2;2;commercial;1
бизнес сервисы;2000000;2;14;23046;2;1;2;2;commercial;1
подкаст бесплатно;1000000;2;17;13545;2;1;2;2;commercial;1
максимальная цена товара определяется в маркетинге;1000000;6;50;1;1;1;2;2;commercial;14
каким типом договора могут регламентироваться взаимоотношения заказчика и фрилансера;739000;9;84;1;1;1;2;2;commercial;1
как выглядит бизнес модель проекта;1000000;5;34;1;1;1;2;2;commercial;1
магазин дискаунт это;3000000;3;20;1;1;1;2;2;commercial;1
твердая оферта пример;418000;3;21;1;1;1;2;2;commercial;1
что такое сэмплинг в продажах;453000;5;29;1;1;1;2;2;commercial;9
если коэффициент ценовой эластичности спроса меньше единицы то для предприятия выгодно;1000000;11;86;1;1;1;2;2;commercial;1
сервисы наподобие пинтерест;1000000;3;27;1;1;1;2;2;commercial;1
ведомости накладные квитанции претензии сметы бизнес планы относятся к документам;766000;10;81;1;1;1;2;2;commercial;1
рассылка по емайл бесплатно;2000000;4;27;1;1;1;2;2;commercial;1
3 д дизайн интерьера программа бесплатно;3000000;6;40;50;1;1;2;2;commercial;1
прогретый домен для рассылок купить;1000000;5;35;2;1;1;2;2;commercial;1
сервис genial ly;2000000;3;16;88;1;1;2;2;commercial;1
вконтакте моя страница вход без пароля и логина войти;2000000;9;53;6085;1;1;2;2;commercial;1
рассылка сообщений viber;565000;3;24;8;1;1;2;2;commercial;1
вконтакте моя страница войти без пароля открыть;3000000;7;47;1001;1;1;2;2;commercial;1
перейти на бизнес аккаунт инстаграм;1000000;5;35;320;1;1;2;2;commercial;1
если спрос снижается то равновесная цена;596000;6;40;29;1;1;2;2;commercial;1
качества проектного менеджера;1000000;3;29;26;1;1;2;2;commercial;1
рекламная интеграция в видео;2000000;4;28;25;1;1;2;2;commercial;1
кабинетные исследования в маркетинге;291000;4;36;40;1;1;2;2;commercial;1
viber рассылка;197000;2;14;35;1;1;2;2;commercial;1
цифровые онлайн сервисы в которые входят сразу несколько услуг;3000000;9;62;35;1;1;2;2;commercial;4
договор поста;1000000;2;13;986;1;1;2;2;commercial;1
каналы про бизнес на ютубе;2000000;5;26;21;1;1;2;2;commercial;1
открыть электронную почту на телефоне бесплатно;3000000;6;47;193;1;1;2;2;commercial;1
приложение для редактирования фотографий бесплатно;2000000;5;50;81;1;1;2;2;commercial;1
приложения для обработки лица бесплатно;2000000;5;39;141;1;1;2;2;commercial;1
кабинетный метод исследования;301000;3;29;113;1;1;2;2;commercial;1
сервис для организации мероприятий;2000000;4;34;48;1;1;2;2;commercial;1
цена товара снизится если предложение;1000000;5;37;269;1;1;2;2;commercial;14
маркетинг для интернет магазина;822000;4;31;64;1;1;2;2;commercial;1
кюар код для бизнеса;1000000;4;20;72;1;1;2;2;commercial;1
аффилиат менеджер;200000;2;17;71;1;1;2;2;commercial;1
востребованные интернет сервисы;1000000;3;31;251;1;1;2;2;commercial;1
рассылка новостей на почту;2000000;4;26;58;1;1;2;2;commercial;1
приложения для hr менеджеров;841000;4;28;5;1;1;2;2;commercial;1
в чем заключается социальная ответственность бизнеса;963000;6;52;2;1;1;2;2;commercial;1
рибейт в договоре;261000;3;17;3;1;1;2;2;commercial;1
файлообменник 5 гб бесплатно;2000000;4;28;13;1;1;2;2;commercial;1
что относится к инфобизнесу;135000;4;27;2;1;1;2;2;commercial;1
инстаграм менеджер обучение;406000;3;27;13;1;1;2;2;commercial;1
сервис с музыкой без авторских прав;2000000;6;35;15;1;1;2;2;commercial;1
с помощью каких сервисов можно передать файл другому пользователю в сети интернет;3000000;12;81;2;1;1;2;2;commercial;1
реклама в рассылках;978000;3;19;1411;1;1;2;2;commercial;1
перечислите основные разделы бизнес плана;1000000;5;41;9;1;1;2;2;commercial;1
мониторинг социальных сетей бесплатно;2000000;4;37;2;1;1;2;2;commercial;1
хостинг для сайтов бесплатно;3000000;4;28;2327;1;1;2;2;commercial;1
что нужно чтобы открыть пункт выдачи заказов вайлдберриз;1000000;8;56;4;0;1;2;2;commercial;1
социальная ответственность бизнеса кратко;1000000;4;41;4;0;1;2;2;commercial;1
сервис в товарной политике;2000000;4;26;4;0;1;2;2;commercial;1
формы социальной ответственности бизнеса;2000000;4;40;7;0;1;2;2;commercial;1
что такое корпоративный имидж;105000;4;29;7;0;1;2;2;commercial;9
виды интернет магазинов список;2000000;4;30;6;0;1;2;2;commercial;17
кабинетное исследование пример;349000;3;30;6;0;1;2;2;commercial;1
sms рассылка api;413000;3;16;8;0;1;2;2;commercial;1
социально демографические характеристики аудитории это;838000;5;54;5;0;1;2;2;commercial;1
сайты с картинками для презентаций бесплатно;3000000;6;44;5;0;1;2;2;commercial;1
файлообменник 20 гб бесплатно;1000000;4;29;6;0;1;2;2;commercial;1
личная продажа это тест;999000;4;23;1;0;1;2;2;commercial;1
mindmanager аналоги бесплатно;3000;3;29;1;0;1;2;2;commercial;1
почему растет цена за клик;1000000;5;26;1;0;1;2;2;commercial;1
себестоимость продукции это тест мму;545000;5;36;1;0;1;2;2;commercial;1
для чего предназначен облачный сервис сайта;3000000;6;43;1;0;1;2;2;commercial;1
емейл рассылка обучение;679000;3;23;2;0;1;2;2;commercial;1
кабинетные исследования это вторичные исследования;87000;5;50;3;0;1;2;2;commercial;1
вебинарная воронка это;893000;3;22;2;0;1;2;2;commercial;1
корпоративный имидж статья;700000;3;26;3;0;1;2;2;commercial;1
если снижается цена на товар то спрос на товар заменитель будет;825000;11;63;2;0;1;2;2;commercial;1
правило золотого треугольника в магазине;2000000;5;40;2;0;1;2;2;commercial;1
сервисы для передачи файлов;1000000;4;27;131;0;1;2;2;commercial;1
рассылка в вайбер;169000;3;17;104;0;1;2;2;commercial;1
что произойдет с предложением если цена товара снизится;1000000;8;55;118;0;1;2;2;commercial;14
всплывающее окно сервис;1000000;3;23;104;0;1;2;2;commercial;1
оферта образец заполнения;384000;3;25;45;0;1;2;2;commercial;1
бизнес ру интеграция;717000;3;20;44;0;1;2;2;commercial;1
интеграция контента это;2000000;3;23;49;0;1;2;2;commercial;1
бесплатное приложение для сна на айфон;2000000;6;38;73;0;1;2;2;commercial;1
сервисы для проведения розыгрыша;1000000;4;32;59;0;1;2;2;commercial;1
в инфобизнесе;2000000;2;13;881;0;1;2;2;commercial;1
фотошоп фотографий бесплатно на телефон;2000000;5;39;795;0;1;2;2;commercial;1
бизнес каналы ютуб;2000000;3;18;419;0;1;2;2;commercial;1
интернет без рекламы бесплатно;2000000;4;30;4106;0;1;2;2;commercial;1
сервисы онлайн оплат;2000000;3;20;1512;0;1;2;2;commercial;4
обработка фотографий бесплатное приложение;2000000;4;42;220;0;1;2;2;commercial;1
реклама в рассылках это;942000;4;23;155;0;1;2;2;commercial;18
бесплатный онлайн магазин скачать;2000000;4;33;176;0;1;2;2;commercial;4
описание личного кабинета;1000000;3;25;332;0;1;2;2;commercial;1
сайт на бесплатном хостинге;3000000;4;27;309;0;1;2;2;commercial;1
управление розничными продажами;522000;3;31;316;0;1;2;2;commercial;1
целевая аудитория бизнес плана;1000000;4;30;246;0;1;2;2;commercial;1
дискриминация в ценах;458000;3;21;239;0;1;2;2;commercial;1
договор фрилансера;304000;2;18;279;0;1;2;2;commercial;1
обработка фото ретушь лица бесплатно;2000000;5;36;276;0;1;2;2;commercial;2
установить интернет в магазин;2000000;4;29;277;0;1;2;2;commercial;1
как создать инстаграм аккаунт для бизнеса;1000000;6;41;17;0;1;2;2;commercial;1
анализ социальных сетей бесплатно;2000000;4;33;13;0;1;2;2;commercial;1
инстаграм для бизнеса обучение;1000000;4;30;10;0;1;2;2;commercial;1
постоплата 100 процентов;2000000;3;24;9;0;1;2;2;commercial;1
регистрация e mail с мобильного;2000000;5;31;12;0;1;2;2;commercial;1
рассылка в viber;189000;3;16;12;0;1;2;2;commercial;1
главные качества менеджера маркетплейса;2000000;4;39;11;0;1;2;2;commercial;1
не могу войти в телеграм канал;10000;6;30;34;0;1;2;2;commercial;1
социальная рекламная акция;770000;3;26;34;0;1;2;2;commercial;1
загрузить видео на ютуб бесплатно;3000000;5;33;40;0;1;2;2;commercial;19
если цена данного товара уменьшилась то;2000000;6;39;35;0;1;2;2;commercial;14
ценообразование в бизнес плане;1000000;4;30;20;0;1;2;2;commercial;1
создать донат сайт бесплатно;3000000;4;28;25;0;1;2;2;commercial;1
как поставить бизнес в инстаграм;946000;5;32;27;0;1;2;2;commercial;1
бесплатное создание онлайн магазина;2000000;4;35;23;0;1;2;2;commercial;4
создать язык для телеграмм бесплатно;7000;5;36;24;0;1;2;2;commercial;1
где купить и хранить криптовалюту;2000000;5;33;24;0;1;2;2;commercial;15
постоплата;8000000;1;10;63982;4723;1;3;3;commercial;1
генератор видео нейросеть бесплатно;3000000;4;35;2467;1085;1;3;3;commercial;1
моя страница в контакте вход на мою страницу без пароля и логина;2000000;12;64;9825;1129;1;3;3;commercial;1
смс рассылка;1000000;2;12;17641;960;1;3;3;commercial;1
пост оплата;1000000;2;11;8371;886;1;3;3;commercial;1
в контакте моя страница вход на мою страницу без пароля и логина кон;2000000;13;68;920;688;1;3;3;commercial;1
бизнес партнер;2000000;2;14;27298;636;1;3;3;commercial;1
отправить письмо онлайн почта россии заказное;3000000;6;45;1104;583;1;3;3;commercial;4
яндекс карты добавить организацию на карту бесплатно;3000000;7;52;1488;565;1;3;3;commercial;1
создать яндекс форму для опроса бесплатно;3000000;6;41;703;497;1;3;3;commercial;1
поиск шрифта по фото онлайн бесплатно;3000000;6;37;495;461;1;3;3;commercial;2
ии видео бесплатно;3000000;3;18;41056;435;1;3;3;commercial;19
яндекс опросник создать бесплатно;2000000;4;33;504;445;1;3;3;commercial;1
стикеры бесплатно;2000000;2;17;56659;412;1;3;3;commercial;1
яндекс формы создать опрос бесплатно;2000000;5;36;1731;412;1;3;3;commercial;1
нейросеть видео онлайн бесплатно;3000000;4;32;16707;395;1;3;3;commercial;4
яндекс формы для бизнеса;2000000;4;24;900;378;1;3;3;commercial;1
улучшить качество видео нейросеть бесплатно;3000000;5;43;1135;381;1;3;3;commercial;1
бизнес аккаунт в инстаграм как сделать;2000000;6;38;1149;342;1;3;3;commercial;11
как в инстаграм сделать бизнес аккаунт;2000000;6;38;1145;331;1;3;3;commercial;11
инфобизнес это;2000000;2;14;661;323;1;3;3;commercial;18
регистрация linkedin;1000000;2;20;672;310;1;3;3;commercial;1
linkedin регистрация;2000000;2;20;688;312;1;3;3;commercial;1
регистрация дзен;6000;2;16;161402;301;1;3;3;commercial;1
яндекс документы онлайн бесплатно;2000000;4;33;501;287;1;3;3;commercial;4
войти инкогнито;2000000;2;15;3645;285;1;3;3;commercial;1
дзен регистрация;6000;2;16;161620;282;1;3;3;commercial;1
логотип бесплатно нейросеть;2000000;3;27;12222;275;1;3;3;commercial;1
яндекс форма создать опрос онлайн бесплатно;3000000;6;43;461;263;1;3;3;commercial;4
рассылка email;1000000;2;14;6470;258;1;3;3;commercial;1
в контакте вход моя страница без пароля и логина социальная сеть;2000000;11;64;293;248;1;3;3;commercial;1
вконтакте моя страница войти на мою страницу без пароля и логина бесплатно с телефона;3000000;14;85;1197;243;1;3;3;commercial;1
временная почта бесплатно;2000000;3;25;1633;239;1;3;3;commercial;1
личный кабинет пользователя;1000000;3;27;24192;235;1;3;3;commercial;1
яндекс дзен регистрация;2000000;3;23;85645;216;1;3;3;commercial;1
регистрация яндекс дзен;2000000;3;23;85645;216;1;3;3;commercial;1
краудфандинг для бизнеса;872000;3;24;350;213;1;3;3;commercial;1
создание логотипа бесплатно нейросеть;2000000;4;37;2811;212;1;3;3;commercial;1
яндекс анкета создать бесплатно;2000000;4;31;429;199;1;3;3;commercial;1
яндекс опрос создать бесплатно;2000000;4;30;2021;189;1;3;3;commercial;1
создать яндекс опрос бесплатно;2000000;4;30;2021;189;1;3;3;commercial;1
бизнес аккаунт вк;2000000;3;17;1330;184;1;3;3;commercial;1
нейросети для создания видео бесплатно;3000000;5;38;12876;182;1;3;3;commercial;1
чат бот создать бесплатно;2000000;4;25;1578;177;1;3;3;commercial;1
нейросеть для создания видео бесплатно на русском;3000000;7;49;1681;178;1;3;3;commercial;1
нейросеть для генерации логотипа бесплатно;745000;5;42;498;176;1;3;3;commercial;1
создать опрос в яндекс форме бесплатно;2000000;6;38;290;176;1;3;3;commercial;1
как продвинуть интернет магазин;1000000;4;31;599;176;1;3;3;commercial;1
бесплатное приложение для обработки фото;3000000;5;40;1913;168;1;3;3;commercial;2
емайл рассылка;548000;2;14;1032;169;1;3;3;commercial;1
нейросеть по созданию видео бесплатно;812000;5;37;2165;166;1;3;3;commercial;1
рассылка емайл;493000;2;14;993;161;1;3;3;commercial;1
рекламная интеграция;187000;2;20;2326;160;1;3;3;commercial;1
работа с возражениями в продажах скрипты;1000000;6;40;189;153;1;3;3;commercial;1
достависта для бизнеса;1000000;3;22;160;150;1;3;3;commercial;1
лендинг создать бесплатно;2000000;3;25;521;147;1;3;3;commercial;1
создать лендинг бесплатно;2000000;3;25;521;147;1;3;3;commercial;1
как устанавливается цена на созданный продукт;1000000;6;45;238;133;1;3;3;commercial;1
скачивать с ютуба видео бесплатно;3000000;5;33;40354;131;1;3;3;commercial;19
рассылка это;2000000;2;12;6789;130;1;3;3;commercial;1
социальная ответственность бизнеса;1000000;3;34;1452;127;1;3;3;commercial;1
распродажа это;2000000;2;14;5243;121;1;3;3;commercial;18
чат gpt4 бесплатно;6000;3;18;360;114;1;3;3;commercial;1
создать видео через нейросеть онлайн бесплатно;3000000;6;46;147;110;1;3;3;commercial;4
регистрация линкедин;2000000;2;20;240;111;1;3;3;commercial;1
линкедин регистрация;2000000;2;20;240;111;1;3;3;commercial;1
вконтакте моя страница войти без пароля по номеру телефона;3000000;9;58;4425;109;1;3;3;commercial;1
chat gpt 4 бесплатно;6000;4;20;733;107;1;3;3;commercial;1
яндекс дзен регистрация аккаунта;2000000;4;32;132;105;1;3;3;commercial;1
вк моя страница вход на страницу без пароля и логина по номеру телефона бесплатно войти;3000000;15;87;110;104;1;3;3;commercial;1
хостинг бесплатно для сайта;3000000;4;27;2327;102;1;3;3;commercial;1
хостинг для сайта бесплатно;3000000;4;27;2327;102;1;3;3;commercial;1
договор аутсорсинга что это;275000;4;27;148;100;1;3;3;commercial;16
овчинников бизнесмен;51000;2;20;183;100;1;3;3;commercial;1
сервис email рассылок;2000000;3;21;1358;100;1;3;3;commercial;1
сервис рассылок email;2000000;3;21;1358;100;1;3;3;commercial;1
бренд менеджер курсы;1000000;3;20;490;98;1;3;3;commercial;1
сервис для отслеживания позиций сайта;3000000;5;37;169;96;1;3;3;commercial;1
как купить виртуальный номер телефона;2000000;5;37;189;95;1;3;3;commercial;1
программа дизайна интерьера бесплатно;2000000;4;37;5579;95;1;3;3;commercial;1
создать видео с помощью нейросети бесплатно онлайн;4000000;7;50;524;94;1;3;3;commercial;4
программа для создания карточек для маркетплейсов бесплатно;2000000;7;59;312;95;1;3;3;commercial;1
кам менеджер;896000;2;12;816;92;1;3;3;commercial;1
менеджер кам;154000;2;12;802;92;1;3;3;commercial;1
спин в продажах;473000;3;15;750;89;1;3;3;commercial;1
доставка для интернет магазинов;1000000;4;31;5994;85;1;3;3;commercial;1
влогинг что это;3000000;3;15;87;83;1;3;3;commercial;16
убрать на фото мешки под глазами онлайн бесплатно;3000000;8;49;176;82;1;3;3;commercial;4
бизнес аккаунт телеграм;2000000;3;23;604;82;1;3;3;commercial;1
смотреть сторис бесплатно анонимно;2000000;4;34;7093;81;1;3;3;commercial;1
телеграм бизнес аккаунт;2000000;3;23;604;82;1;3;3;commercial;1
инфобизнес это что;2000000;3;18;182;81;1;3;3;commercial;16
моя страница вконтакте войти без пароля сразу;2000000;7;45;4438;81;1;3;3;commercial;1
сделать видео в нейросети бесплатно;3000000;5;35;678;81;1;3;3;commercial;19
инфобизнес что это;3000000;3;18;182;81;1;3;3;commercial;16
программа для инфографики для маркетплейсов бесплатно;2000000;6;53;334;80;1;3;3;commercial;1
dalle нейросеть бесплатно;2000000;3;25;491;80;1;3;3;commercial;1
если равновесная цена увеличивается то предложение;895000;6;50;166;80;1;3;3;commercial;1
постоплата как прописать в договоре;433000;5;35;309;79;1;3;3;commercial;1
постоплата в договоре как прописать;231000;5;35;309;79;1;3;3;commercial;1
яндекс формы создать опрос бесплатно онлайн;3000000;6;43;461;77;1;3;3;commercial;4
нейросеть дизайн интерьера бесплатно;1000000;4;36;1227;77;1;3;3;commercial;1
яндекс форма создать опрос онлайн бесплатно без регистрации;3000000;8;59;91;76;1;3;3;commercial;4
топ почтовых сервисов;2000000;3;21;146;76;1;3;3;commercial;1
разместить рекламу бесплатно;2000000;3;28;1751;75;1;3;3;commercial;1
интернет магазин создание;1000000;3;25;9162;75;1;3;3;commercial;1
создание онлайн магазина;2000000;3;24;475;69;1;3;3;commercial;4
что такое распродажа;113000;3;20;448;65;1;3;3;commercial;9
сервис рассылки email;2000000;3;21;1358;64;1;3;3;commercial;1
контакт моя страница вход без пароля по номеру телефона войти;3000000;10;61;716;63;1;3;3;commercial;1
приложения для инфографики для маркетплейсов бесплатно;2000000;6;54;249;60;1;3;3;commercial;1
емейл рассылки сервисы;1000000;3;22;475;60;1;3;3;commercial;1
отправка заказного письма онлайн почта россии;2000000;6;45;452;60;1;3;3;commercial;10
сервисы рассылок email;2000000;3;22;1358;57;1;3;3;commercial;1
почта vk workmail войти;3000000;4;23;96;55;1;3;3;commercial;1
как добавить магазин в яндекс карты;2000000;6;35;216;54;1;3;3;commercial;1
купить по картинке;1000000;3;18;1265;51;1;3;3;commercial;1
бесплатно провести розыгрыш в инстаграм;2000000;5;39;198;51;1;3;3;commercial;1
создать электронную почту на телефоне бесплатно пошагово;3000000;7;56;485;51;1;3;3;commercial;1
графический дизайн курс бесплатно;2000000;4;33;2438;51;1;3;3;commercial;1
вишлист онлайн с бронированием без регистрации бесплатно;3000000;7;56;49;49;1;3;3;commercial;4
sla договор это;3000000;3;15;96;49;1;3;3;commercial;1
конструктор интернет магазин;1000000;3;28;3347;47;1;3;3;commercial;1
вконтакте моя страница вход на мою страницу по номеру телефона без пароля войти открыть;3000000;14;87;404;47;1;3;3;commercial;1
hh составить резюме онлайн и сохранить бесплатно;2000000;7;48;70;47;1;3;3;commercial;7
нейросеть для создания сайта бесплатно на русском языке;3000000;8;55;48;46;1;3;3;commercial;1
вишлист сервис;1000000;2;14;502;46;1;3;3;commercial;1
создать электронную почту на телефоне бесплатно пошагово андроид;2000000;8;64;300;45;1;3;3;commercial;1
вход в вк без пароля и логина на мою страницу;2000000;10;45;2171;45;1;3;3;commercial;1
как получить финансовую поддержку от государства для малого бизнеса;2000000;9;67;45;44;1;3;3;commercial;1
сервисы для изучения английского языка;2000000;5;38;185;44;1;3;3;commercial;1
алгоритм работы с возражениями в продажах;1000000;6;41;130;44;1;3;3;commercial;1
как войти в режим инкогнито на пк;2000000;7;33;112;43;1;3;3;commercial;1
можно ли купить номер телефона через интернет;2000000;7;45;51;43;1;3;3;commercial;1
сейлз менеджер;133000;2;14;289;43;1;3;3;commercial;1
подкасты бесплатно;981000;2;18;13545;43;1;3;3;commercial;1
сервис донат;1000000;2;12;2293;43;1;3;3;commercial;1
яндекс анкета создать бесплатно онлайн;2000000;5;38;68;42;1;3;3;commercial;4
сервисы для рассылки email;2000000;4;26;398;42;1;3;3;commercial;1
узнать товар по фото онлайн бесплатно;3000000;6;37;56;41;1;3;3;commercial;2
наложить музыку на видео программа бесплатно;3000000;6;44;240;41;1;3;3;commercial;1
программа 3д дизайн квартиры бесплатно;4000000;5;38;104;41;1;3;3;commercial;1
моя страница в контакте войти без пароля и логина бесплатно;3000000;10;59;1406;41;1;3;3;commercial;1
как отрабатывать возражения в продажах;433000;5;38;296;40;1;3;3;commercial;1
обязанности менеджера по маркетплейсам;214000;4;38;249;41;1;3;3;commercial;1
сделать вишлист онлайн для подарков бесплатно;2000000;6;45;65;40;1;3;3;commercial;4
определить по фото товар онлайн бесплатно;3000000;6;41;275;40;1;3;3;commercial;2
контакт моя страница войти без пароля и логина войти;2000000;9;52;11402;40;1;3;3;commercial;1
найти по фото где купить;2000000;5;24;192;40;1;3;3;commercial;2
менеджер по работе с ключевыми клиентами обязанности;1000000;7;52;96;39;1;3;3;commercial;1
узнать цену по фото онлайн бесплатно;3000000;6;36;98;39;1;3;3;commercial;2
подписка платная;1000000;2;16;93075;38;1;3;3;commercial;1
корнер магазин;1000000;2;14;391;38;1;3;3;commercial;1
платная подписка;1000000;2;16;93075;38;1;3;3;commercial;1
деньги от государства на развитие малого бизнеса;2000000;7;48;649;37;1;3;3;commercial;1
сервисы онлайн психологов;2000000;3;25;472;37;1;3;3;commercial;4
деньги на развитие малого бизнеса от государства;1000000;7;48;649;37;1;3;3;commercial;1
сервис supa;2000000;2;11;162;37;1;3;3;commercial;1
регистрация в яндекс картах;2000000;4;27;1774;37;1;3;3;commercial;1
horeca что это такое в продажах;1000000;6;31;128;37;1;3;3;commercial;16
создать яндекс форму для опроса бесплатно без регистрации;2000000;8;57;66;36;1;3;3;commercial;1
стоимость по фото определить;2000000;4;28;222;35;1;3;3;commercial;2
видеомонтаж обучение с нуля бесплатно;2000000;5;37;80;35;1;3;3;commercial;1
как добавить магазин на яндекс карту бесплатно;3000000;7;46;45;35;1;3;3;commercial;1
2гис добавить организацию на карту бесплатно;4000000;6;44;36;35;1;3;3;commercial;1
наложить звук на видео бесплатно;3000000;5;32;997;34;1;3;3;commercial;1
приложение для создания карточек для маркетплейсов бесплатно;2000000;7;60;290;34;1;3;3;commercial;1
как получить деньги от государства на бизнес с нуля;2000000;9;51;370;34;1;3;3;commercial;1
курс по инфографике бесплатно;487000;4;29;781;34;1;3;3;commercial;1
маркетинг курсы бесплатно;2000000;3;25;1375;34;1;3;3;commercial;1
как получить деньги на малый бизнес от государства;2000000;8;50;702;33;1;3;3;commercial;1
удаленные программы для работы на компьютере бесплатно;2000000;7;54;81;33;1;3;3;commercial;0
хпв в продажах это;588000;4;18;102;33;1;3;3;commercial;1
поиск по фото нейросеть онлайн бесплатно;3000000;6;40;55;32;1;3;3;commercial;2
чем занимается мерчендайзер в магазине;517000;5;38;57;32;1;3;3;commercial;1
телеграм бизнес аккаунт что это;5000;5;31;41;32;1;3;3;commercial;16
электронный кошелек регистрация;2000000;3;31;527;32;1;3;3;commercial;1
рассылка по электронной почте;1000000;4;29;1402;32;1;3;3;commercial;1
вишлист бесплатно;1000000;2;17;1934;32;1;3;3;commercial;1
регистрация в дзен;2000000;3;18;29653;31;1;3;3;commercial;1
дизайн нейросеть бесплатно;2000000;3;26;2842;31;1;3;3;commercial;1
для выявления потребностей клиента менеджер по продажам использует метод;1000000;9;72;46;30;1;3;3;commercial;1
рассылка на почту;751000;3;17;7545;30;1;3;3;commercial;1
обработка фото бесплатно приложение;3000000;4;35;2155;30;1;3;3;commercial;2
genially сервис на русском;2000000;4;26;54;30;1;3;3;commercial;1
блогинг что это;2000000;3;15;121;29;1;3;3;commercial;16
создать лендинг онлайн бесплатно;2000000;4;32;52;29;1;3;3;commercial;4
в контакте вход на мою страницу без пароля и логина;2000000;10;51;9888;28;1;3;3;commercial;1
автовебинар это;2000000;2;15;56;28;1;3;3;commercial;18
активная продажа это;2000000;3;20;869;28;1;3;3;commercial;1
курсы по маркетингу бесплатно;2000000;4;29;793;28;1;3;3;commercial;1
разместить рекламу в интернете бесплатно;2000000;5;40;441;28;1;3;3;commercial;1
постоплата в договоре;175000;3;21;1017;27;1;3;3;commercial;1
сервис по поиску психолога;2000000;4;26;93;27;1;3;3;commercial;1
как войти в телеграмм если не приходит смс с кодом;3000000;10;50;142;27;1;3;3;commercial;1
скачать видео онлайн сервис;3000000;4;27;363;27;1;3;3;commercial;19
яндекс ворд онлайн работать бесплатно;3000000;5;37;28;27;1;3;3;commercial;4
linkedin com регистрация;2000000;3;24;53;26;1;3;3;commercial;13
linkedin регистрация из россии;2000000;4;30;59;26;1;3;3;commercial;1
самые популярные почтовые сервисы;2000000;4;33;59;26;1;3;3;commercial;1
создать анонимный опрос онлайн бесплатно;2000000;5;40;34;26;1;3;3;commercial;4
бесплатное приложение для графического дизайна;2000000;5;46;297;26;1;3;3;commercial;1
лучшие сайты для чтения книг онлайн бесплатно;3000000;7;45;172;26;1;3;3;commercial;4
дифференциация в бизнесе это;951000;4;28;35;25;1;3;3;commercial;1
рассылка яндекс почта;1000000;3;21;3281;24;1;3;3;commercial;1
регистрация в дзене;995000;3;19;33986;24;1;3;3;commercial;1
сервисы для создания карт;2000000;4;25;427;24;1;3;3;commercial;1
хорека что это такое в продажах;1000000;6;31;34;23;1;3;3;commercial;16
3д ремонт квартир программа бесплатно;4000000;5;37;29;23;1;3;3;commercial;1
рассылочный сервис;2000000;2;18;46;23;1;3;3;commercial;1
рассылка почта;864000;2;14;17793;23;1;3;3;commercial;1
яндекс бизнес как работает реклама;2000000;5;34;173;23;1;3;3;commercial;1
vk com моя страница войти без пароля и логина по номеру телефона на мою страницу;3000000;15;80;331;23;1;3;3;commercial;1
активная продажа;1000000;2;16;6098;23;1;3;3;commercial;1
что делать если не можешь войти в телеграмм по номеру телефона;3000000;11;62;75;23;1;3;3;commercial;1
если предложение падает то равновесная цена;742000;6;43;38;22;1;3;3;commercial;1
чпв в продажах;484000;3;14;49;22;1;3;3;commercial;1
сервисы онлайн записи;3000000;3;21;1368;22;1;3;3;commercial;4
выявление потребности в продажах;543000;4;32;889;22;1;3;3;commercial;1
конструктор интернет магазинов;1000000;3;30;3347;22;1;3;3;commercial;1
регистрация на дзен;2000000;3;19;94102;22;1;3;3;commercial;1
программы для инфографики для маркетплейсов бесплатно на русском;3000000;8;64;75;22;1;3;3;commercial;0
бесплатные сервисы для чтения книг;2000000;5;34;76;22;1;3;3;commercial;1
как добавить магазин в яндекс карты бесплатно;3000000;7;45;37;21;1;3;3;commercial;1
продажа товаров и услуг по искусственно заниженным ценам;1000000;8;56;42;21;1;3;3;commercial;1
email рассылка сервис;2000000;3;21;1482;21;1;3;3;commercial;1
наложить музыку на видео бесплатно приложение;3000000;6;45;666;21;1;3;3;commercial;1
наложить музыку на видео приложение бесплатно;3000000;6;45;666;21;1;3;3;commercial;1
договор с постоплатой;279000;3;21;576;21;1;3;3;commercial;1
существенные условия договора оферты;1000000;4;36;219;21;1;3;3;commercial;1
наложить песню на видео бесплатно;3000000;5;33;321;21;1;3;3;commercial;19
сделать электронную почту на телефоне бесплатно;2000000;6;47;760;21;1;3;3;commercial;1
регистрация пользователя;2000000;2;24;25637;21;1;3;3;commercial;1
деньги от государства на бизнес безвозмездно;1000000;6;44;1135;21;1;3;3;commercial;1
образец оферты на заключение договора;549000;5;37;80;21;1;3;3;commercial;1
техника ссв в продажах;982000;4;22;51;21;1;3;3;commercial;1
где брать заказы для фриланса;1000000;5;29;30;20;1;3;3;commercial;15
яндекс формы бесплатный сервис для создания форм;2000000;7;48;24;20;1;3;3;commercial;1
файловый менеджер проводник;165000;3;27;316;20;1;3;3;commercial;1
распродажа это что;2000000;3;18;814;20;1;3;3;commercial;16
бот рассылка телеграмм по чатам;850000;5;31;114;20;1;3;3;commercial;1
интеграция в рекламе;1000000;3;20;675;20;1;3;3;commercial;1
программы для создания карточек для маркетплейсов бесплатно;2000000;7;59;312;20;1;3;3;commercial;0
vk com моя страница войти без пароля и логина по номеру телефона;3000000;12;64;351;20;1;3;3;commercial;1
если растет предложение то равновесная цена;957000;6;43;41;19;1;3;3;commercial;1
опознавание по фото онлайн бесплатно;2000000;5;36;34;19;1;3;3;commercial;2
сервис рассылка email;2000000;3;21;1358;19;1;3;3;commercial;1
акция снижение цены;2000000;3;19;889;19;1;3;3;commercial;1
что делает рекламный менеджер;532000;4;29;64;19;1;3;3;commercial;1
что делает риск менеджер;705000;4;24;50;19;1;3;3;commercial;1
регистрация в linkedin;1000000;3;22;115;19;1;3;3;commercial;1
рекламные площадки в интернете для бизнеса;1000000;6;42;26;18;1;3;3;commercial;1
как получить деньги от государства на открытие малого бизнеса;2000000;9;61;54;19;1;3;3;commercial;1
как получить господдержку на открытие бизнеса;2000000;6;45;45;18;1;3;3;commercial;1
сервисы онлайн бухгалтерии;2000000;3;26;224;18;1;3;3;commercial;4
возражения в продажах и их отработка;508000;6;36;31;18;1;3;3;commercial;1
текст в звуковой файл онлайн бесплатно;2000000;6;38;75;18;1;3;3;commercial;4
сервис genially;2000000;2;15;108;18;1;3;3;commercial;1
сервисы онлайн платежей;2000000;3;23;421;18;1;3;3;commercial;4
информационный бизнес это;2000000;3;25;660;18;1;3;3;commercial;1
бесплатное использование;2000000;2;24;16046;18;1;3;3;commercial;1
найти заказчика;1000000;2;15;10481;18;1;3;3;commercial;1
создание карточек для маркетплейсов бесплатно;2000000;5;45;2196;18;1;3;3;commercial;1
где купить рекламу;2000000;3;18;1466;18;1;3;3;commercial;15
регистрация в яндекс дзен;2000000;4;25;9002;18;1;3;3;commercial;1
регистрация в дзен яндекс;2000000;4;25;9002;18;1;3;3;commercial;1
вконтакте моя страница вход без пароля и логина по номеру телефона открыть;3000000;12;74;116;18;1;3;3;commercial;1
как купить и продать криптовалюту в россии;2000000;7;42;27;17;1;3;3;commercial;1
типология клиентов в продажах;607000;4;29;35;17;1;3;3;commercial;1
инфобизнесмен это;2000000;2;17;34;17;1;3;3;commercial;18
трейд менеджер это;2000000;3;18;23;17;1;3;3;commercial;1
создать телеграмм бота бесплатно онлайн;2000000;5;39;44;17;1;3;3;commercial;4
сервис электронных книг;2000000;3;23;600;17;1;3;3;commercial;1
разместить статью бесплатно;1000000;3;27;291;17;1;3;3;commercial;1
составить бизнес план бесплатно;2000000;4;31;306;17;1;3;3;commercial;7
бесплатный сервис для чтения книг;2000000;5;33;76;17;1;3;3;commercial;1
как взять деньги для бизнеса у государства;2000000;7;42;29;17;1;3;3;commercial;1
страница вк для бизнеса;2000000;4;23;761;17;1;3;3;commercial;1
курсы инфографики бесплатно;2000000;3;27;1220;16;1;3;3;commercial;1
как называется магазин где все дешево;1000000;6;37;49;16;1;3;3;commercial;15
сервиса whois;891000;2;13;1045;16;1;3;3;commercial;1
нейросеть нарисовать логотип онлайн бесплатно;2000000;5;45;108;16;1;3;3;commercial;4
регистрация пвз;2000000;2;15;766;16;1;3;3;commercial;1
просмотр сторис в инстаграм бесплатно;2000000;5;37;1631;16;1;3;3;commercial;1
дзен регистрация аккаунта как автора;2000000;5;36;33;16;1;3;3;commercial;1
cms для создания интернет магазина;876000;5;34;22;16;1;3;3;commercial;1
узнать вещь по фото онлайн бесплатно;3000000;6;36;16;16;1;3;3;commercial;2
майл рассылка;506000;2;13;2701;16;1;3;3;commercial;1
что такое смол ток в продажах;409000;6;29;16;16;1;3;3;commercial;9
wb point регистрация ип;3000;4;23;16;16;1;3;3;commercial;1
приемы активного слушания в продажах;943000;5;36;27;16;1;3;3;commercial;1
движки для интернет магазинов;604000;4;29;172;15;1;3;3;commercial;1
установить блокировку рекламы бесплатно;2000000;4;39;282;15;1;3;3;commercial;1
как взять денег на бизнес у государства с нуля;1000000;9;46;21;15;1;3;3;commercial;1
кто такой партнер в бизнесе;1000000;5;27;42;15;1;3;3;commercial;12
курсы по инфографике бесплатно;2000000;4;30;765;15;1;3;3;commercial;1
типы возражений в продажах;635000;4;26;40;15;1;3;3;commercial;1
какие интернет магазины бывают;1000000;4;30;100;15;1;3;3;commercial;1
что такое видеоблогинг;3000;3;22;19;15;1;3;3;commercial;9
человек вкладывающий деньги в бизнес ради прибыли;2000000;7;49;20;15;1;3;3;commercial;8
какие бывают интернет магазины;820000;4;30;100;15;1;3;3;commercial;1
приложения для обработки фото на андроид бесплатно на русском;3000000;9;61;71;15;1;3;3;commercial;2
реклама для бизнеса в интернете;1000000;5;31;95;15;1;3;3;commercial;1
что делают мерчендайзеры в магазине;964000;5;35;155;14;1;3;3;commercial;1
договор аутсорсинга это;2000000;3;23;217;14;1;3;3;commercial;1
лучшие сервисы email рассылок;3000000;4;29;78;14;1;3;3;commercial;1
сас стоимость привлечения клиента;512000;4;33;70;14;1;3;3;commercial;1
что означает дискаунтер магазин;639000;4;31;15;14;1;3;3;commercial;1
бизнес пространство;878000;2;19;1611;14;1;3;3;commercial;1
создать лэндинг бесплатно онлайн;2000000;4;32;15;14;1;3;3;commercial;4
сервис для сбора семантического ядра;1000000;5;36;42;14;1;3;3;commercial;1
сервисы для сбора пожертвований;923000;4;31;46;14;1;3;3;commercial;1
промостраницы личный кабинет;641000;3;28;16;14;1;3;3;commercial;1
маркетолог курсы бесплатно;2000000;3;26;434;14;1;3;3;commercial;1
как войти во второй аккаунт телеграмм;3000000;6;37;383;14;1;3;3;commercial;1
устная оферта;290000;2;13;212;14;1;3;3;commercial;1
бизнес модель длинный хвост;1000000;4;27;37;14;1;3;3;commercial;1
как формируется цена на товар;722000;5;29;124;13;1;3;3;commercial;1
сервис для передачи файлов;2000000;4;26;131;13;1;3;3;commercial;1
стоимость бренда;418000;2;16;2819;13;1;3;3;commercial;1
бизнес в телеграм;6000;3;17;1974;13;1;3;3;commercial;1
работа с клиентами в продажах;1000000;5;29;722;13;1;3;3;commercial;1
инфобизнесмены;4000;1;14;465;13;1;3;3;commercial;1
виды интернет магазинов;1000000;3;23;1404;13;1;3;3;commercial;17
стикеры в тг бесплатно;1000000;4;22;1566;13;1;3;3;commercial;1
crm коммуникации это;2000000;3;20;37;13;1;3;3;commercial;1
спам на почту бесплатно;2000000;4;23;40;13;1;3;3;commercial;1
проверить наличие товарного знака онлайн роспатент бесплатно;2000000;7;60;13;13;1;3;3;commercial;4
техника аида в продажах;574000;4;23;20;13;1;3;3;commercial;1
что значит распродажа;320000;3;21;358;13;1;3;3;commercial;1
бесплатное приложение для фото на айфон;2000000;6;39;1777;12;1;3;3;commercial;2
создать почту временно и бесплатно;2000000;5;34;18;12;1;3;3;commercial;1
наложение музыки на видео бесплатно;3000000;5;35;525;12;1;3;3;commercial;19
разовая электронная почта бесплатно;2000000;4;35;12;12;1;3;3;commercial;1
как обосновать стоимость услуг клиенту;717000;5;38;14;12;1;3;3;commercial;1
тильда рассылка писем;295000;3;21;60;12;1;3;3;commercial;1
магазины массмаркет;1000000;2;19;271;12;1;3;3;commercial;1
дает ли государство деньги на малый бизнес с нуля;2000000;9;49;16;12;1;3;3;commercial;1
добавить организацию на яндекс карты бесплатно с фотографиями с телефона;3000000;10;72;13;12;1;3;3;commercial;1
онлайн магазин что значит;1000000;4;25;110;12;1;3;3;commercial;4
бизнес на телеграм каналах;6000;4;26;124;12;1;3;3;commercial;1
телеграмм войти по смс;8000;4;22;1601;12;1;3;3;commercial;1
телеграмм войти без кода;9000;4;24;625;12;1;3;3;commercial;1
сервисы для рассылок email;2000000;4;26;398;12;1;3;3;commercial;1
купить обувь по фото;2000000;4;20;40;12;1;3;3;commercial;2
служба доставки для интернет магазинов;2000000;5;38;255;12;1;3;3;commercial;1
дорожная карта в бизнесе это;1000000;5;28;41;12;1;3;3;commercial;1
пост продажа это;3000000;3;16;73;12;1;3;3;commercial;1
если спрос на товар выше предложения то цена товара;986000;9;51;74;12;1;3;3;commercial;14
веб хостинг бесплатно для сайтов;3000000;5;32;65;12;1;3;3;commercial;1
кабинетные исследования это в маркетинге;311000;5;40;16;11;1;3;3;commercial;1
курсы маркетинга бесплатно онлайн;2000000;4;33;139;11;1;3;3;commercial;4
аналитика социальных сетей бесплатно;2000000;4;36;29;11;1;3;3;commercial;1
создать сообщество в контакте бесплатно;3000000;5;39;27;11;1;3;3;commercial;1
создать эмейл бесплатно на телефон;3000000;5;34;43;11;1;3;3;commercial;1
сколько идет электронное заказное письмо;917000;5;40;94;11;1;3;3;commercial;1
приглашение на вебинар пример текста;277000;5;36;11;11;1;3;3;commercial;1
поставить сайт на хостинг бесплатно;3000000;5;35;15;11;1;3;3;commercial;1
пример оферты на заключение договора;582000;5;36;15;11;1;3;3;commercial;1
схема бизнес модели;1000000;3;19;379;11;1;3;3;commercial;1
кто такой инвестор в бизнесе;936000;5;28;75;11;1;3;3;commercial;12
сервисы для чтения книг бесплатно;2000000;5;33;77;11;1;3;3;commercial;1
rss рассылка;386000;2;12;95;11;1;3;3;commercial;1
регистрация на яндекс дзен;2000000;4;26;43062;11;1;3;3;commercial;1
как настроить бизнес аккаунт в инстаграм;1000000;6;40;21;10;1;3;3;commercial;1
бот обратной связи в телеграм бесплатно;3000000;6;39;92;10;1;3;3;commercial;1
создать язык для телеграмм бесплатно на андроид;3000000;7;47;21;10;1;3;3;commercial;1
дорожная карта онлайн бесплатно;3000000;4;31;77;10;1;3;3;commercial;4
сервисы для смс рассылки;1000000;4;24;207;10;1;3;3;commercial;1
если предложение растет то равновесная цена;313000;6;43;30;10;1;3;3;commercial;1
инфографика на фото онлайн бесплатно;2000000;5;36;31;10;1;3;3;commercial;4
дизайн интерьера программы бесплатно;2000000;4;36;5575;10;1;3;3;commercial;0
соглашение об уровне сервиса sla;2000000;5;32;62;10;1;3;3;commercial;1
gpt 4 нейросеть бесплатно;3000000;4;25;134;10;1;3;3;commercial;1
приложение фотошоп лица бесплатно;2000000;4;33;212;10;1;3;3;commercial;1
как правильно оформить бизнес план образец;1000000;6;42;14;10;1;3;3;commercial;1
как отметить магазин на яндекс картах бесплатно;3000000;7;47;16;10;1;3;3;commercial;1
picsart онлайн обработать фото на русском бесплатно;3000000;7;51;15;10;1;3;3;commercial;4
программа для создания ментальных карт бесплатно;2000000;6;48;15;10;1;3;3;commercial;1
как назвать ооо для успешного бизнеса в торговле;2000000;8;48;15;10;1;3;3;commercial;1
стикеры для телеграмма бесплатно;5000;4;32;886;10;1;3;3;commercial;1
бизнес процессы развития;1000000;3;24;1367;10;1;3;3;commercial;1
кто такой мерчендайзер и его обязанности в магазине;664000;8;51;36;10;1;3;3;commercial;12
email рассылка дизайн;1000000;3;21;126;10;1;3;3;commercial;1
должностная инструкция менеджера маркетплейсов;419000;4;46;170;10;1;3;3;commercial;1
дзен кабинет автора;8000;3;19;255;10;1;3;3;commercial;1
сервисы емайл рассылок;1000000;3;22;117;10;1;3;3;commercial;1
сервис для создания вишлиста;634000;4;28;101;10;1;3;3;commercial;1
нейросеть по созданию логотипа бесплатно;2000000;5;40;248;10;1;3;3;commercial;1
программы для проектирования интерьера бесплатно;2000000;5;48;100;10;1;3;3;commercial;0
почтовые сервисы com;2000000;3;20;140;9;1;3;3;commercial;13
рекламная рассылка это;2000000;3;22;153;9;1;3;3;commercial;1
функционал смм менеджера;144000;3;24;16;9;1;3;3;commercial;1
таргет в продажах это;602000;4;21;34;9;1;3;3;commercial;1
сервисы почтовых рассылок;1000000;3;25;228;9;1;3;3;commercial;1
продажа рекламы в интернете;2000000;4;27;170;9;1;3;3;commercial;1
должностная инструкция менеджера маркетплейса;304000;4;45;176;9;1;3;3;commercial;1
не могу войти в телеграм не присылает код;3000000;8;41;14;9;1;3;3;commercial;1
сайты с бесплатной музыкой без авторских прав;3000000;7;45;46;9;1;3;3;commercial;1
linkedin регистрация на русском;2000000;4;31;31;9;1;3;3;commercial;1
инвесторы для бизнеса кто это;1000000;5;29;27;9;1;3;3;commercial;12
бизнес партер;1000000;2;13;99;9;1;3;3;commercial;1
как стать проектным менеджером;905000;4;30;88;9;1;3;3;commercial;1
заработать крипту бесплатно;516000;3;27;66;9;1;3;3;commercial;5
домен и хостинг бесплатно;2000000;4;25;358;9;1;3;3;commercial;1
наложить звук на видео программа бесплатно;3000000;6;42;21;9;1;3;3;commercial;1
блоггер по бизнесу;817000;3;18;87;9;1;3;3;commercial;1
aso менеджер это;2000000;3;16;10;9;1;3;3;commercial;1
бизнес план для инвесторов;897000;4;26;1060;9;1;3;3;commercial;1
информационная рассылка;444000;2;23;1633;9;1;3;3;commercial;1
вк моя страница вход на страницу без пароля и логина по номеру телефона вконтакте моя;2000000;15;85;126;8;1;3;3;commercial;1
если спрос падает то равновесная цена;661000;6;37;28;8;1;3;3;commercial;1
стоимость лида формула;445000;3;22;46;8;1;3;3;commercial;1
емайл рассылка как сделать правильно;1000000;5;36;13;8;1;3;3;commercial;11
дорожная карта в продажах;2000000;4;25;53;8;1;3;3;commercial;1
потребности в продажах;553000;3;22;2138;8;1;3;3;commercial;1
сервис для рассылок в телеграм;2000000;5;30;79;8;1;3;3;commercial;1
публикация бесплатно;2000000;2;20;7917;8;1;3;3;commercial;1
программы для создания интерьера бесплатно;2000000;5;42;787;8;1;3;3;commercial;0
wondercard ru бесплатно;2000000;3;23;8;8;1;3;3;commercial;1
рукописный шрифт кириллица бесплатно;760000;4;36;758;8;1;3;3;commercial;1
техника смол толк в продажах;803000;5;28;8;8;1;3;3;commercial;1
кто такой мерчендайзер в магазине;436000;5;33;58;8;1;3;3;commercial;12
регистрация пример;1000000;2;18;8853;8;1;3;3;commercial;1
рандомайзер для розыгрыша в инстаграм бесплатно;2000000;6;47;57;8;1;3;3;commercial;1
майнд карты бесплатно на русском;3000000;5;32;220;8;1;3;3;commercial;1
выявление потребностей клиента в продажах;644000;5;41;129;8;1;3;3;commercial;1
доп продажа это;2000000;3;15;121;8;1;3;3;commercial;1
trello регистрация;1000000;2;18;22;8;1;3;3;commercial;1
бот для создания логотипов бесплатно;736000;5;36;35;8;1;3;3;commercial;1
виды информационного бизнеса;1000000;3;28;233;8;1;3;3;commercial;17
лигал дизайн договора;1000000;3;21;49;8;1;3;3;commercial;1
программа для проектирования интерьера бесплатно;2000000;5;48;100;8;1;3;3;commercial;1
сервис скачивания видео;3000000;3;23;1313;7;1;3;3;commercial;1
зачем личный кабинет;750000;3;20;1502;7;1;3;3;commercial;1
структура бизнес процессов;1000000;3;26;1116;7;1;3;3;commercial;1
слоганы для бизнеса;761000;3;19;169;7;1;3;3;commercial;1
массмаркет магазин;1000000;2;18;271;7;1;3;3;commercial;1
как можно снизить себестоимость изделия;1000000;5;39;10;7;1;3;3;commercial;1
постпродажа это;663000;2;15;12;7;1;3;3;commercial;18
лучшие книжные сервисы;2000000;3;22;13;7;1;3;3;commercial;1
определить запчасть по фото онлайн бесплатно;3000000;6;44;8;7;1;3;3;commercial;2
рассылка звонков на телефон;1000000;4;27;63;7;1;3;3;commercial;1
приложение для обработки фото на андроид бесплатно;3000000;7;50;239;7;1;3;3;commercial;2
шрифты для логотипов бесплатно;1000000;4;30;239;7;1;3;3;commercial;1
кей аккаунт менеджер это;639000;4;24;82;7;1;3;3;commercial;1
этапы возражения в продажах;642000;4;27;252;7;1;3;3;commercial;1
как создать инстаграм для бизнеса;1000000;5;33;54;7;1;3;3;commercial;1
бизнес модель схема;1000000;3;19;384;7;1;3;3;commercial;1
потребности клиента в продажах;666000;4;30;534;7;1;3;3;commercial;1
что важно в продажах;972000;4;20;466;7;1;3;3;commercial;1
электронная рассылка это;2000000;3;24;297;7;1;3;3;commercial;1
видеомонтаж обучение бесплатно;1000000;3;30;127;7;1;3;3;commercial;1
каскадная рассылка;145000;2;18;120;7;1;3;3;commercial;1
btl акция что это;385000;4;17;25;7;1;3;3;commercial;16
рассылка тильда;137000;2;15;442;7;1;3;3;commercial;1
тильда рассылка;146000;2;15;465;7;1;3;3;commercial;1
узнать стоимость по фото онлайн бесплатно;3000000;6;41;25;7;1;3;3;commercial;2
сервис для подбора ключевых слов;2000000;5;32;37;7;1;3;3;commercial;1
смол толк в продажах;514000;4;20;34;6;1;3;3;commercial;1
емайл рассылка бесплатно;2000000;3;24;29;6;1;3;3;commercial;1
сервисы для создания квизов;1000000;4;27;30;6;1;3;3;commercial;1
схема отработки возражений в продажах;521000;5;37;7;6;1;3;3;commercial;1
word онлайн работать бесплатно яндекс;3000000;5;37;6;6;1;3;3;commercial;4
акция ограничена по времени;2000000;4;27;47;6;1;3;3;commercial;1
сервис для чтения книг бесплатно;2000000;5;32;77;6;1;3;3;commercial;1
сервис для дизайна интерьера;2000000;4;28;103;6;1;3;3;commercial;1
как развить интернет магазин;748000;4;28;86;6;1;3;3;commercial;1
спрос упал равновесная цена;753000;4;27;57;6;1;3;3;commercial;1
сервис для создания интеллект карт;2000000;5;34;56;6;1;3;3;commercial;1
get contact api;514000;3;15;32;6;1;3;3;commercial;1
вк вход на мою страницу без пароля и логина и номера телефона бесплатно;1000000;13;71;175;6;1;3;3;commercial;1
бесплатное приложение для редактирования фото на андроид;2000000;7;56;160;6;1;3;3;commercial;2
постоплата по договору поставки;312000;4;31;45;6;1;3;3;commercial;1
аналоги coreldraw бесплатно;1000000;3;27;119;6;1;3;3;commercial;1
кабинетные маркетинговые исследования;120000;3;37;111;6;1;3;3;commercial;1
рассылка в тг бесплатно;2000000;4;23;111;6;1;3;3;commercial;1
типы облачных сервисов;987000;3;22;145;6;1;3;3;commercial;1
потребности клиентов в продажах;523000;4;31;534;6;1;3;3;commercial;1
как провести вебинар в телеграмме;1000000;5;33;16;6;1;3;3;commercial;1
сервисы для ведения бухгалтерии ип;54000;5;34;18;6;1;3;3;commercial;1
создание логотипа нейросетью бесплатно;2000000;4;38;2800;6;1;3;3;commercial;1
послепродажный сервис это;2000000;3;25;17;6;1;3;3;commercial;1
какую cms выбрать для интернет магазина;1000000;6;39;13;6;1;3;3;commercial;1
эмодзи в телеграмме бесплатно;2000000;4;29;398;6;1;3;3;commercial;1
фото товаров для интернет магазина;1000000;5;34;1721;6;1;3;3;commercial;2
построение бизнес модели;1000000;3;24;1333;6;1;3;3;commercial;1
электронные сервисы почты россии;2000000;4;32;830;6;1;3;3;commercial;1
рассылка емайл бесплатно;2000000;3;24;29;6;1;3;3;commercial;1
стоимость рассылки по электронной почте;1000000;5;39;8;6;1;3;3;commercial;1
бизнес конференция это;2000000;3;22;83;6;1;3;3;commercial;1
email рассылка это;2000000;3;18;169;5;1;3;3;commercial;1
слоган для бизнеса;1000000;3;18;169;5;1;3;3;commercial;1
вк забыла пароль как войти через телефон;3000000;7;40;6;5;1;3;3;commercial;1
вход на мою страницу вконтакте без пароля и логина;2000000;9;50;10123;5;1;3;3;commercial;1
менеджер социальных сетей это;902000;4;29;37;5;1;3;3;commercial;1
социальная и экологическая ответственность бизнеса;1000000;5;50;35;5;1;3;3;commercial;1
купить монету криптовалюты;1000000;3;26;212;5;1;3;3;commercial;1
лендинг создать бесплатно самому;2000000;4;32;177;5;1;3;3;commercial;1
магазин дискаунтер что это такое;2000;5;32;7;5;1;3;3;commercial;16
как сделать страницу в инстаграм для бизнеса;1000000;7;44;5;5;1;3;3;commercial;11
смолл толк в продажах;85000;4;21;5;5;1;3;3;commercial;1
почтовая рассылка писем;909000;3;23;231;5;1;3;3;commercial;1
как раскрутить онлайн магазин;2000000;4;29;20;5;1;3;3;commercial;4
как купить рекламу;1000000;3;18;2870;5;1;3;3;commercial;1
письмо рассылка;350000;2;15;10143;5;1;3;3;commercial;1
дополнительная продажа;668000;2;22;8825;5;1;3;3;commercial;1
как сделать инстаграм бизнес аккаунтом;2000000;5;38;1351;5;1;3;3;commercial;11
регистрация в линкедин в россии;2000000;5;31;10;5;1;3;3;commercial;1
постоплата по договору;292000;3;22;462;5;1;3;3;commercial;1
из чего делают чеки в магазинах;673000;6;31;17;5;1;3;3;commercial;1
антиреклама бесплатно;2000000;2;21;597;5;1;3;3;commercial;1
успейте сделать заказ;929000;3;21;354;5;1;3;3;commercial;11
сайты для поиска заказов;2000000;4;24;299;5;1;3;3;commercial;1
вконтакте моя страница войти без пароля и логина сразу на мою страницу;2000000;12;70;3097;5;1;3;3;commercial;1
smtp рассылка;467000;2;13;384;5;1;3;3;commercial;1
цена по фотографии товара в интернете поиск;70000;7;43;8;5;1;3;3;commercial;14
почта с паролем бесплатно;2000000;4;25;721;5;1;3;3;commercial;1
сфера ресторанного бизнеса как называется;1000000;5;41;8;5;1;3;3;commercial;1
чек от магазина;514000;3;15;786;5;1;3;3;commercial;1
чек в магазине это;633000;4;18;848;5;1;3;3;commercial;1
продвижение телеграмм канала бесплатно с нуля;7000;6;45;4;4;1;3;3;commercial;1
сервис email рассылок лучший;3000000;4;28;72;4;1;3;3;commercial;1
значение слова распродажа;586000;3;25;31;4;1;3;3;commercial;1
аватарка через нейросеть онлайн бесплатно;78000;5;41;34;4;1;3;3;commercial;4
инфо бизнес это;2000000;3;15;20;4;1;3;3;commercial;18
что такое интеграция в рекламе;950000;5;30;16;4;1;3;3;commercial;9
внутрикорпоративный пиар;11000;2;24;17;4;1;3;3;commercial;1
продажа информации как бизнес;2000000;4;29;17;4;1;3;3;commercial;1
создать сайт с текстом бесплатно;1000000;5;32;27;4;1;3;3;commercial;1
aso менеджер;993000;2;12;25;4;1;3;3;commercial;1
создать чат бота бесплатно онлайн;2000000;5;33;22;4;1;3;3;commercial;4
регистрация электронного кошелька;2000000;3;33;527;4;1;3;3;commercial;1
зарабатывать деньги в интернете бесплатно;2000000;5;41;420;4;1;3;3;commercial;5
хостинг для сайта бесплатно для html;3000000;6;36;288;4;1;3;3;commercial;1
требования к менеджеру проекта;767000;4;30;257;4;1;3;3;commercial;1
логотипы для магазина;497000;3;21;2933;4;1;3;3;commercial;1
бизнес в инстаграм;831000;3;18;8253;4;1;3;3;commercial;1
платные сервисы;884000;2;15;6512;4;1;3;3;commercial;1
как называется продажа товара;711000;4;29;1084;4;1;3;3;commercial;14
мой контакт моя страница войти без пароля по номеру телефона без пароля и логина;2000000;14;80;1561;4;1;3;3;commercial;1
брифинг заказчика;79000;2;17;69;4;1;3;3;commercial;1
как формируется цена товара;263000;4;27;182;4;1;3;3;commercial;14
бизнес профиль вк;1000000;3;17;207;4;1;3;3;commercial;1
дифференциация в бизнесе;831000;3;24;123;4;1;3;3;commercial;1
куда можно выложить файлы для скачивания бесплатно;2000000;7;50;4;4;1;3;3;commercial;1
создание интерактивной карты онлайн бесплатно;2000;5;45;5;4;1;3;3;commercial;4
техника хвп в продажах это;734000;5;26;4;4;1;3;3;commercial;1
рукописные шрифты кириллица бесплатно;2000000;4;37;758;4;1;3;3;commercial;1
категории товаров в магазине;1000000;4;28;1186;4;1;3;3;commercial;1
платное приложение для монтажа;1000000;4;30;95;4;1;3;3;commercial;1
почта россии программа для отправки заказных писем;2000000;7;50;8;4;1;3;3;commercial;1
закон предложения означает что покупатели купят больше товаров по низким ценам чем по высоким;2000000;14;93;9;4;1;3;3;commercial;1
бизнес должен быть социально ответственным;1000000;5;42;9;4;1;3;3;commercial;1
запись сна на iphone бесплатно;67000;5;30;5;4;1;3;3;commercial;1
как определить свою целевую аудиторию для бизнеса;1000000;7;49;6;4;1;3;3;commercial;1
понятие интернет магазин;796000;3;24;44;3;1;3;3;commercial;1
вконтакте моя страница открыть вход без пароля и логина и пароля войти;3000000;12;70;104;3;1;3;3;commercial;1
онлайн оплата интернет магазин;2000000;4;30;229;3;1;3;3;commercial;4
функции менеджера по рекламе;999000;4;28;63;3;1;3;3;commercial;1
программа для 3д моделирования интерьера бесплатно;3000000;6;50;62;3;1;3;3;commercial;1
истинные возражения в продажах;461000;4;30;73;3;1;3;3;commercial;1
вконтакте моя страница войти без пароля и логина бесплатно с телефона сразу;3000000;12;75;58;3;1;3;3;commercial;1
сделать электронную почту на телефоне бесплатно прямо сейчас без регистрации;4000000;10;76;16;3;1;3;3;commercial;1
как оформить магазин в вк;1000000;5;25;27;3;1;3;3;commercial;1
сколько действует оферта;669000;3;24;24;3;1;3;3;commercial;1
нейросеть создания логотипа бесплатно;2000000;4;37;2811;3;1;3;3;commercial;1
сайт онлайн магазина;1000000;3;20;3912;3;1;3;3;commercial;4
как работает кабинет;1000000;3;20;8916;3;1;3;3;commercial;1
оплата постоплата;1000000;2;17;2238;3;1;3;3;commercial;1
хостинги для сайта бесплатно;3000000;4;28;2327;3;1;3;3;commercial;1
сервисы для маркетолога;1000000;3;23;102;3;1;3;3;commercial;1
создание бизнес плана пример;1000000;4;28;97;3;1;3;3;commercial;1
моя страница в вконтакте открыть без пароля и логина войти;3000000;10;58;105;3;1;3;3;commercial;1
обязанности менеджера по ключевым клиентам;538000;5;42;116;3;1;3;3;commercial;1
рассылка через интернет;643000;3;23;129;3;1;3;3;commercial;1
улучшение качества видео нейросетью онлайн бесплатно;3000000;6;52;121;3;1;3;3;commercial;4
свободная оферта;390000;2;16;77;3;1;3;3;commercial;1
интеллект карты бесплатно на русском;3000000;5;36;96;3;1;3;3;commercial;1
вк моя страница вход на страницу без пароля и логина по номеру телефона бесплатно;3000000;14;81;144;3;1;3;3;commercial;1
биддер бесплатно;1000000;2;16;131;3;1;3;3;commercial;1
онлайн сервисы для создания интеллект карт;3000000;6;42;6;3;1;3;3;commercial;4
в практике маркетинга кабинетные исследования применяются для следующих целей;2000000;9;77;4;3;1;3;3;commercial;1
как продвигать интернет магазин самостоятельно;781000;5;46;4;3;1;3;3;commercial;1
отложенный постинг в инстаграм бесплатно;2000000;5;40;6;3;1;3;3;commercial;1
m vk com вход мобильная версия на мою страницу без пароля и логина;2000000;13;66;3;3;1;3;3;commercial;1
исчисление себестоимости единицы выполненной сервисной или медицинской услуги это;813000;9;81;5;3;1;3;3;commercial;1
найти адекватную и понятную информацию по каждому аспекту бизнеса а также последние;2000000;12;83;3;3;1;3;3;commercial;1
telegram как войти;9000;3;18;1205;3;1;3;3;commercial;1
мониторинг соцсетей бесплатно;2000000;3;29;13;3;1;3;3;commercial;1
трелло регистрация;1000000;2;18;13;3;1;3;3;commercial;1
телега ин как купить рекламу;2000000;5;28;12;3;1;3;3;commercial;1
раскрутка канала в телеграмме бесплатно;7000;5;39;8;3;1;3;3;commercial;1
фотошоп для инфографики маркетплейсов бесплатно;1000000;5;47;13;3;1;3;3;commercial;1
курсы софт скиллс бесплатно;2000000;4;27;12;3;1;3;3;commercial;1
иерархия в бизнесе должности;880000;4;28;8;3;1;3;3;commercial;1
рассылка смс на номера;1000000;4;22;151;2;1;3;3;commercial;1
длинный хвост бизнес модель это;1000000;5;31;4;2;1;3;3;commercial;1
подписка на рассылки на email;2000000;5;29;24;2;1;3;3;commercial;1
рассылка спама на почту;671000;4;23;258;2;1;3;3;commercial;1
узнать стоимость по картинке;802000;4;28;5;2;1;3;3;commercial;1
постоплата как пишется в договоре;587000;5;33;9;2;1;3;3;commercial;1
ютуб загрузить видео бесплатно;3000000;4;30;191;2;1;3;3;commercial;19
услуга это в маркетинге;2000000;4;23;438;2;1;3;3;commercial;1
стикеры интересные бесплатно;2000000;3;28;47;2;1;3;3;commercial;1
онлайн инструменты для бизнеса;2000000;4;30;63;2;1;3;3;commercial;4
полная себестоимость производства и реализации отличается от производственной себестоимости на сумму;940000;11;100;7;2;1;3;3;commercial;1
в соответствии с законом спроса если цена товара растет то;112000;10;58;6;2;1;3;3;commercial;14
вывод в бизнес плане;1000000;4;20;32;2;1;3;3;commercial;1
email магазин;2000000;2;13;339;2;1;3;3;commercial;1
заказное по;3000000;2;11;55372;2;1;3;3;commercial;1
работа в личном кабинете;1000000;4;24;36014;2;1;3;3;commercial;1
значение по фото онлайн бесплатно;2000000;5;33;45;2;1;3;3;commercial;2
ценообразование в продажах;471000;3;26;245;2;1;3;3;commercial;1
бизнес имидж организации;937000;3;24;46;2;1;3;3;commercial;1
рекламная рассылка по электронной почте;3000;5;39;49;2;1;3;3;commercial;1
шапка интернет магазина;1000000;3;23;1545;2;1;3;3;commercial;1
бизнес профиль в одноклассниках;9000;4;31;39;2;1;3;3;commercial;1
форумы для бизнеса;1000000;3;18;1291;2;1;3;3;commercial;1
логотип на магазин;912000;3;18;1352;2;1;3;3;commercial;1
выложить сайт на хостинг бесплатно;2000000;5;34;42;2;1;3;3;commercial;1
бизнес процесс развития;1000000;3;23;1367;2;1;3;3;commercial;1
матричные магазины что это;422000;4;26;5;2;1;3;3;commercial;16
самые популярные сервисы электронной почты;1000000;5;42;12;2;1;3;3;commercial;1
ментальная карта программа бесплатно;425000;4;36;20;2;1;3;3;commercial;1
автоматизация массового подбора персонала;482000;4;41;14;2;1;3;3;commercial;1
цена товара в условиях рынка регулируется соотношением спроса и предложения;2000000;10;75;17;2;1;3;3;commercial;14
сэмплинг в продажах;532000;3;19;17;2;1;3;3;commercial;1
регистрация в миджорни;1000000;3;22;18;2;1;3;3;commercial;1
поиск шрифта по фото кириллица бесплатно;3000000;6;40;14;2;1;3;3;commercial;2
психологические приемы в продажах;627000;4;33;17;2;1;3;3;commercial;1
как формируется цена в рыночной экономике;1000000;6;41;17;2;1;3;3;commercial;1
смол ток в продажах;543000;4;19;25;2;1;3;3;commercial;1
как скопировать логин в телеграмме;1000000;5;34;10;2;1;3;3;commercial;1
форум по бизнесу;1000000;3;16;884;2;1;3;3;commercial;1
фреймворк в бизнесе;681000;3;19;29;2;1;3;3;commercial;1
скрипты отработки возражений в продажах;451000;5;39;9;2;1;3;3;commercial;1
войти на сайт по куар коду;3000000;6;26;22;2;1;3;3;commercial;1
под прямой продажей бизнеса понимается;1000000;5;38;2;2;1;3;3;commercial;1
создание лендинга самостоятельно бесплатно с нуля;2000000;6;49;2;2;1;3;3;commercial;1
программы для 3д моделирования интерьера бесплатно;3000000;6;50;77;2;1;3;3;commercial;0
приложения для красивых фото бесплатно;3000000;5;38;74;2;1;3;3;commercial;2
если спрос уменьшился то равновесная цена;678000;6;41;69;2;1;3;3;commercial;1
бот рассылка телеграмм бесплатно;2000000;4;32;118;2;1;3;3;commercial;1
рассылки писем на email бесплатно;2000000;5;33;73;2;1;3;3;commercial;1
предложение в бизнесе;1000000;3;21;2996;2;1;3;3;commercial;1
магазин около кассы;998000;3;19;91;2;1;3;3;commercial;1
бизнес аккаунт в вконтакте;1000000;4;26;114;2;1;3;3;commercial;1
российские фотостоки бесплатно;2000000;3;30;57;2;1;3;3;commercial;1
наложить музыку бесплатно;2000000;3;25;17154;2;1;3;3;commercial;1
креативная рассылка;172000;2;19;93;2;1;3;3;commercial;1
как провести анализ рынка для бизнес;1000000;6;36;55;2;1;3;3;commercial;1
создать емейл на телефоне андроид бесплатно;2000000;6;43;56;2;1;3;3;commercial;1
сервисы для емейл рассылки;1000000;4;26;56;2;1;3;3;commercial;1
сервисы для ментальных карт;1000000;4;27;52;2;1;3;3;commercial;1
выберите на какие вопросы должен ответить бизнес план;2000000;8;53;3;2;1;3;3;commercial;1
приложение которое записывает звуки во время сна андроид бесплатно;3000000;9;66;1;1;1;3;3;commercial;1
открыть пункт выдачи wildberries условия цена официальный сайт;3000000;8;62;1;1;1;3;3;commercial;1
готовность потребителей приобрести товар по разным ценам называют;1000000;8;65;1;1;1;3;3;commercial;1
как создать магазин в вк с телефона;2000000;7;35;1;1;1;3;3;commercial;1
smm менеджер обязанности и требования;578000;5;37;1;1;1;3;3;commercial;1
название бизнес проекта варианты;2000000;4;32;1;1;1;3;3;commercial;1
цена единицы товара при рыночном методе ценообразования основана на;899000;9;67;1;1;1;3;3;commercial;14
стратегическая матрица crm;194000;3;26;1;1;1;3;3;commercial;1
зайти на свою страницу в контакте моя страница без пароля и логина и пароля;2000000;14;75;1;1;1;3;3;commercial;1
составьте предложение о заключении какого либо договора отвечающее признакам оферты;1000000;10;83;1;1;1;3;3;commercial;1
алиэкспресс войти как продавец;2000000;4;30;1;1;1;3;3;commercial;1
распознать шрифт по картинке онлайн на русском бесплатно;2000000;8;56;1;1;1;3;3;commercial;4
смс сервисы для рассылки смс;1000000;5;28;207;1;1;3;3;commercial;1
cm интернет магазин;1000000;3;19;112;1;1;3;3;commercial;1
кто не является участником бизнес процесса;3000000;6;42;1;1;1;3;3;commercial;12
список желаний онлайн сервис;3000000;4;28;1;1;1;3;3;commercial;4
существенные условия договора оферты публичной;1000000;5;46;40;1;1;3;3;commercial;1
корпоративная рассылка;900000;2;22;432;1;1;3;3;commercial;1
выгодно ли потребителю конкуренция производителей;661000;5;49;31;1;1;3;3;commercial;1
если предложение и спрос на товар возрастают то цена повысится;1000000;10;62;31;1;1;3;3;commercial;1
моя страница вконтакте войти прямо на страницу без пароля и логина по номеру;2000000;13;76;410;1;1;3;3;commercial;1
ютуб разместить видео бесплатно;3000000;4;31;30;1;1;3;3;commercial;19
демпинговым ценам;1000000;2;17;464;1;1;3;3;commercial;1
сервис для чат бота;1000000;4;19;470;1;1;3;3;commercial;1
смс рассылки api;408000;3;16;37;1;1;3;3;commercial;1
ютуб выложить видео бесплатно;312000;4;29;27;1;1;3;3;commercial;19
квалификация лида в продажах;509000;4;28;32;1;1;3;3;commercial;1
как создать страницу в инстаграм для бизнеса;715000;7;44;18;1;1;3;3;commercial;1
цена товара снизится если;577000;4;25;919;1;1;3;3;commercial;14
контакты моя страница открыть без пароля и логина мою;2000000;9;53;831;1;1;3;3;commercial;1
бизнес модель бренда;1000000;3;20;184;1;1;3;3;commercial;1
бесплатная рассылка рекламы;2000000;3;27;190;1;1;3;3;commercial;1
сайты с платной подпиской;2000000;4;25;203;1;1;3;3;commercial;1
сервисы для отправки сообщений;1000000;4;30;168;1;1;3;3;commercial;1
рассылка в тильде;126000;3;17;155;1;1;3;3;commercial;1
сервисдеск;7000000;1;10;128;1;1;3;3;commercial;1
приложение для обработки лица бесплатно;2000000;5;39;141;1;1;3;3;commercial;1
моя страница вконтакте вход прямо на страницу без пароля и логина по номеру телефона;2000000;14;84;158;1;1;3;3;commercial;1
сервисы сбора денег;2000000;3;19;272;1;1;3;3;commercial;1
программа для 3д интерьера бесплатно;4000000;5;36;275;1;1;3;3;commercial;1
эластичная цена это;2000000;3;19;315;1;1;3;3;commercial;1
как придумать название бизнесу;1000000;4;30;67;1;1;3;3;commercial;1
как открыть бизнес вайлдберриз;589000;4;30;219;1;1;3;3;commercial;1
корпоративный имидж компании;706000;3;28;218;1;1;3;3;commercial;1
программа для создания интерьера комнаты бесплатно;2000000;6;50;69;1;1;3;3;commercial;1
описание бизнес модели проекта;2000000;4;30;58;1;1;3;3;commercial;1
равновесная цена зависимость от спроса и предложения;948000;7;52;62;1;1;3;3;commercial;1
бизнес модель длинный хвост это;1000000;5;31;5;1;1;3;3;commercial;1
в чем проявляется социальная ответственность бизнеса;1000000;6;52;2;1;1;3;3;commercial;1
какие документы нужны для помощи малому бизнесу;2000000;7;47;5;1;1;3;3;commercial;1
если цена товара эластичного спроса снизилась с 15 руб до 10 руб то выручка;3000000;14;75;2;1;1;3;3;commercial;14
услуга маркетинг;729000;2;16;7766;1;1;3;3;commercial;1
техники убеждения в продажах;593000;4;28;7;1;1;3;3;commercial;1
как получить деньги под бизнес;71000;5;30;3;1;1;3;3;commercial;1
регистрация в трелло;102000;3;20;3;1;1;3;3;commercial;1
менеджер вкладок chrome;17000;3;23;4;1;1;3;3;commercial;1
критерии ценности для заказчика;193000;4;31;12;1;1;3;3;commercial;1
направления в продажах;762000;3;22;1744;1;1;3;3;commercial;1
что произойдет со спросом если цена товара поднимется;2000000;8;53;12;1;1;3;3;commercial;14
как заработать на пункте выдачи заказов;1000000;6;39;15;1;1;3;3;commercial;5
на какие вопросы должен ответить бизнес план;2000000;7;44;15;1;1;3;3;commercial;1
по объему включаемых затрат различают себестоимость;611000;6;51;2;1;1;3;3;commercial;1
чем определяется максимальная цена товара;721000;5;41;8;1;1;3;3;commercial;14
список почтовых сервисов интернета;2000000;4;34;8;1;1;3;3;commercial;1
личная продажа это кратко;698000;4;25;2;1;1;3;3;commercial;1
себестоимость продукции это тест;486000;4;32;10;1;1;3;3;commercial;1
лучшие онлайн сервисы;3000000;3;21;2373;1;1;3;3;commercial;4
pr акция что это;522000;4;16;10;1;1;3;3;commercial;16
узнать цену товара по фото онлайн бесплатно;3000000;7;43;2;1;1;3;3;commercial;2
wow сервис что это;818000;4;18;9;1;1;3;3;commercial;16
вк моя страница открыть без пароля и логина через телефон бесплатно;2000000;11;67;3;0;1;3;3;commercial;1
что такое работа с возражениями в продажах;1000000;7;42;4;0;1;3;3;commercial;9
сервис по созданию ментальных карт;2000000;5;34;7;0;1;3;3;commercial;1
интернет магазин доклад;1000000;3;23;6;0;1;3;3;commercial;1
оплата за донейшен;1000000;3;18;8;0;1;3;3;commercial;1
создать сайт каталог товаров бесплатно;2000000;5;38;8;0;1;3;3;commercial;1
интернет магазины доклад;819000;3;24;6;0;1;3;3;commercial;1
smm менеджер функционал;402000;3;23;8;0;1;3;3;commercial;1
менеджер по рассылкам это;284000;4;25;8;0;1;3;3;commercial;1
личная продажа это элемент;994000;4;26;8;0;1;3;3;commercial;1
найти шрифт по картинке бесплатно кириллица;3000000;6;43;8;0;1;3;3;commercial;1
сервисы по рассылке смс сообщений;2000000;5;33;5;0;1;3;3;commercial;1
если цена на товар увеличилась на 1 и это привело к сокращению;4000000;12;62;5;0;1;3;3;commercial;1
crm тильда возможности;697000;3;22;5;0;1;3;3;commercial;1
vkontakte ru вход на мою страницу без пароля и логина войти;3000000;11;59;6;0;1;3;3;commercial;1
менеджер по цифровому маркетингу это;429000;5;36;5;0;1;3;3;commercial;1
письмо оферта на заключение договора;552000;5;36;5;0;1;3;3;commercial;1
подъемные для бизнеса от государства;754000;5;36;5;0;1;3;3;commercial;1
оферта твердая и свободная;399000;4;26;5;0;1;3;3;commercial;1
обучение instagram для бизнеса;1000000;4;30;1;0;1;3;3;commercial;1
модерация вебинаров что это;21000;4;27;1;0;1;3;3;commercial;16
приложение для рассылки сообщений в вк бесплатно;2000000;7;48;1;0;1;3;3;commercial;1
создать электронный кошелек бесплатно в россии;3000000;6;46;1;0;1;3;3;commercial;1
помощь от администрации малому бизнесу;2000000;5;38;1;0;1;3;3;commercial;1
как зарегистрировать бизнес аккаунт в инстаграм;1000000;6;47;1;0;1;3;3;commercial;1
как изменится общий доход предпринимателя если цена повысилась а спрос на товар эластичный;952000;13;90;1;0;1;3;3;commercial;1
кабинетное исследование достоинства и недостатки;30000;5;48;1;0;1;3;3;commercial;1
инстаграм для бизнеса скачать;1000000;4;29;1;0;1;3;3;commercial;19
7 с помощью каких сервисов можно передать файл другому пользователю в сети интернет;3000000;13;83;1;0;1;3;3;commercial;1
инстаграм магазин курс;1000000;3;22;1;0;1;3;3;commercial;1
бизнес аккаунт в инстаграм обучения;1000000;5;35;1;0;1;3;3;commercial;1
как придумать название для сервиса;1000000;5;34;2;0;1;3;3;commercial;1
сервис поиска одежды по фото;2000000;5;28;3;0;1;3;3;commercial;2
деньги за бизнес план от государства;1000000;6;36;2;0;1;3;3;commercial;1
сервисы для чтения книг по подписке;829000;6;35;3;0;1;3;3;commercial;1
крутые стикеры для телеграмма бесплатно;2000000;5;39;3;0;1;3;3;commercial;1
брифинг заказчика это;2000000;3;21;3;0;1;3;3;commercial;1
сценарий корпоративной конференции;172000;3;34;3;0;1;3;3;commercial;1
себестоимость продукции включает в себя тест;820000;6;44;2;0;1;3;3;commercial;1
сервис по подбору ключей;2000000;4;24;2;0;1;3;3;commercial;1
сервис проверки почты на спам;1000000;5;29;2;0;1;3;3;commercial;1
цена товара повысится если предложение товара;889000;6;45;89;0;1;3;3;commercial;14
анализ ассортимента магазина;532000;3;28;95;0;1;3;3;commercial;1
ретушь фотографий программа бесплатно;2000000;4;37;78;0;1;3;3;commercial;1
найти русский шрифт по картинке бесплатно;405000;6;41;86;0;1;3;3;commercial;1
фотошоп фотографий на телефоне бесплатно андроид;2000000;6;48;141;0;1;3;3;commercial;1
сервисы отправки электронных писем;1000000;4;34;140;0;1;3;3;commercial;1
рассылка сообщений в мессенджерах;682000;4;33;118;0;1;3;3;commercial;1
вк вход на мою страницу без пароля и логина по номеру телефона бесплатно войти;3000000;14;78;110;0;1;3;3;commercial;1
если снижается цена на товар то спрос;908000;7;37;111;0;1;3;3;commercial;1
техника возражений в продажах;634000;4;29;112;0;1;3;3;commercial;1
бесплатные email сервисы;2000000;3;24;116;0;1;3;3;commercial;1
бизнес модель планирование;1000000;3;26;112;0;1;3;3;commercial;1
условия оплаты в договоре постоплата;1000000;5;36;46;0;1;3;3;commercial;1
лучшие cms для интернет магазинов;2000000;5;33;45;0;1;3;3;commercial;1
емейл рассылки бесплатно;2000000;3;24;46;0;1;3;3;commercial;1
пример описания бизнес модели;1000000;4;29;47;0;1;3;3;commercial;1
3d графика бесплатно;3000000;3;20;71;0;1;3;3;commercial;1
рассылка по базе телеграмм;7000;4;26;66;0;1;3;3;commercial;1
продажа товаров за границу это;722000;5;30;56;0;1;3;3;commercial;1
рассылка в интернете;588000;3;20;781;0;1;3;3;commercial;1
вконтакте моя страница открыть мою страницу без логина и пароля войти;3000000;11;69;493;0;1;3;3;commercial;1
заработать деньги в интернете бесплатно;2000000;5;39;420;0;1;3;3;commercial;5
дизайн проекты квартир программа бесплатно;3000000;5;42;446;0;1;3;3;commercial;1
управление продажами в торговле;731000;4;31;479;0;1;3;3;commercial;1
контакты моя страница открыть без пароля и логина мою страницу войти;2000000;11;68;577;0;1;3;3;commercial;1
вк вход на мою страницу без пароля войти;2000000;8;40;3157;0;1;3;3;commercial;1
дополнительная продажа это;1000000;3;26;519;0;1;3;3;commercial;1
нейросети для видео онлайн бесплатно;2000000;5;36;2815;0;1;3;3;commercial;4
вконтакте вход на страницу на мою без пароля и логина телефоне войти;3000000;12;68;2245;0;1;3;3;commercial;1
вход в контакт на мою страницу без пароля и логина войти сразу моя страница;3000000;14;75;4048;0;1;3;3;commercial;1
вконтакте моя страница войти без пароля по номеру;2000000;8;49;4410;0;1;3;3;commercial;1
раскрутить магазин;552000;2;18;1307;0;1;3;3;commercial;1
3д дизайн программа бесплатно;3000000;4;29;1005;0;1;3;3;commercial;1
программы для рекламы бесплатно;2000000;4;31;1013;0;1;3;3;commercial;0
бизнес процесс структура;1000000;3;24;1117;0;1;3;3;commercial;1
мой контакт моя страница войти без пароля и номера телефона;3000000;10;59;1480;0;1;3;3;commercial;1
блог сервис;1000000;2;11;1971;0;1;3;3;commercial;1
сервисы для онлайн платежей;2000000;4;27;194;0;1;3;3;commercial;4
описание отрасли в бизнес плане;1000000;5;31;220;0;1;3;3;commercial;1
вход в вк моя страница без пароля и логина бесплатно;3000000;10;52;199;0;1;3;3;commercial;1
определи стоимость по фото;1000000;4;26;222;0;1;3;3;commercial;2
бесплатная почтовая рассылка;2000000;3;28;150;0;1;3;3;commercial;1
оферта сообщение;766000;2;16;164;0;1;3;3;commercial;1
сообщение оферта;567000;2;16;164;0;1;3;3;commercial;1
найти товар по фото в интернете онлайн бесплатно;3000000;8;48;405;0;1;3;3;commercial;2
контакты моя страница открыть без пароля и логина мою страницу войти сразу;3000000;12;74;283;0;1;3;3;commercial;1
требования к менеджеру проектов;1000000;4;31;257;0;1;3;3;commercial;1
оферта существенные условия договора;541000;4;36;276;0;1;3;3;commercial;1
как закрывать возражения в продажах;473000;5;35;14;0;1;3;3;commercial;1
сервис товарной политики;2000000;3;24;15;0;1;3;3;commercial;1
ключевые навыки менеджера маркетплейса;432000;4;38;14;0;1;3;3;commercial;1
сервис для дизайнеров интерьера;985000;4;31;17;0;1;3;3;commercial;1
курс веб аналитика бесплатно;2000000;4;28;18;0;1;3;3;commercial;1
внутренняя социальная ответственность бизнеса;1000000;4;45;15;0;1;3;3;commercial;1
ценовая политика в бизнес плане;2000000;5;31;9;0;1;3;3;commercial;1
бизнес план необходим для тест;2000000;5;30;11;0;1;3;3;commercial;1
дискриминационная цена это;2000000;3;26;11;0;1;3;3;commercial;1
бесплатные движки для интернет магазина;2000000;5;39;12;0;1;3;3;commercial;1
сервисы для сбора семантики;1000000;4;27;12;0;1;3;3;commercial;1
анимированная инфографика бесплатно;1000000;3;35;10;0;1;3;3;commercial;1
массовая рассылка email программа;2000000;4;33;31;0;1;3;3;commercial;1
бесплатная рассылка писем по электронной почте бесплатно;2000000;7;56;28;0;1;3;3;commercial;1
найти магазин по фотографии;2000000;4;27;29;0;1;3;3;commercial;1
кабинетное исследование в маркетинге;291000;4;36;40;0;1;3;3;commercial;1
вконтакте социальная сеть вход на мою страницу без пароля и логина в контакте моя;2000000;14;81;40;0;1;3;3;commercial;1
бесплатное приложение для 3д дизайна;361000;5;36;35;0;1;3;3;commercial;1
сервис распознавания картинок;1000000;3;29;36;0;1;3;3;commercial;1
сущность управления продажами;731000;3;29;20;0;1;3;3;commercial;1
консультирование покупателей в магазине;634000;4;39;25;0;1;3;3;commercial;1
магазин сетевого маркетинга;680000;3;27;25;0;1;3;3;commercial;1
рассылка на вайбер;183000;3;18;25;0;1;3;3;commercial;1
модерация вебинаров;74000;2;19;26;0;1;3;3;commercial;1
лендинг пейдж бесплатно;1000000;3;23;26;0;1;3;3;commercial;1
рассылка;9000000;1;8;231086;1094;1;4;4;commercial;1
в контакте моя страница вход на мою страницу без пароля и логина;2000000;12;64;9888;1108;1;4;4;commercial;1
яндекс формы войти;2000000;3;18;4027;1037;1;4;4;commercial;1
онлайн заказное письмо почта россии;3000000;5;35;4745;926;1;4;4;commercial;4
почта россии заказное письмо онлайн;3000000;5;35;4465;878;1;4;4;commercial;4
программа для дизайна интерьера бесплатно;2000000;5;41;4003;909;1;4;4;commercial;1
интернет магазин создать;2000000;3;24;6759;842;1;4;4;commercial;1
контакт моя страница вход на мою страницу в контакте без пароля и логина войти сразу;3000000;15;84;4021;825;1;4;4;commercial;1
категорийный менеджер;910000;2;21;6576;786;1;4;4;commercial;1
создать интернет магазин;2000000;3;24;6698;822;1;4;4;commercial;1
почта заказное онлайн;2000000;3;21;6868;715;1;4;4;commercial;4
нейросети онлайн бесплатно на русском;3000000;5;37;22316;689;1;4;4;commercial;4
бесплатно наложить музыку на видео;3000000;5;34;10912;606;1;4;4;commercial;1
перевести с английского на русский по фото с телефона бесплатно через камеру без скачивания;3000000;14;91;1049;547;1;4;4;commercial;2
почта россии отправить письмо электронно заказное;2000000;6;49;2513;484;1;4;4;commercial;1
сделать видео нейросеть бесплатно;3000000;4;33;6832;472;1;4;4;commercial;1
заказное ру почта ру;1000000;4;20;12243;460;1;4;4;commercial;1
вконтакте моя страница вход на мою страницу без пароля и логина бесплатно с телефона;3000000;14;84;1778;428;1;4;4;commercial;1
нейросеть улучшить качество видео бесплатно;3000000;5;43;1095;377;1;4;4;commercial;1
контакт моя страница войти без пароля и логина;3000000;8;46;11402;364;1;4;4;commercial;1
отправка заказных писем онлайн почта россии;3000000;6;43;452;367;1;4;4;commercial;4
заказное рф;1000000;2;11;1897;350;1;4;4;commercial;1
leiapix;3000;1;7;922;320;1;4;4;commercial;1
аутлук войти в почту;2000000;4;20;1584;314;1;4;4;commercial;1
supa dashboard бесплатно;2000000;3;24;341;313;1;4;4;commercial;1
в контакте моя страница вход на мою страницу без пароля и логина войти бесплатно;3000000;14;80;1216;303;1;4;4;commercial;1
создание видео с помощью нейросети бесплатно;4000000;6;44;740;303;1;4;4;commercial;1
купить по фото товар;2000000;4;20;614;281;1;4;4;commercial;2
инкогнито войти;2000000;2;15;3645;285;1;4;4;commercial;1
цена по фото;2000000;3;12;14154;276;1;4;4;commercial;2
email рассылка;1000000;2;14;6819;271;1;4;4;commercial;1
временная почта онлайн бесплатно;3000000;4;32;330;267;1;4;4;commercial;4
создать чат бот в телеграмме бесплатно;2000000;6;38;853;267;1;4;4;commercial;1
бренд менеджер обучение;1000000;3;23;525;262;1;4;4;commercial;1
обучение бренд менеджер;928000;3;23;508;259;1;4;4;commercial;1
рекламная интеграция это;2000000;3;24;536;254;1;4;4;commercial;1
моя страница вконтакте войти без пароля;3000000;6;39;12230;256;1;4;4;commercial;1
контакт моя страница вход без логина и пароля;2000000;8;45;13333;229;1;4;4;commercial;1
переводчик с китайского на русский с камеры телефона онлайн бесплатно;3000000;10;69;2380;217;1;4;4;commercial;4
заказное рф почта;1000000;3;17;824;198;1;4;4;commercial;1
в контакте моя страница вход на мою страницу без пароля прямо сейчас войти;4000000;13;74;644;196;1;4;4;commercial;1
рассылка писем по e mail;1000000;5;24;456;195;1;4;4;commercial;1
freepik бесплатно;2000000;2;17;1103;191;1;4;4;commercial;1
ии для создания видео бесплатно на русском;3000000;7;42;790;187;1;4;4;commercial;1
сервисы ии;890000;2;10;8403;181;1;4;4;commercial;1
tilda crm;63000;2;9;521;179;1;4;4;commercial;1
crm tilda;86000;2;9;521;179;1;4;4;commercial;1
создать чат бот бесплатно;2000000;4;25;1578;177;1;4;4;commercial;1
вк бизнес аккаунт;2000000;3;17;1312;175;1;4;4;commercial;1
как получить от государства деньги на развитие бизнеса;2000000;8;54;1337;160;1;4;4;commercial;1
как войти во второй аккаунт в телеграмме на айфоне;3000000;9;50;163;157;1;4;4;commercial;1
бизнес телеграмм;9000;2;16;8420;157;1;4;4;commercial;1
создание чат ботов как бизнес;206000;5;29;170;151;1;4;4;commercial;1
вк моя страница войти без пароля на свою страницу;2000000;9;49;168;151;1;4;4;commercial;1
что такое инфобизнес;4000;3;20;291;147;1;4;4;commercial;9
рассылка яндекс;609000;2;15;6033;137;1;4;4;commercial;1
инфографика бесплатно для маркетплейсов;2000000;4;39;3704;134;1;4;4;commercial;1
фотошоп приложение бесплатно;2000000;3;28;3458;131;1;4;4;commercial;1
менеджер по рекламе это;1000000;4;23;328;126;1;4;4;commercial;1
rutube регистрация;1000000;2;18;6795;123;1;4;4;commercial;1
crm маркетолог это;2000000;3;18;184;122;1;4;4;commercial;1
супа сервис для дизайна;1000000;4;23;121;118;1;4;4;commercial;1
смотреть сторис анонимно онлайн бесплатно;2000000;5;41;5071;116;1;4;4;commercial;4
forms yandex ru регистрация;2000000;4;27;608;107;1;4;4;commercial;1
пост оплата что это;2000000;4;19;631;107;1;4;4;commercial;16
gpt chat 4 бесплатно;3000000;4;20;733;107;1;4;4;commercial;1
почтовые сервисы бесплатные;143000;3;27;741;105;1;4;4;commercial;1
сервисы аналитики;1000000;2;17;15479;103;1;4;4;commercial;1
хостинг бесплатно;2000000;2;17;33936;103;1;4;4;commercial;1
добавить организацию на яндекс карты бесплатно;3000000;6;46;1482;101;1;4;4;commercial;1
как купить номер телефона виртуальный;2000000;5;37;188;94;1;4;4;commercial;1
в контакте моя страница вход без пароля и логина войти;2000000;10;54;7146;93;1;4;4;commercial;1
как получить от государства деньги на бизнес безвозмездно;2000000;8;57;976;92;1;4;4;commercial;1
нотисенд личный кабинет;630000;3;23;90;90;1;4;4;commercial;1
создать вишлист на день рождения онлайн бесплатно;202000;7;49;141;89;1;4;4;commercial;4
опубликовать статью бесплатно;3000000;3;29;958;89;1;4;4;commercial;1
моя страница в контакте быстрый вход без пароля и логина на мою страницу;2000000;13;72;126;87;1;4;4;commercial;1
стикеры бесплатно прикольные;1000000;3;28;6247;86;1;4;4;commercial;1
договор sla;423000;2;11;372;86;1;4;4;commercial;1
перевод с английского на русский по фото с телефона через камеру бесплатно без скачивания;3000000;14;89;183;84;1;4;4;commercial;2
оферта образец;326000;2;14;3600;83;1;4;4;commercial;1
переводчик с английского на русский онлайн бесплатно по фото телефона через камеру;719000;12;82;16496;81;1;4;4;commercial;2
лучшие почтовые сервисы;2000000;3;23;334;81;1;4;4;commercial;1
смотреть сторис анонимно бесплатно;2000000;4;34;7093;81;1;4;4;commercial;1
вконтакте моя страница войти сразу без пароля;3000000;7;45;4455;80;1;4;4;commercial;1
искусственный интеллект для создания видео бесплатно;3000000;6;52;572;79;1;4;4;commercial;1
социально ответственный бизнес;1000000;3;30;527;79;1;4;4;commercial;1
нейросеть для создания видео по тексту бесплатно;3000000;7;48;548;79;1;4;4;commercial;1
менеджер по рекламе что делает;1000000;5;30;171;78;1;4;4;commercial;1
промо акция это;2000000;3;15;763;75;1;4;4;commercial;1
нейросеть онлайн бесплатно на русском;3000000;5;37;22316;74;1;4;4;commercial;4
подписка на книги;991000;3;17;3951;73;1;4;4;commercial;1
онлайн переводчик с английского на русский через камеру онлайн без скачивания по фото бесплатно;2000000;14;95;1168;71;1;4;4;commercial;4
видео для монтажа бесплатно;3000000;4;27;16060;70;1;4;4;commercial;19
практика при которой один и тот же товар продается разным покупателям по различным ценам называется;2000000;15;99;85;69;1;4;4;commercial;1
облачные сервисы это;3000000;3;20;979;69;1;4;4;commercial;1
бизнес аккаунт в телеграмме;2000000;4;27;1072;68;1;4;4;commercial;1
если равновесная цена увеличивается то спрос;807000;6;44;166;68;1;4;4;commercial;1
личный кабинет сайт;2000000;3;19;746254;66;1;4;4;commercial;1
сайт личный кабинет;2000000;3;19;746254;66;1;4;4;commercial;1
как взять деньги у государства на бизнес;2000000;7;40;576;63;1;4;4;commercial;1
как взять у государства деньги на бизнес;1000000;7;40;576;63;1;4;4;commercial;1
почтовая рассылка;850000;2;17;3111;63;1;4;4;commercial;1
почта рф заказное письмо;2000000;4;24;471;62;1;4;4;commercial;1
заказать рекламу в одноклассниках;2000000;4;33;72;62;1;4;4;commercial;1
изучение английского языка самостоятельно бесплатно;761000;5;51;1772;61;1;4;4;commercial;1
регистрация на яндекс картах;2000000;4;28;3758;60;1;4;4;commercial;1
смотреть истории анонимно бесплатно;2000000;4;35;4382;59;1;4;4;commercial;1
ии сервис;2000000;2;9;7805;58;1;4;4;commercial;1
нейросеть создать сайт бесплатно;3000000;4;32;650;57;1;4;4;commercial;1
чайка менеджер;818000;2;14;126;57;1;4;4;commercial;1
узнать предмет по фото онлайн бесплатно;3000000;6;39;79;56;1;4;4;commercial;2
сервис для скачивания видео;2000000;4;27;1085;56;1;4;4;commercial;1
чем выше спрос тем выше цена;1000000;6;28;326;56;1;4;4;commercial;1
как правильно самозанятый или самозанятая писать в договоре;781000;8;59;59;55;1;4;4;commercial;1
как переключить инстаграм на бизнес аккаунт;1000000;6;43;710;54;1;4;4;commercial;1
войти в инкогнито;2000000;3;17;3026;53;1;4;4;commercial;1
как добавить магазин на карту яндекс;2000000;6;36;249;52;1;4;4;commercial;1
как добавить магазин на яндекс карту;2000000;6;36;249;52;1;4;4;commercial;1
из чего складывается корпоративный имидж работника общества;582000;7;59;146;52;1;4;4;commercial;1
контакты моя страница вход на мою страницу без пароля и логина;2000000;11;62;11257;52;1;4;4;commercial;1
бизнес аккаунт в вк;2000000;4;19;874;51;1;4;4;commercial;1
договор sla это;3000000;3;15;97;51;1;4;4;commercial;1
ритейл магазин;366000;2;14;2774;51;1;4;4;commercial;1
как получить деньги на малый бизнес;2000000;6;35;888;50;1;4;4;commercial;1
нейросеть для обработки видео бесплатно;3000000;5;39;211;50;1;4;4;commercial;1
демпинговая цена это;2000000;3;20;165;49;1;4;4;commercial;1
нейросеть для создания сайтов бесплатно;3000000;5;39;628;47;1;4;4;commercial;1
контакт моя страница войти без пароля и логина по номеру;3000000;10;56;1544;47;1;4;4;commercial;1
логотип для магазина;1000000;3;20;2933;47;1;4;4;commercial;1
сервисы для скачивания видео с youtube;3000000;6;38;112;46;1;4;4;commercial;1
если предложение увеличивается то равновесная цена;933000;6;50;110;46;1;4;4;commercial;1
подарки партнерам по бизнесу;2000000;4;28;371;46;1;4;4;commercial;2
как получить деньги на развитие малого бизнеса;2000000;7;46;654;45;1;4;4;commercial;1
обучение маркетингу бесплатно;2000000;3;29;426;46;1;4;4;commercial;1
вход в вк на мою страницу без логина и пароля;2000000;10;45;2171;45;1;4;4;commercial;1
как войти в outlook;2000000;4;19;1757;44;1;4;4;commercial;1
создать электронную почту на телефоне бесплатно;3000000;6;47;5524;44;1;4;4;commercial;1
менеджер маркетплейсов обязанности;215000;3;34;764;44;1;4;4;commercial;1
как получить деньги от государства на развитие малого бизнеса;2000000;9;61;556;44;1;4;4;commercial;1
онлайн сервис для скачивания видео с любого сайта;3000000;8;49;45;43;1;4;4;commercial;4
сервис электронных писем почты россии;3000000;5;37;310;43;1;4;4;commercial;1
разработка логотипа нейросеть бесплатно;2000000;4;39;80;43;1;4;4;commercial;1
составить резюме hh ru бесплатно hh ru онлайн;2000000;8;45;74;42;1;4;4;commercial;7
оферта на оказание услуг;1000000;4;24;2493;42;1;4;4;commercial;1
вконтакте бизнес аккаунт;987000;3;24;292;42;1;4;4;commercial;1
api getcontact;198000;2;14;80;42;1;4;4;commercial;1
как войти в почту аутлук;2000000;5;24;542;41;1;4;4;commercial;1
определить товар по фото онлайн бесплатно;3000000;6;41;275;40;1;4;4;commercial;2
vk магазин;902000;2;10;2135;40;1;4;4;commercial;1
перевод с камеры телефона онлайн бесплатно;3000000;6;42;3975;40;1;4;4;commercial;4
интеграция это в рекламе;3000000;4;24;244;40;1;4;4;commercial;1
найти где купить по фото;2000000;5;24;192;40;1;4;4;commercial;2
хостинг сайтов бесплатно;2000000;3;24;3856;39;1;4;4;commercial;1
как взять деньги на развитие бизнеса;2000000;6;36;201;39;1;4;4;commercial;1
поиск заказчиков;1000000;2;16;2085;39;1;4;4;commercial;1
как добавить свой магазин в яндекс карты;2000000;7;40;66;39;1;4;4;commercial;1
менеджер по рекламе чем занимается;548000;5;34;110;38;1;4;4;commercial;1
чем занимается менеджер по рекламе;1000000;5;34;110;38;1;4;4;commercial;1
временная электронная почта бесплатно;2000000;4;37;123;37;1;4;4;commercial;1
контакт моя страница войти на свою страницу по номеру телефона без пароля и логина;3000000;14;82;280;37;1;4;4;commercial;1
как купить онлайн номер телефона;3000000;5;32;160;37;1;4;4;commercial;4
этапы отработки возражений в продажах;649000;5;37;73;37;1;4;4;commercial;1
удаленный рабочий стол бесплатно;2000000;4;32;461;37;1;4;4;commercial;1
что такое файловый менеджер на андроид;239000;6;38;98;37;1;4;4;commercial;9
программы для удаленной работы на компьютере бесплатное;3000000;7;55;81;36;1;4;4;commercial;0
завести почту на яндексе новую почту бесплатно на телефоне андроид;3000000;10;66;45;36;1;4;4;commercial;1
getcontact api;178000;2;14;73;36;1;4;4;commercial;1
как перевести аккаунт в инстаграм в бизнес;1000000;7;42;277;36;1;4;4;commercial;1
заработок онлайн бесплатно;2000000;3;26;574;35;1;4;4;commercial;4
выбрать победителя в инстаграм по комментариям бесплатно;3000000;7;56;51;35;1;4;4;commercial;1
бизнес мероприятие;1000000;2;18;11334;35;1;4;4;commercial;1
текст в аудио онлайн на русском бесплатно;3000000;7;41;876;34;1;4;4;commercial;4
канал про бизнес;1000000;3;16;1006;34;1;4;4;commercial;1
гугл архиватор войти в аккаунт;2000000;5;30;38;34;1;4;4;commercial;1
альбато интеграция;50000;2;18;160;34;1;4;4;commercial;1
яндекс промостраницы войти;2000000;3;26;35;34;1;4;4;commercial;1
яндекс аудитория сервис;1000000;3;23;97;34;1;4;4;commercial;1
нейросеть которая улучшает качество видео бесплатно;3000000;6;51;63;33;1;4;4;commercial;1
как добавить магазин на карту яндекс бесплатно;2000000;7;46;49;33;1;4;4;commercial;1
электронный сервис почты россии;2000000;4;31;830;33;1;4;4;commercial;1
автовебинар;3000;1;11;592;33;1;4;4;commercial;1
взять у государства деньги на бизнес;2000000;6;36;811;33;1;4;4;commercial;1
нейросеть монтаж видео бесплатно;3000000;4;32;814;32;1;4;4;commercial;1
сервис для email рассылок;2000000;4;25;398;32;1;4;4;commercial;1
продажа никнеймов в телеграм;1000000;4;28;60;32;1;4;4;commercial;1
как перейти на бизнес аккаунт в инстаграм;1000000;7;41;281;32;1;4;4;commercial;1
гугл архиватор войти;3000000;3;20;63;31;1;4;4;commercial;1
zapisi;6000;1;6;26684;31;1;4;4;commercial;1
яндекс рассылка писем;643000;3;21;600;30;1;4;4;commercial;1
дорисовать изображение нейросеть бесплатно;2000000;4;42;161;30;1;4;4;commercial;1
яндекс форма регистрация;2000000;3;24;1814;30;1;4;4;commercial;1
что такое блогинг;5000;3;17;147;30;1;4;4;commercial;9
минимальная цена товара определяется;781000;4;36;89;30;1;4;4;commercial;14
кросс сейл это в продажах;489000;5;25;30;29;1;4;4;commercial;1
simpledoc ru резюме бесплатно;2000000;4;29;29;29;1;4;4;commercial;1
почта вк бизнес;2000000;3;15;82;29;1;4;4;commercial;1
что такое магазин дискаунтер;565000;4;28;109;29;1;4;4;commercial;9
вк бизнес почта;2000000;3;15;82;29;1;4;4;commercial;1
разместить рекламу бесплатно в интернете;3000000;5;40;441;28;1;4;4;commercial;1
работа с возражениями менеджера по продажам;2000000;6;43;113;28;1;4;4;commercial;1
создать интерактивную карту онлайн бесплатно;2000000;5;44;46;28;1;4;4;commercial;4
сервисы для приема онлайн платежей;3000000;5;34;113;28;1;4;4;commercial;4
обучение видеомонтажу с нуля бесплатно;2000000;5;38;85;28;1;4;4;commercial;1
бизнес модель проекта;1000000;3;21;729;28;1;4;4;commercial;1
дорисовать фото нейросеть бесплатно;2000000;4;35;329;28;1;4;4;commercial;2
узнать стоимость по фото;2000000;4;24;813;28;1;4;4;commercial;2
как переключить аккаунт на бизнес в инстаграм;1000000;7;45;539;28;1;4;4;commercial;1
как раскрутить магазин;535000;3;22;1129;27;1;4;4;commercial;1
продажа юзернейм в телеграмме;1000000;4;29;122;27;1;4;4;commercial;1
продажа по разным ценам одной и той же продукции различным покупателям это;4000000;12;74;56;27;1;4;4;commercial;1
что такое small talk в продажах;505000;6;31;27;27;1;4;4;commercial;9
попробовать бесплатно;2000000;2;21;13380;27;1;4;4;commercial;1
как добавить свой бизнес на яндекс карты;2000000;7;40;53;27;1;4;4;commercial;1
сервисы психологической помощи онлайн;3000000;4;37;57;27;1;4;4;commercial;4
сторис анонимно в инстаграме бесплатно;2000000;5;38;7109;27;1;4;4;commercial;1
деньги на малый бизнес от государства;2000000;6;37;1049;27;1;4;4;commercial;1
как переключить аккаунт в инстаграм на бизнес;1000000;7;45;557;26;1;4;4;commercial;1
реакция на сообщение в телеграмме;1000000;5;33;3873;26;1;4;4;commercial;1
приложение ретушь фото бесплатно;2000000;4;32;234;26;1;4;4;commercial;2
создать почту яндекс новую для себя бесплатно на телефон айфон;3000000;10;62;48;26;1;4;4;commercial;1
про личный кабинет;1000000;3;18;42551;26;1;4;4;commercial;1
бесплатное скачивание;1000000;2;21;774115;26;1;4;4;commercial;1
графический дизайн бесплатное обучение с нуля онлайн;2000000;7;52;95;25;1;4;4;commercial;4
добавить магазин на яндекс карты бесплатно;3000000;6;42;73;25;1;4;4;commercial;1
приложение для обработки фото на андроид бесплатно русском;3000000;8;58;65;25;1;4;4;commercial;2
кто расставляет товар в магазине профессия;864000;6;42;25;25;1;4;4;commercial;12
вход на мою страницу в контакте без логина и пароля;2000000;10;51;9603;25;1;4;4;commercial;1
сервис почтовых рассылок;950000;3;24;228;25;1;4;4;commercial;1
автоматизация подбора персонала;197000;3;31;194;25;1;4;4;commercial;1
сервис для вишлистов;2000000;3;20;185;25;1;4;4;commercial;1
конструктор для интернет магазина;1000000;4;33;1106;25;1;4;4;commercial;1
приложение для инфографики бесплатно;2000000;4;36;495;25;1;4;4;commercial;1
точка выдачи заказов;1000000;3;20;1373;25;1;4;4;commercial;1
сервисы приема платежей;1000000;3;23;1024;25;1;4;4;commercial;1
магазин вконтакте как создать;270000;4;29;75;24;1;4;4;commercial;1
интеллект карта онлайн создать бесплатно на русском;3000000;7;51;43;24;1;4;4;commercial;4
все почтовые сервисы;3000000;3;20;167;24;1;4;4;commercial;1
как узнать о платных подписках;1000000;5;30;605;24;1;4;4;commercial;1
как добавить магазин на яндекс карты;2000000;6;36;249;24;1;4;4;commercial;1
сервисы смс рассылок;1000000;3;20;839;24;1;4;4;commercial;1
личный кабинет как выглядит;716000;4;27;2247;24;1;4;4;commercial;1
cms для интернет магазина рейтинг;787000;5;33;28;24;1;4;4;commercial;1
раскрутить телеграмм канал бесплатно;6000;4;36;360;24;1;4;4;commercial;1
авторассылка;6000;1;12;957;24;1;4;4;commercial;1
сервер для сайта бесплатно;3000000;4;26;821;24;1;4;4;commercial;1
сервисы финансового учета;1000000;3;25;240;24;1;4;4;commercial;1
скачать видео с любого сайта онлайн сервис;4000000;7;42;25;23;1;4;4;commercial;19
термины в продажах;612000;3;18;675;23;1;4;4;commercial;1
сайты для скачивания видео бесплатно;3000000;5;36;1542;23;1;4;4;commercial;1
автовебинары;3000;1;12;592;23;1;4;4;commercial;1
распознавание по фото предмета онлайн бесплатно;3000000;6;47;38;23;1;4;4;commercial;2
как отправить заказное письмо онлайн почта россии;3000000;7;49;64;23;1;4;4;commercial;4
интернет магазин в вк;559000;4;21;326;23;1;4;4;commercial;1
цифровые сервисы для бизнеса;2000000;4;28;318;23;1;4;4;commercial;1
btl акция;1000000;2;9;235;23;1;4;4;commercial;1
деньги для малого бизнеса от государства;2000000;6;40;203;23;1;4;4;commercial;1
мероприятия для бизнеса;1000000;3;23;1823;23;1;4;4;commercial;1
бесплатное приложение для ретуши лица;2000000;5;37;185;23;1;4;4;commercial;1
деньги для бизнеса от государства как получить бесплатно на развитие;272000;10;68;94;23;1;4;4;commercial;1
файловый менеджер лучший;2000000;3;24;941;22;1;4;4;commercial;1
разместить на яндекс картах организацию бесплатно;5000;6;49;41;22;1;4;4;commercial;1
регистрация по коду qr;2000000;4;22;669;22;1;4;4;commercial;1
интернет магазин cms;1000000;3;20;731;22;1;4;4;commercial;1
бизнес клиент;866000;2;13;33207;22;1;4;4;commercial;1
яндекс карты добавить организацию на карту бесплатно онлайн;3000000;8;59;22;22;1;4;4;commercial;4
создать магазин в вк;2000000;4;20;408;22;1;4;4;commercial;1
рукописный шрифт бесплатно;2000000;3;26;2264;22;1;4;4;commercial;1
как выглядит оферта;422000;3;19;316;22;1;4;4;commercial;1
курсы по маркетингу и рекламе бесплатно;2000000;6;39;69;22;1;4;4;commercial;1
этапы работы с возражениями в продажах;1000000;6;38;143;22;1;4;4;commercial;1
стоимость клиента;963000;2;17;8327;22;1;4;4;commercial;1
чат бот для телеграмма бесплатно;2000000;5;32;631;22;1;4;4;commercial;1
цена вещи по фото;2000000;4;17;83;22;1;4;4;commercial;2
срок действия договора оферты;458000;4;29;81;22;1;4;4;commercial;1
в чем заключается работа мерчендайзера в магазине;2000000;7;49;27;21;1;4;4;commercial;1
saharok сервис создания карточек товара;1000000;5;39;22;21;1;4;4;commercial;14
как отметить свой магазин на яндекс картах;2000000;7;42;30;21;1;4;4;commercial;1
интеграция это реклама;853000;3;22;294;21;1;4;4;commercial;1
программы для удаленного доступа к компьютеру через интернет бесплатно;2000000;9;70;316;21;1;4;4;commercial;0
техника small talk в продажах;5000;5;29;36;20;1;4;4;commercial;1
рекламный кабинет одноклассники;543000;3;31;92;20;1;4;4;commercial;1
где лучше разместить рекламу об услугах;3000000;6;39;34;20;1;4;4;commercial;15
блокировщик рекламы для chrome бесплатно;2000000;5;40;36;20;1;4;4;commercial;1
сайт для создания 3д моделей бесплатно;4000000;6;38;48;20;1;4;4;commercial;1
виртуальная электронная почта бесплатно;2000000;4;39;29;20;1;4;4;commercial;1
гениален сервис на русском;2000000;4;26;21;20;1;4;4;commercial;1
бизнес на озоне как открыть;1000000;5;27;205;20;1;4;4;commercial;1
раскрутка телеграм канала бесплатно;8000;4;35;45;20;1;4;4;commercial;1
проводник файловый менеджер;207000;3;27;316;20;1;4;4;commercial;1
если спрос растет то равновесная цена;745000;6;37;37;20;1;4;4;commercial;1
перевод с камеры телефона онлайн бесплатно с английского на русский;3000000;10;67;2685;20;1;4;4;commercial;4
3д дизайн интерьера программа бесплатно на русском;4000000;7;50;90;20;1;4;4;commercial;1
сервис декс;2000000;2;11;82;20;1;4;4;commercial;1
добавить музыку к видео бесплатно;3000000;5;33;562;20;1;4;4;commercial;1
как взять деньги на бизнес от государства безвозмездно;1000000;8;54;101;20;1;4;4;commercial;1
рейтинг почтовых сервисов;1000000;3;25;63;20;1;4;4;commercial;1
одноклассники рекламный кабинет;525000;3;31;92;20;1;4;4;commercial;1
приложение дизайн квартиры бесплатно;2000000;4;36;1050;20;1;4;4;commercial;1
клиентоориентированный сервис это;3000000;3;33;56;19;1;4;4;commercial;1
приложение для планировки квартиры бесплатно;2000000;5;44;197;19;1;4;4;commercial;1
что изображено на фото онлайн бесплатно;3000000;6;39;23;19;1;4;4;commercial;4
hh ru составить резюме онлайн и сохранить бесплатно;3000000;8;51;20;19;1;4;4;commercial;7
техника ссв в продажах расшифровка;1000000;5;34;19;19;1;4;4;commercial;1
страница для бизнеса в вк;2000000;5;25;586;19;1;4;4;commercial;1
массовая рассылка писем по e mail бесплатно;2000000;7;43;19;19;1;4;4;commercial;1
переводчик с немецкого на русский по фото с телефона через камеру бесплатно онлайн;3000000;13;82;33;19;1;4;4;commercial;2
карточка магазина;1000000;2;17;9170;19;1;4;4;commercial;1
инфографика создать бесплатно;2000000;3;29;609;19;1;4;4;commercial;1
распознавание фото онлайн бесплатно;2000000;4;35;2752;19;1;4;4;commercial;4
электронные заказные письма почта россии для юридических лиц;2000000;8;60;24;19;1;4;4;commercial;10
курсы маркетолога с нуля бесплатно;2000000;5;34;66;19;1;4;4;commercial;1
рассылки сервисы;1000000;2;16;7856;18;1;4;4;commercial;1
где искать заказы для фриланса;1000000;5;30;35;18;1;4;4;commercial;15
цена по фотографии товара;1000000;4;25;69;18;1;4;4;commercial;14
предложение уменьшается равновесная цена;801000;4;40;393;18;1;4;4;commercial;1
интернет магазин вк;2000000;3;19;790;18;1;4;4;commercial;1
как закупить рекламу в телеграм;2000000;5;31;69;18;1;4;4;commercial;1
дизайн квартиры по фото онлайн бесплатно;3000000;6;40;61;18;1;4;4;commercial;2
ивент бизнес что это;1000000;4;20;25;17;1;4;4;commercial;16
даша рассылка;121000;2;13;75;17;1;4;4;commercial;1
формс яндекс ру регистрация;3000000;4;27;20;17;1;4;4;commercial;1
готовое семантическое ядро для яд бесплатно;2000000;6;43;17;17;1;4;4;commercial;1
как подать заявку на помощь малому бизнесу через госуслуги;2000000;9;58;17;17;1;4;4;commercial;1
какие бывают почтовые сервисы;1000000;4;29;22;17;1;4;4;commercial;1
должностная инструкция менеджера по проектам;1000000;5;44;64;17;1;4;4;commercial;1
сделать лендинг бесплатно;2000000;3;25;169;17;1;4;4;commercial;11
пиксарт онлайн бесплатно;2000000;3;24;783;16;1;4;4;commercial;4
что значит магазин дискаунтер;633000;4;29;55;16;1;4;4;commercial;1
цена клиента;1000000;2;12;13921;16;1;4;4;commercial;1
моя страница открыть мою страницу без пароля и логина;542000;9;53;69696;16;1;4;4;commercial;1
как войти в еще один аккаунт телеграмм;3000000;7;38;84;16;1;4;4;commercial;1
добавить музыку в видео бесплатно;3000000;5;33;572;16;1;4;4;commercial;1
распознать шрифт на картинке онлайн бесплатно;2000000;6;45;38;16;1;4;4;commercial;4
как прорекламировать магазин;545000;3;28;158;16;1;4;4;commercial;1
как добавить свой магазин в яндекс карты бесплатно;3000000;8;50;16;16;1;4;4;commercial;1
основные пункты бизнес плана;1000000;4;28;31;16;1;4;4;commercial;1
как взять деньги на развитие малого бизнеса;2000000;7;43;31;16;1;4;4;commercial;1
электронная почта сервисы;2000000;3;25;7046;16;1;4;4;commercial;1
определить предмет по фото онлайн бесплатно;3000000;6;43;86;16;1;4;4;commercial;2
whois сервиса;867000;2;13;1088;15;1;4;4;commercial;1
раскрутка телеграмм канала бесплатно;5000;4;36;174;15;1;4;4;commercial;1
лучшие конструкторы интернет магазинов;2000000;4;38;264;15;1;4;4;commercial;1
нейросеть для дизайна интерьера бесплатно;2000000;5;41;739;15;1;4;4;commercial;1
придумать логин для почты;547000;4;25;223;15;1;4;4;commercial;1
сервис искусственного интеллекта;1000000;3;32;2389;15;1;4;4;commercial;1
рассылка в мессенджерах;171000;3;23;839;15;1;4;4;commercial;1
бизнес страница в вк;2000000;4;20;883;15;1;4;4;commercial;1
лучшие сервисы для чтения книг;2000000;5;30;37;15;1;4;4;commercial;1
мерчендайзер в магазине;675000;3;23;981;15;1;4;4;commercial;1
сервис для создания ментальных карт;2000000;5;35;35;15;1;4;4;commercial;1
как получить финансирование от государства на развитие бизнеса;2000000;8;62;30;15;1;4;4;commercial;1
бизнес имидж это;2000000;3;16;87;15;1;4;4;commercial;1
приложение для создания дизайна комнаты бесплатно;2000000;6;49;31;15;1;4;4;commercial;1
как называется человек который дает деньги на бизнес;2000000;8;52;31;15;1;4;4;commercial;8
сервис для рассылки в телеграм;2000000;5;30;73;15;1;4;4;commercial;1
вк бизнес страница;1000000;3;18;1164;15;1;4;4;commercial;1
распознать по фотографии онлайн бесплатно;2000000;5;41;68;15;1;4;4;commercial;4
как создать магазин в вконтакте;2000000;5;31;24;14;1;4;4;commercial;1
vk workmail войти;2000000;3;17;145;14;1;4;4;commercial;1
яндекс карты отметить организацию бесплатно;3000000;5;43;67;14;1;4;4;commercial;1
в контакте моя страница вход без пароля и логина бесплатно с телефона по номеру;3000000;14;79;97;14;1;4;4;commercial;1
умное фото поиск по фото бесплатно;3000000;6;34;1870;14;1;4;4;commercial;2
рукописные шрифты бесплатно;1000000;3;27;2264;14;1;4;4;commercial;1
как найти заказчика;2000000;3;19;2112;14;1;4;4;commercial;1
хост сайта бесплатно;3000000;3;20;252;14;1;4;4;commercial;1
создать чат бота в телеграмме бесплатно;2000000;6;39;853;14;1;4;4;commercial;1
мой бизнес как получить субсидии для малого бизнеса;2000000;8;51;17;14;1;4;4;commercial;1
работу с возражением менеджер по продажам должен начинать так;2000000;9;61;21;14;1;4;4;commercial;1
кто такой менеджер по маркетплейсам;214000;5;35;20;14;1;4;4;commercial;12
онлайн переводчик по камере телефона онлайн бесплатно;2000000;7;53;17582;14;1;4;4;commercial;4
зарабатывать деньги бесплатно;2000000;3;29;3203;14;1;4;4;commercial;1
яндекс дзен личный кабинет автора;247000;5;33;56;14;1;4;4;commercial;1
pr акция это;2000000;3;12;51;14;1;4;4;commercial;1
что такое файловый менеджер на телефоне;1000000;6;39;35;14;1;4;4;commercial;9
интеграция в инстаграм это;97000;4;26;25;14;1;4;4;commercial;1
рассылка писем по e mail по готовым базам;2000000;8;41;24;14;1;4;4;commercial;1
оферта устная;251000;2;13;212;14;1;4;4;commercial;1
перевод с английского на русский по камере на телефоне онлайн бесплатно;3000000;11;71;2606;14;1;4;4;commercial;4
crm коммуникации;421000;2;16;253;13;1;4;4;commercial;1
как получить средства на развитие малого бизнеса от государства;2000000;9;63;36;13;1;4;4;commercial;1
вконтакте моя страница войти на мою страницу без пароля и логина вход;3000000;12;69;5700;13;1;4;4;commercial;1
добавить магазин в яндекс карты;2000000;5;31;266;13;1;4;4;commercial;1
как называется человек раскладывающий товар в магазине;2000000;7;54;106;13;1;4;4;commercial;8
как создать свой магазин в вк;2000000;6;29;23;13;1;4;4;commercial;1
стикеры телеграмм бесплатно;5000;3;27;1834;13;1;4;4;commercial;1
хвп в продажах;468000;3;14;26;13;1;4;4;commercial;1
сделать электронную почту на телефоне бесплатно прямо;3000000;7;53;41;13;1;4;4;commercial;1
как получить у государства деньги на открытие бизнеса с нуля;3000;10;60;16;13;1;4;4;commercial;1
подписка на рассылку без подтверждения;977000;5;38;15;13;1;4;4;commercial;1
вк для бизнеса как пользоваться;1000000;5;31;15;13;1;4;4;commercial;1
genially войти;2000000;2;14;15;13;1;4;4;commercial;1
сервис мультиссылок;1000000;2;19;74;13;1;4;4;commercial;1
создать интеллект карту онлайн бесплатно на русском;3000000;7;51;44;13;1;4;4;commercial;4
рассылка рекламы по электронной почте;1000000;5;37;78;13;1;4;4;commercial;1
как получить деньги на развитие бизнеса от государства безвозмездно;2000000;9;67;94;12;1;4;4;commercial;1
какие бывают возражения клиентов в продажах;633000;6;43;22;12;1;4;4;commercial;1
поиск шрифта по фото онлайн бесплатно кириллица;1000000;7;47;12;12;1;4;4;commercial;2
как найти человека по логину в телеграмме;2000000;7;41;15;12;1;4;4;commercial;1
интеграция реклама;1000000;2;18;1218;12;1;4;4;commercial;1
дифференциация бизнеса;920000;2;22;182;12;1;4;4;commercial;1
техника работы с возражениями в продажах;1000000;6;40;47;12;1;4;4;commercial;1
бизнес пвз вайлдберриз;2000000;3;22;360;12;1;4;4;commercial;1
где найти клиентов для бизнеса;2000000;5;30;30;12;1;4;4;commercial;15
бизнес выставки;2000000;2;15;2240;12;1;4;4;commercial;1
регистрация на дзене;2000000;3;20;116117;12;1;4;4;commercial;1
онлайн запись создать бесплатно;3000000;4;31;175;12;1;4;4;commercial;4
договор постоплаты;295000;2;18;2168;12;1;4;4;commercial;1
регистрация на дзен яндекс;2000000;4;26;43062;11;1;4;4;commercial;1
как перевести на бизнес аккаунт в инстаграм;1000000;7;43;32;11;1;4;4;commercial;1
chat gpt 4 бесплатно онлайн;3000000;5;27;40;11;1;4;4;commercial;4
бизнес телеграмм каналы;9000;3;23;1886;11;1;4;4;commercial;1
переводчик по камере с китайского на русский онлайн бесплатно;2000000;9;61;1950;11;1;4;4;commercial;4
сервисы email рассылки;2000000;3;22;1358;11;1;4;4;commercial;1
сервис whois что это;793000;4;20;12;11;1;4;4;commercial;16
сделать электронную почту на телефоне бесплатно прямо сейчас;4000000;8;60;28;11;1;4;4;commercial;1
поиск заказов для фрилансера;2000000;4;28;53;11;1;4;4;commercial;1
если цена на продукцию монополиста растет то его прибыль;815000;9;56;40;11;1;4;4;commercial;1
сервисы по рассылке email;2000000;4;25;62;11;1;4;4;commercial;1
лучшие cms для интернет магазина;2000000;5;32;45;11;1;4;4;commercial;1
как отправлять заказные письма от организации почта россии через личный кабинет;2000000;11;79;13;11;1;4;4;commercial;10
бизнес аккаунт вконтакте что это;1000000;5;32;11;11;1;4;4;commercial;16
как правильно создать бизнес план самостоятельно образец;2000000;7;56;13;11;1;4;4;commercial;1
сервисы эдо список;1000000;3;18;16;11;1;4;4;commercial;1
как войти в телеграмм если не приходит смс;3000000;8;42;188;11;1;4;4;commercial;1
скопировать с ютуб бесплатно;2000000;4;28;313;11;1;4;4;commercial;1
выручка магазина это;1000000;3;20;666;11;1;4;4;commercial;1
сервисы для рассылки в телеграм;2000000;5;31;73;10;1;4;4;commercial;1
инфографика программы для создания бесплатно на русском;2000000;7;55;20;10;1;4;4;commercial;0
смс рассылка по базе;1000000;4;20;977;10;1;4;4;commercial;1
аудит магазина это;2000000;3;18;27;10;1;4;4;commercial;1
определить деталь по фото онлайн бесплатно;3000000;6;42;28;10;1;4;4;commercial;2
сервисы электронной почты список;2000000;4;32;63;10;1;4;4;commercial;1
что дает бизнес аккаунт в инстаграм;2000000;6;35;13;10;1;4;4;commercial;1
сервисы для рассылки смс;1000000;4;24;207;10;1;4;4;commercial;1
взять деньги у государства на открытие бизнеса;2000000;7;46;246;10;1;4;4;commercial;1
как называется менеджер по продажам;130000;5;35;190;10;1;4;4;commercial;1
надежные почтовые сервисы;1000000;3;25;69;10;1;4;4;commercial;1
вк моя страница войти на свою страницу без пароля через телефон;3000000;11;63;14;10;1;4;4;commercial;1
как работает спонсорство в бизнесе;1000000;5;34;13;10;1;4;4;commercial;1
облачный сервис что это;724000;4;23;242;10;1;4;4;commercial;16
приложения для дизайна квартиры бесплатно;2000000;5;41;830;10;1;4;4;commercial;1
вк создать магазин;2000000;3;18;490;10;1;4;4;commercial;1
картинки для презентаций бесплатно;2000000;4;34;602;10;1;4;4;commercial;1
контакты моя страница войти на свою страницу без пароля;3000000;9;55;578;10;1;4;4;commercial;1
регистрация в яндекс картах бесплатно;3000000;5;37;1532;10;1;4;4;commercial;1
лого магазина;652000;2;13;1808;10;1;4;4;commercial;1
смс рассылка по номерам;1000000;4;23;135;10;1;4;4;commercial;1
дизайн проект квартиры программа бесплатно;2000000;5;42;446;10;1;4;4;commercial;1
план по продажам;561000;3;16;4876;10;1;4;4;commercial;1
мой бизнес господдержка;1000000;3;23;75;10;1;4;4;commercial;1
одностраничник сайт бесплатно;3000000;3;29;193;9;1;4;4;commercial;1
сервис хранения паролей;1000000;3;23;132;9;1;4;4;commercial;1
купить монеты криптовалюты;1000000;3;26;205;9;1;4;4;commercial;1
отправка заказных писем от юридических лиц по почте россии;2000000;9;58;15;9;1;4;4;commercial;1
как раскрутить интернет магазин с нуля;827000;6;38;13;9;1;4;4;commercial;1
интеграция рекламы это;3000000;3;22;294;9;1;4;4;commercial;1
закрытие возражений в продажах;537000;4;30;13;9;1;4;4;commercial;1
сервис для создания чат бота в телеграмме;2000000;7;41;14;9;1;4;4;commercial;1
купить одежду по фото;1000000;4;21;40;9;1;4;4;commercial;2
маркет менеджер это;2000000;3;19;49;9;1;4;4;commercial;1
бизнес план пункт выдачи вайлдберриз;1000000;5;36;23;9;1;4;4;commercial;1
подписка на электронные книги;2000000;4;29;241;9;1;4;4;commercial;1
менеджер по продажам как называется;483000;5;35;199;9;1;4;4;commercial;1
блогинга;14000;1;8;3913;9;1;4;4;commercial;1
рассылка сообщений по номеру телефона;2000000;5;37;61;9;1;4;4;commercial;1
бизнес хорека;1000000;2;13;145;9;1;4;4;commercial;1
как добавить магазин на карту;2000000;5;29;407;9;1;4;4;commercial;1
вконтакте моя страница открыть без логина и пароля по номеру;2000000;10;60;387;9;1;4;4;commercial;1
приложение для записи храпа во сне бесплатно;2000000;7;44;12;9;1;4;4;commercial;1
как открыть малый бизнес с нуля в россии помощь государства;2000000;10;59;9;9;1;4;4;commercial;1
аудит магазина;1000000;2;14;719;9;1;4;4;commercial;1
создать магазин онлайн бесплатно;2000000;4;32;197;8;1;4;4;commercial;4
бизнес аккаунт telegram;8000;3;23;104;8;1;4;4;commercial;1
контакты моя страница открыть без пароля и логина мою страницу;2000000;10;62;805;8;1;4;4;commercial;1
cr показатель в продажах;452000;4;24;15;8;1;4;4;commercial;1
форма регистрация;2000000;2;17;49501;8;1;4;4;commercial;1
если падает спрос то равновесная цена;721000;6;37;28;8;1;4;4;commercial;1
сервисы для приема платежей;1000000;4;27;495;8;1;4;4;commercial;1
вставить музыку в видео бесплатно;3000000;5;33;605;8;1;4;4;commercial;19
топ cms для интернет магазина;2000000;5;29;15;8;1;4;4;commercial;1
как сделать бизнес план самому;2000000;5;30;31;8;1;4;4;commercial;11
если цена товара ниже точки пересечения кривой спроса и кривой предложения то возникнет;345000;13;87;75;8;1;4;4;commercial;14
сервис для подбора цветов;2000000;4;25;66;8;1;4;4;commercial;1
этапы бизнес процесса;1000000;3;21;1869;8;1;4;4;commercial;1
3д онлайн бесплатно;3000000;3;19;31250;8;1;4;4;commercial;4
кто может получить деньги на развитие бизнеса от государства;2000000;9;60;11;8;1;4;4;commercial;1
как изменить бизнес аккаунт в инстаграм;749000;6;39;215;8;1;4;4;commercial;1
магазины вк;123000;2;11;17476;8;1;4;4;commercial;1
конференции для бизнеса;2000000;3;23;852;8;1;4;4;commercial;1
рассылка смс по своей базе бесплатно через интернет;2000000;8;51;8;8;1;4;4;commercial;1
матрица в продажах это;504000;4;22;59;8;1;4;4;commercial;1
бизнес аккаунт в телеграмм;2000000;4;26;972;8;1;4;4;commercial;1
vk com моя страница войти без пароля на мою страницу;3000000;10;52;1085;8;1;4;4;commercial;1
как посчитать стоимость клиента;505000;4;31;56;8;1;4;4;commercial;1
telegram бизнес аккаунт;12000;3;23;104;8;1;4;4;commercial;1
должностная инструкция проект менеджера;887000;4;39;263;8;1;4;4;commercial;1
обучение видеомонтажу бесплатно;2000000;3;31;132;8;1;4;4;commercial;1
креативное мышление в бизнесе;891000;4;29;39;8;1;4;4;commercial;1
комбинированная подписка;1000000;2;24;173;8;1;4;4;commercial;1
что такое интеграция рекламы;976000;4;28;48;8;1;4;4;commercial;9
интернет маркетолог курсы бесплатно;989000;4;35;116;8;1;4;4;commercial;1
бизнес модель это сдо;2000000;4;21;13;7;1;4;4;commercial;1
gpt4 бесплатно;6000;2;14;1145;7;1;4;4;commercial;1
аналитические сервисы;860000;2;21;1145;7;1;4;4;commercial;1
где найти заказчиков;2000000;3;20;1425;7;1;4;4;commercial;15
регистрация компании в яндекс картах;2000000;5;36;18;7;1;4;4;commercial;1
чат гпт 4 бесплатно на русском;4000000;6;30;9;7;1;4;4;commercial;1
zero block tilda бесплатно;3000000;4;26;16;7;1;4;4;commercial;1
договор постоплата;283000;2;18;2168;7;1;4;4;commercial;1
бизнес план для инвестора;1000000;4;25;1060;7;1;4;4;commercial;1
техника присоединения к возражению в продажах;407000;6;45;7;7;1;4;4;commercial;1
методы работы с возражениями в продажах;2000000;6;39;8;7;1;4;4;commercial;1
программы для озвучки текста на русском языке с приятным голосом бесплатно;3000000;11;74;9;7;1;4;4;commercial;0
программа интерьера квартиры с визуализацией бесплатно;2000000;6;54;10;7;1;4;4;commercial;1
что такое отработка возражений в продажах;287000;6;41;10;7;1;4;4;commercial;9
цена товара снизится если предложение товара;1000000;6;44;269;7;1;4;4;commercial;14
письмо оферта это;2000000;3;17;51;7;1;4;4;commercial;1
менеджер маркетплейса обязанности;112000;3;33;764;7;1;4;4;commercial;1
закон спроса и предложения равновесная цена;1000000;6;43;88;7;1;4;4;commercial;1
инфографика приложение бесплатно;2000000;3;32;526;7;1;4;4;commercial;1
создать анонимный опрос бесплатно;2000000;4;33;46;7;1;4;4;commercial;1
вконтакте интернет магазин;1000000;3;26;263;7;1;4;4;commercial;1
дизайн интерьера нейросетью онлайн бесплатно;2000000;5;44;641;7;1;4;4;commercial;4
рассылка по почте как сделать;890000;5;29;295;7;1;4;4;commercial;11
рассылка на номер телефона;2000000;4;26;638;7;1;4;4;commercial;1
знакомства для бизнеса;1000000;3;22;202;7;1;4;4;commercial;1
сервис деск программа;1000000;3;21;174;7;1;4;4;commercial;1
логотип магазинов;1000000;2;17;11608;7;1;4;4;commercial;1
оплата за действие;660000;3;18;2502;7;1;4;4;commercial;1
ассистент удаленный доступ бесплатно;2000000;4;36;2660;7;1;4;4;commercial;1
массовая рассылка смс бесплатно;2000000;4;31;38;7;1;4;4;commercial;1
площадки для продвижения бизнеса;973000;4;32;41;7;1;4;4;commercial;1
нейросеть для видеомонтажа бесплатно;2000000;4;36;107;7;1;4;4;commercial;1
на развитие малого бизнеса от государства как получить;2000000;8;54;2200;6;1;4;4;commercial;1
войти в вк на свою страницу без пароля;3000000;8;38;554;6;1;4;4;commercial;1
описание бизнес модели проекта пример;2000000;5;37;6;6;1;4;4;commercial;1
дорожная карта в бизнесе;1000000;4;24;242;6;1;4;4;commercial;1
войти в дзен как автор;8000;5;22;24;6;1;4;4;commercial;1
кто такой инфобизнесмен;6000;3;23;23;6;1;4;4;commercial;12
как войти в вк по id если забыл пароль и логин от вк;2000000;13;52;7;6;1;4;4;commercial;1
бриф для заказчика;84000;3;18;237;6;1;4;4;commercial;0
дебиторская задолженность покупателей и заказчиков у организации возникает в момент;1000000;10;83;23;6;1;4;4;commercial;1
где создать интернет магазин;1000000;4;28;95;6;1;4;4;commercial;15
самая выгодная подписка;2000000;3;23;444;6;1;4;4;commercial;1
ритейл магазин это;2000000;3;18;121;6;1;4;4;commercial;1
интернет магазин определение;945000;3;28;155;6;1;4;4;commercial;1
если равновесная цена уменьшилась то предложение;871000;6;48;137;6;1;4;4;commercial;1
квиз сервис;2000000;2;11;265;6;1;4;4;commercial;1
бесплатное приложение для коррекции лица;2000000;5;40;42;6;1;4;4;commercial;1
где купить по картинке;2000000;4;22;132;6;1;4;4;commercial;15
сервис чтения книг;1000000;3;18;483;6;1;4;4;commercial;1
рассылка в яндекс почте;1000000;4;23;1993;6;1;4;4;commercial;1
регистрация письма;2000000;2;18;20484;6;1;4;4;commercial;10
фотосток без авторских прав бесплатно;926000;5;37;337;6;1;4;4;commercial;1
dogovor ru бесплатно;3000000;3;20;21;6;1;4;4;commercial;1
создать электронную почту на телефоне бесплатно пошагово андроид редми;3000000;9;70;17;6;1;4;4;commercial;1
майн карта онлайн бесплатно;3000000;4;27;17;6;1;4;4;commercial;4
telegram бизнес;10000;2;15;1087;6;1;4;4;commercial;1
добавить музыку на видео бесплатно;3000000;5;34;472;6;1;4;4;commercial;1
что такое бизнес модель проекта;2000000;5;31;13;6;1;4;4;commercial;9
выручка магазина;475000;2;16;6610;6;1;4;4;commercial;1
цена себестоимости это;2000000;3;22;722;6;1;4;4;commercial;1
заявление оферта;385000;2;16;975;6;1;4;4;commercial;1
сервис для проведения розыгрыша в инстаграм;1000000;6;43;12;6;1;4;4;commercial;1
свободная оферта это;2000000;3;20;9;6;1;4;4;commercial;1
официальный whois сервис информация о домене или ip;2000000;8;51;8;6;1;4;4;commercial;1
как войти во второй аккаунт в телеграмме на компьютере;3000000;9;54;8;6;1;4;4;commercial;1
если спрос растет то цена;721000;5;25;155;5;1;4;4;commercial;1
продажа интернет рекламы;2000000;3;24;260;5;1;4;4;commercial;1
btickets ru купить билет;2000000;4;24;6;5;1;4;4;commercial;1
можно ли взять деньги у государства на бизнес;2000000;8;45;48;5;1;4;4;commercial;1
название предмета по фото онлайн бесплатно;2000000;6;42;6;5;1;4;4;commercial;2
сервисы для подбора ключевых слов;2000000;5;33;37;5;1;4;4;commercial;1
как купить биткоин через телеграмм;1000000;5;34;6;5;1;4;4;commercial;1
яндекс дзен регистрация канала как автор;3000000;6;40;5;5;1;4;4;commercial;1
менеджер на маркетплейсах что это;205000;5;33;98;5;1;4;4;commercial;16
войти на сайт по qr коду;3000000;6;24;60;5;1;4;4;commercial;1
конструктор магазина;1000000;2;20;9859;5;1;4;4;commercial;1
автоворонка купить;1000000;2;18;22;5;1;4;4;commercial;1
сервис для создания майнд карт;2000000;5;30;22;5;1;4;4;commercial;1
как купить электронный номер телефона;2000000;5;37;17;5;1;4;4;commercial;1
генератор почты онлайн бесплатно;2000000;4;32;17;5;1;4;4;commercial;4
создать электронную почту на телефоне бесплатно пошагово андроид самсунг;2000000;9;72;15;5;1;4;4;commercial;1
разместить баннер бесплатно;2000000;3;27;14;5;1;4;4;commercial;1
бизнес партнером;2000000;2;16;27298;5;1;4;4;commercial;1
история личный кабинет;1000000;3;22;7335;5;1;4;4;commercial;1
что такое корпоративный домен;97000;4;29;17;5;1;4;4;commercial;9
предложения о сотрудничестве в бизнесе;2000000;5;38;17;5;1;4;4;commercial;1
инфобизнес как пишется;112000;3;22;5;5;1;4;4;commercial;1
бизнес модель шаблон;1000000;3;20;602;5;1;4;4;commercial;1
открытие пункта выдачи заказов;1000000;4;30;554;5;1;4;4;commercial;1
понятие бизнес модели компании используется для характеристики;1000000;7;62;8;5;1;4;4;commercial;1
программа для комнаты дизайн бесплатно;2000000;5;38;329;5;1;4;4;commercial;1
программа для дизайна интерьера 3d бесплатно;4000000;6;44;364;5;1;4;4;commercial;1
бизнес знакомства;1000000;2;17;789;5;1;4;4;commercial;1
вконтакте моя страница зайти без пароля и логина;2000000;8;48;692;5;1;4;4;commercial;1
себестоимость включает производственную себестоимость и внепроизводственные расходы;517000;7;83;221;5;1;4;4;commercial;1
стоимость привлечения клиентов;1000000;3;30;1185;5;1;4;4;commercial;1
как устанавливается цена;1000000;3;24;1171;5;1;4;4;commercial;1
бизнес идеи телеграм канал;7000;4;26;36;4;1;4;4;commercial;1
вконтакте моя страница вход на мою страницу без пароля войти;3000000;10;60;7634;4;1;4;4;commercial;1
чат бот на сайт бесплатно;3000000;5;25;33;4;1;4;4;commercial;1
личная продажа в маркетинге это;986000;5;31;32;4;1;4;4;commercial;1
автоматизация зачем нужна;717000;3;25;107;4;1;4;4;commercial;1
завести электронный кошелек бесплатно;2000000;4;37;22;4;1;4;4;commercial;1
онлайн анкетирование бесплатно;1000000;3;30;61;4;1;4;4;commercial;4
вконтакте моя страница зайти сразу без пароля и логина;1000000;9;54;608;4;1;4;4;commercial;1
вк моя страница войти без пароля и логина бесплатно через телефон;3000000;11;65;34;4;1;4;4;commercial;1
электронные заказные письма для юридических лиц;991000;6;47;31;4;1;4;4;commercial;10
как можно взять деньги на бизнес у государства;2000000;8;46;33;4;1;4;4;commercial;1
стоимость одного лида;3000000;3;21;46;4;1;4;4;commercial;1
условие о постоплате в договоре;1000000;5;31;16;4;1;4;4;commercial;1
wow сервис это;3000000;3;14;15;4;1;4;4;commercial;1
sms рассылка бесплатно;735000;3;22;14;4;1;4;4;commercial;1
рассылка по номерам телефонов бесплатно;2000000;5;39;25;4;1;4;4;commercial;1
яндекс карта регистрация организации;3000000;4;36;476;4;1;4;4;commercial;1
приложение чтобы донатить в игры бесплатно;2000000;6;42;22;4;1;4;4;commercial;1
chat gpt 4 бесплатно в россии;3000000;6;29;22;4;1;4;4;commercial;1
нарисовать себя в нейросети бесплатно;1000000;5;37;22;4;1;4;4;commercial;1
цвета для бизнеса;1000000;3;17;703;4;1;4;4;commercial;1
группы товаров в магазине;989000;4;25;546;4;1;4;4;commercial;1
публикация статьи бесплатно;2000000;3;27;706;4;1;4;4;commercial;1
регистрация пользователя это;188000;3;28;4255;4;1;4;4;commercial;1
создать логотип нейросетью бесплатно;2000000;4;36;2630;4;1;4;4;commercial;1
файловый менеджер для;2000000;3;21;9304;4;1;4;4;commercial;1
символ магазина;649000;2;15;1178;4;1;4;4;commercial;1
чат бот в телеграмме бесплатно;2000000;5;30;1847;4;1;4;4;commercial;1
трейд маркетинг менеджер;817000;3;24;94;4;1;4;4;commercial;1
дорожная карта для бизнеса;2000000;4;26;101;4;1;4;4;commercial;1
лого для магазина;573000;3;17;222;4;1;4;4;commercial;1
как цена влияет на спрос;910000;5;24;177;4;1;4;4;commercial;1
корпоративная социальная ответственность бизнеса;1000000;4;48;217;4;1;4;4;commercial;1
офлайн продажа это;2000000;3;18;128;4;1;4;4;commercial;1
мультиссылки бесплатно;2000000;2;22;117;4;1;4;4;commercial;1
стикеры на все случаи жизни бесплатно;2000000;6;37;125;4;1;4;4;commercial;1
кнопка для скачивания с ютуба видео на компьютер бесплатно;2000000;9;58;4;4;1;4;4;commercial;19
сервис genially для создания интерактивных заданий на русском языке;2000000;9;67;4;4;1;4;4;commercial;1
плагины для wordpress бесплатно;1000000;4;31;121;4;1;4;4;commercial;1
яндекс документы word онлайн создать бесплатно;3000000;6;46;4;4;1;4;4;commercial;4
наложить аудио на видео бесплатно;3000000;5;33;133;4;1;4;4;commercial;19
внутренние бизнес процессы;1000000;3;26;1144;4;1;4;4;commercial;1
определить победителя в вк по комментариям бесплатно;3000000;7;52;8;4;1;4;4;commercial;1
вк моя страница вконтакте вход моя страница вход без пароля и логина;2000000;12;68;2121;4;1;4;4;commercial;1
paymaster тарифы;389000;2;16;7;4;1;4;4;commercial;1
потребности клиента в продажах список;1000000;5;37;6;4;1;4;4;commercial;1
рассылка сообщений в телеграмме бесплатно;2000000;5;41;12;4;1;4;4;commercial;1
какая cms лучше для интернет магазина;2000000;6;37;7;4;1;4;4;commercial;1
продажа товаров в магазине какая сфера;805000;6;38;7;4;1;4;4;commercial;1
когда предложение уменьшается равновесная цена;842000;5;46;8;3;1;4;4;commercial;1
как найти по логину в телеграмме;2000000;6;32;21;3;1;4;4;commercial;1
приложение для съемки видео на айфон бесплатно;3000000;7;46;29;3;1;4;4;commercial;1
как выглядит бизнес модель;998000;4;26;51;3;1;4;4;commercial;1
распознать шрифт на фото онлайн бесплатно;3000000;6;41;32;3;1;4;4;commercial;4
интернет магазин понятие;926000;3;24;44;3;1;4;4;commercial;1
онлайн курс по маркетингу бесплатно;2000000;5;35;81;3;1;4;4;commercial;4
бесплатное приложение для ретуши фото;2000000;5;37;136;3;1;4;4;commercial;2
инфографика курсы бесплатно с сертификатом;2000000;5;42;128;3;1;4;4;commercial;1
яндекс управление рассылками;1000000;3;28;117;3;1;4;4;commercial;1
приложение редактировать фото бесплатно;2000000;4;39;196;3;1;4;4;commercial;2
бизнес оборот;860000;2;13;5089;3;1;4;4;commercial;1
смс интернет магазин;1000000;3;20;1071;3;1;4;4;commercial;1
сервисы для улучшения качества видео;3000000;5;36;46;3;1;4;4;commercial;1
добавить организацию на гугл карты бесплатно;2000000;6;44;42;3;1;4;4;commercial;1
при уменьшении предложения равновесная цена;946000;5;43;63;3;1;4;4;commercial;1
электронный сервис отправки писем почта россии;2000000;6;46;51;3;1;4;4;commercial;1
кто дает деньги на развитие бизнеса;2000000;6;35;27;3;1;4;4;commercial;1
диплинк бесплатно;1000000;2;17;23;3;1;4;4;commercial;1
приложение для обработки фото на андроид бесплатно русском языке;3000000;9;64;24;3;1;4;4;commercial;2
как выглядит подписка;726000;3;21;586;3;1;4;4;commercial;1
рассылка в мессенджеры;232000;3;22;839;3;1;4;4;commercial;1
психология в продажах;461000;3;21;317;3;1;4;4;commercial;1
контакты моя страница вход на мою страницу без пароля и логина бесплатно без регистрации;3000000;14;88;326;3;1;4;4;commercial;1
методика разработки бизнес плана;1000000;4;32;345;3;1;4;4;commercial;1
удобные сервисы;2000000;2;15;4036;3;1;4;4;commercial;1
рассылка сервис;1000000;2;15;7856;3;1;4;4;commercial;1
публикации бесплатно;2000000;2;20;7917;3;1;4;4;commercial;1
создаем интернет магазин;2000000;3;24;6698;3;1;4;4;commercial;1
яндекс добавить организацию на карту бесплатно;3000000;6;46;1488;3;1;4;4;commercial;1
программы для создания инфографики для маркетплейсов бесплатно;2000000;7;62;91;3;1;4;4;commercial;0
структура бизнес процессов организации;967000;4;38;191;3;1;4;4;commercial;1
вконтакте моя страница открыть без логина и пароля прямо сейчас войти;4000000;11;69;187;3;1;4;4;commercial;1
личная продажа в маркетинге;1000000;4;27;94;3;1;4;4;commercial;1
ключевой менеджер это;2000000;3;21;244;3;1;4;4;commercial;1
промоутер в магазине;1000000;3;20;239;3;1;4;4;commercial;1
рассылка через мессенджеры;227000;3;26;133;3;1;4;4;commercial;1
сервис подбора цвета;1000000;3;20;151;3;1;4;4;commercial;1
показатель удержания клиентов crr демонстрирует;644000;5;47;3;3;1;4;4;commercial;1
найти продукт по фото онлайн бесплатно;3000000;6;38;6;3;1;4;4;commercial;2
как сделать отметку на яндекс картах о магазине;806000;8;47;3;3;1;4;4;commercial;11
создание бизнес плана с нуля самостоятельно;1000000;6;43;3;3;1;4;4;commercial;1
линкедин регистрация для новеньких;1000000;4;34;3;3;1;4;4;commercial;1
продажа одного и того же товара разным потребителям по разным ценам называется;4000000;12;78;4;3;1;4;4;commercial;14
сервис транзакционных писем;956000;3;27;10;3;1;4;4;commercial;1
яндекс рассылка емейл;659000;3;21;21;3;1;4;4;commercial;1
как отправить заказное письмо через сайт почта россии;2000000;8;53;13;3;1;4;4;commercial;1
чем больше предложение тем ниже цена;2000000;6;36;14;3;1;4;4;commercial;1
алиэкспресс бизнес селлер;716000;3;25;3;3;1;4;4;commercial;1
минимальная цена товара определяется в маркетинге;659000;6;49;3;3;1;4;4;commercial;14
алиэкспресс вход бизнес;870000;3;23;3;2;1;4;4;commercial;1
сервис рассылки в телеграм;2000000;4;26;126;2;1;4;4;commercial;1
спин метод в продажах;658000;4;21;39;2;1;4;4;commercial;1
временный емайл бесплатно;1000000;3;25;8;3;1;4;4;commercial;1
телеграм бот сделать бесплатно;2000000;4;30;388;2;1;4;4;commercial;1
повер поинт создать презентацию бесплатно;2000000;5;41;370;2;1;4;4;commercial;1
gpt4 бесплатно онлайн;3000000;3;21;226;2;1;4;4;commercial;4
рассылка смс сообщений бесплатно;2000000;4;32;12;2;1;4;4;commercial;1
что такое онлайн магазины;2000000;4;25;155;2;1;4;4;commercial;9
рассылка вк программа;2000000;3;21;75;2;1;4;4;commercial;1
с увеличением числа посредников в каналах распределения конечная цена на товар;2000000;11;78;7;2;1;4;4;commercial;1
создание телеграмм бота онлайн бесплатно;2000000;5;40;7;2;1;4;4;commercial;4
сервисы рассылок в мессенджерах;901000;4;31;34;2;1;4;4;commercial;1
заказное письмо в организацию;5000;4;29;322;2;1;4;4;commercial;1
wk в контакте моя страница войти без пароля и логина бесплатно;3000000;11;62;37;2;1;4;4;commercial;1
сайты для самостоятельного изучения английского языка бесплатно;3000000;7;63;38;2;1;4;4;commercial;1
куар код для бизнеса;1000000;4;20;292;2;1;4;4;commercial;1
если предложение увеличивается то равновесная цена уменьшается;872000;7;62;36;2;1;4;4;commercial;1
яндекс голосование создать бесплатно;2000000;4;36;8;2;1;4;4;commercial;1
сервисы e mail рассылок;2000000;4;23;1041;2;1;4;4;commercial;1
приложение с фильтрами бесплатно;2000000;4;32;338;2;1;4;4;commercial;1
программы удаленного доступа к компьютеру через интернет бесплатно;3000000;8;66;371;2;1;4;4;commercial;1
оферта в устной форме;354000;4;21;33;2;1;4;4;commercial;1
как войти в чужой компьютер;2000000;5;27;335;2;1;4;4;commercial;1
менеджера маркетплейса;116000;2;22;66898;2;1;4;4;commercial;1
найти мою страницу в контакте без пароля и логина;2000000;9;49;4;2;1;4;4;commercial;1
при повышении спроса равновесная цена;726000;5;37;48;2;1;4;4;commercial;1
как определить свою ца в бизнесе;978000;6;32;4;2;1;4;4;commercial;1
что такое план маркетинга в бизнес плане;945000;7;40;6;2;1;4;4;commercial;9
монтаж видео с музыкой бесплатно;3000000;5;32;281;2;1;4;4;commercial;1
бизнес предложение образец;178000;3;26;42;2;1;4;4;commercial;1
при повышении предложения равновесная цена;971000;5;42;43;2;1;4;4;commercial;1
как можно снизить себестоимость продукции;942000;5;41;5;2;1;4;4;commercial;1
заказать рассылку по email;2000000;4;26;21;2;1;4;4;commercial;1
сервис для рассылки в мессенджерах;1000000;5;34;15;2;1;4;4;commercial;1
менеджер по поиску партнеров;2000000;4;28;14;2;1;4;4;commercial;1
сервисы для парсинга аудитории;812000;4;30;17;2;1;4;4;commercial;1
письмо оферта образец;432000;3;21;17;2;1;4;4;commercial;1
услуга в маркетинге это;458000;4;23;438;2;1;4;4;commercial;1
бизнес для потребителя;747000;3;22;867;2;1;4;4;commercial;1
автоматизация массового подбора;450000;3;31;22;2;1;4;4;commercial;1
какие могут быть возражения в продажах;2000000;6;38;10;2;1;4;4;commercial;1
дорожная карта что это в бизнесе;1000000;6;32;23;2;1;4;4;commercial;16
приложение для создания интерьера бесплатно;2000000;5;43;452;2;1;4;4;commercial;1
быстрая реакция телеграм;9000;3;24;809;2;1;4;4;commercial;1
лучшие сервисы для чтения книг бесплатно;2000000;6;40;2;2;1;4;4;commercial;1
если предложения увеличится то равновесная цена;832000;6;47;166;2;1;4;4;commercial;1
создание интеллект карт онлайн бесплатно на русском языке;2000000;8;57;2;2;1;4;4;commercial;4
сервис деск что это такое;1000000;5;25;2;2;1;4;4;commercial;16
ютуб разное смотреть бесплатно;3000000;4;30;85;2;1;4;4;commercial;1
узнать стоимость по фотографии;2000000;4;30;154;2;1;4;4;commercial;1
как можно получить деньги на бизнес;2000000;6;35;154;2;1;4;4;commercial;1
моя страница в вк вход на мою страницу без пароля и логина;2000000;12;58;2231;2;1;4;4;commercial;1
как работают облачные сервисы;1000000;4;29;75;2;1;4;4;commercial;1
программы для дизайна интерьера квартиры бесплатно;2000000;6;50;137;2;1;4;4;commercial;0
создать язык для телеграмм бесплатно на айфон;3000000;7;45;2;2;1;4;4;commercial;1
почта россии сервис электронной отправки сообщений;2000000;6;50;2;2;1;4;4;commercial;1
создать группу в контакте бесплатно;2000000;5;35;136;2;1;4;4;commercial;1
инфографика консультация;886000;2;24;135;2;1;4;4;commercial;1
рассылка по мессенджерам;159000;3;24;149;2;1;4;4;commercial;1
как войти в 2 аккаунта в телеграмм;3000000;7;34;95;2;1;4;4;commercial;1
спам рассылка email;76000;3;19;94;2;1;4;4;commercial;1
сервисы для работы с текстом;2000000;5;28;92;2;1;4;4;commercial;1
регистрация в яндекс карте;2000000;4;26;1774;2;1;4;4;commercial;1
на какое время рекомендуется составлять бизнес план;2000000;7;51;3;2;1;4;4;commercial;1
сервисы для создания интеллект карт;2000000;5;35;56;2;1;4;4;commercial;1
прямая почтовая рассылка;1000000;3;24;60;2;1;4;4;commercial;1
приложение для ретуши фото на андроид бесплатно;2000000;7;47;3;2;1;4;4;commercial;2
оплата только за материал;2000000;4;25;124;2;1;4;4;commercial;1
что такое социально ответственный бизнес;1000000;5;40;3;2;1;4;4;commercial;9
сбор семантического ядра сервис;1000000;4;31;59;2;1;4;4;commercial;1
вконтакте моя страница войти на мою страницу по номеру телефона без пароля и логина;3000000;14;83;1666;2;1;4;4;commercial;1
сервис почтовой рассылки;1000000;3;24;228;2;1;4;4;commercial;1
менеджер по рекламе описание профессии;1000000;5;38;1;1;1;4;4;commercial;1
small talk что это в продажах;509000;6;29;1;1;1;4;4;commercial;16
цена на рынке повысится а равновесный объем продаж сократится если;865000;10;66;1;1;1;4;4;commercial;1
что означает слово дискаунтер магазин;920000;5;37;1;1;1;4;4;commercial;1
сделать веснушки на фото онлайн бесплатно;2000000;6;41;1;1;1;4;4;commercial;4
сегментированная рассылка это;2000000;3;29;1;1;1;4;4;commercial;1
издержки предприятия и себестоимость его продукции кратко;480000;7;57;1;1;1;4;4;commercial;1
тарифы и ценообразование сущность и методы установления;370000;7;55;1;1;1;4;4;commercial;1
почему торговые фирмы во всем мире организуют распродажи по сниженным ценам;2000000;11;75;1;1;1;4;4;commercial;1
конечным пользователем облачных сервисов является;2000000;5;49;1;1;1;4;4;commercial;1
если спрос и предложение одновременно возрастут то равновесная цена;1000000;9;67;1;1;1;4;4;commercial;1
тестовое задание для pr менеджера;321000;5;33;1;1;1;4;4;commercial;1
разместить видео на ютубе бесплатно без регистрации;3000000;7;51;1;1;1;4;4;commercial;1
по объему включаемых в производственную себестоимость затрат различают;668000;8;70;1;1;1;4;4;commercial;1
программа проектировщик интерьера бесплатно;2000000;4;43;1;1;1;4;4;commercial;1
раскрутка видео ютуб бесплатно;3000000;4;30;2;1;1;4;4;commercial;19
моя страница вконтакте открыть прямо сейчас без пароля и логина войти без пароля;4000000;13;80;187;1;1;4;4;commercial;1
контент менеджер что должен уметь;1000000;5;33;5;1;1;4;4;commercial;1
смс рассылка программа;1000000;3;22;221;1;1;4;4;commercial;1
онлайн услуги для бизнеса;2000000;4;25;231;1;1;4;4;commercial;4
вк моя страница вход на мою страницу без пароля и логина войти;2000000;12;62;2637;1;1;4;4;commercial;1
рассылка чат бот;497000;3;16;980;1;1;4;4;commercial;1
онлайн бухгалтерия бесплатно для ооо;2000000;5;36;26;1;1;4;4;commercial;4
мотивация и оплата труда;581000;4;24;733;1;1;4;4;commercial;1
вконтакте моя страница войти без пароля по номеру телефона прямо на страницу;3000000;12;76;400;1;1;4;4;commercial;1
бот для телеграмма бесплатно для чата;2000000;6;37;626;1;1;4;4;commercial;1
файловые менеджеры android;607000;3;26;650;1;1;4;4;commercial;1
ценообразование в бизнесе это;738000;4;29;31;1;1;4;4;commercial;1
интернет магазин в контакте;1000000;4;27;503;1;1;4;4;commercial;1
договор по постоплате;351000;3;21;499;1;1;4;4;commercial;1
что такое публичная оферта об оказании услуг;728000;7;44;38;1;1;4;4;commercial;9
конкуренция в системе бизнеса;1000000;4;29;37;1;1;4;4;commercial;1
программа для дизайна интерьера дома бесплатно;3000000;6;46;37;1;1;4;4;commercial;1
что входит в бизнес модель;2000000;5;26;33;1;1;4;4;commercial;1
что такое письмо оферта;402000;4;23;19;1;1;4;4;commercial;9
оферта пример заполненный;438000;3;25;16;1;1;4;4;commercial;1
предложение о заключении сделки в котором изложены существенные условия договора;2000000;10;80;24;1;1;4;4;commercial;1
бесплатные сервисы для создания интеллект карт;3000000;6;46;20;1;1;4;4;commercial;1
даша майл рассылка;347000;3;18;21;1;1;4;4;commercial;1
выплаты на малый бизнес от государства;2000000;6;38;102;1;1;4;4;commercial;1
сервис работы с маркетплейсами;2000000;4;30;130;1;1;4;4;commercial;1
если увеличивается цена на товар то спрос;723000;7;41;131;1;1;4;4;commercial;1
программа для дизайнеров интерьера бесплатно;2000000;5;44;155;1;1;4;4;commercial;1
войти вконтакте на свою страницу по номеру телефона без пароля;3000000;10;62;146;1;1;4;4;commercial;1
сервисы для создания логотипа;1000000;4;29;143;1;1;4;4;commercial;1
проводник менеджер файлов;555000;3;25;115;1;1;4;4;commercial;1
рассылка в телеграмме бесплатно;8000;4;31;183;1;1;4;4;commercial;1
менеджер партнерской программы;521000;3;30;108;1;1;4;4;commercial;0
мотивация стимулирование и оплата труда персонала;81000;6;49;49;1;1;4;4;commercial;1
выложить статью бесплатно;2000000;3;25;51;1;1;4;4;commercial;1
вывод для бизнес плана;1000000;4;22;42;1;1;4;4;commercial;1
брифинг с заказчиком;110000;3;20;45;1;1;4;4;commercial;1
контент менеджер на сайт;2000000;4;24;66;1;1;4;4;commercial;1
сервисы мультиссылок;988000;2;20;72;1;1;4;4;commercial;1
типы личности клиентов в продажах;832000;5;33;6;1;1;4;4;commercial;1
зачем нужен личный кабинет на портале;2000000;6;37;5;1;1;4;4;commercial;1
сайт с картинками для презентаций бесплатно;3000000;6;43;5;1;1;4;4;commercial;1
постоплата товара;362000;2;17;4189;1;1;4;4;commercial;14
из чего состоит выручка магазина;525000;5;32;2;1;1;4;4;commercial;1
бизнес план создается на срок;1000000;5;29;3;1;1;4;4;commercial;1
менеджер в рекламном бизнесе это;828000;5;32;3;1;1;4;4;commercial;1
chatgpt 4 бесплатно в россии;2000000;5;28;3;1;1;4;4;commercial;1
способы продвижения интернет магазина;934000;4;37;4;1;1;4;4;commercial;1
что должен уметь контент менеджер;919000;5;33;4;1;1;4;4;commercial;1
управление рассылками в gmail;184000;4;29;4;1;1;4;4;commercial;1
продажа товара за границу государства;848000;5;37;11;1;1;4;4;commercial;14
яндекс дзен стать автором регистрация;3000000;5;37;2;1;1;4;4;commercial;1
что означает постоплата в договоре;461000;5;34;2;1;1;4;4;commercial;1
скачать видео сервисы;2000000;3;21;1078;1;1;4;4;commercial;19
целевая аудитория бизнеса;976000;3;25;1056;1;1;4;4;commercial;1
разместить видео на ютубе бесплатно;3000000;5;35;15;1;1;4;4;commercial;19
приложение для создания сторис в инстаграм бесплатно;2000000;7;52;2;1;1;4;4;commercial;1
вконтакте моя страница вход на страницу без пароля и логина;2000000;10;59;10123;1;1;4;4;commercial;1
аналитическая программа для маркетплейсов бесплатно;2000000;5;51;11;1;1;4;4;commercial;1
бизнес жоспар түрлері;646000;3;21;3;0;1;4;4;commercial;1
невысокая себестоимость производства продукции характерна для;306000;6;61;4;0;1;4;4;commercial;1
вк моя страница открыть без пароля и логина через телефон;2000000;10;57;3;0;1;4;4;commercial;1
бесплатное приложение для редактирования фотографий на андроид;2000000;7;62;3;0;1;4;4;commercial;1
что такое бизнес модель организации;1000000;5;35;4;0;1;4;4;commercial;9
профессиональный и корпоративный имидж;412000;4;38;4;0;1;4;4;commercial;1
сделать опрос онлайн бесплатно без регистрации;3000000;6;46;4;0;1;4;4;commercial;4
виды категорийных менеджеров;86000;3;28;7;0;1;4;4;commercial;17
спрос предложение и цена в системе рыночного механизма;928000;8;54;7;0;1;4;4;commercial;1
каков состав затрат включаемых в себестоимость продукции;757000;7;56;6;0;1;4;4;commercial;1
основная функция менеджера по рекламе;290000;5;37;7;0;1;4;4;commercial;1
опрос на яндексе создать бесплатно;2000000;5;34;6;0;1;4;4;commercial;1
где давать рекламу об услугах;3000000;5;29;7;0;1;4;4;commercial;15
получение первичной информации и регистрация;2000000;5;44;5;0;1;4;4;commercial;1
приложение храпа для отслеживания бесплатного;2000000;5;45;8;0;1;4;4;commercial;1
социальная ответственность в бизнесе и благотворительность;1000000;6;58;5;0;1;4;4;commercial;1
email рассылка примеры текста;1000000;4;29;4;0;1;4;4;commercial;1
в зависимости от объема затрат включаемых в калькуляцию различают себестоимость назовите лишнее;896000;12;95;4;0;1;4;4;commercial;1
сервисы для рассылки смс сообщений;1000000;5;34;6;0;1;4;4;commercial;1
сервисы для составления ментальных карт;2000000;5;39;1;0;1;4;4;commercial;1
программа для планировки комнаты бесплатно на русском;2000000;7;53;1;0;1;4;4;commercial;1
демпинг это продажа товара на мировом рынке по ценам;1000000;9;52;1;0;1;4;4;commercial;14
порядок и значение управления ценами;1000000;5;36;1;0;1;4;4;commercial;1
договор в виде комикса;791000;4;22;1;0;1;4;4;commercial;1
сделать 3д рисунок онлайн бесплатно;4000000;5;35;1;0;1;4;4;commercial;4
что такое клиентоориентированность в продажах;459000;5;45;1;0;1;4;4;commercial;9
instagram обучение для бизнеса;1000000;4;30;1;0;1;4;4;commercial;1
если предложение товара увеличивается то при прочих равных условиях равновесная цена;2000000;11;84;1;0;1;4;4;commercial;14
продажа товаров разным покупателям по разным ценам называется;1000000;8;61;1;0;1;4;4;commercial;1
для чего используются облачные сервисы;953000;5;38;2;0;1;4;4;commercial;1
сервис по подбору цветовых сочетаний;1000000;5;36;3;0;1;4;4;commercial;1
запись скринкаста бесплатно;471000;3;27;3;0;1;4;4;commercial;1
составление бизнес модели таблица;1000000;4;33;3;0;1;4;4;commercial;1
форма организации производства частная инициатива спрос равновесная цена;767000;8;72;2;0;1;4;4;commercial;1
массовая рекламная рассылка электронных сообщений это;1000000;6;53;2;0;1;4;4;commercial;1
контент менеджер инстаграм обучение;897000;4;35;2;0;1;4;4;commercial;1
прокачка ютуб канала бесплатно;3000000;4;30;2;0;1;4;4;commercial;1
файлообменник 4 гб бесплатно;3000000;4;28;2;0;1;4;4;commercial;1
создание магазина в вконтакте;1000000;4;29;2;0;1;4;4;commercial;1
сайт в контакте моя страница войти без пароля и логина бесплатно;2000000;11;64;2;0;1;4;4;commercial;1
ретушь фотографий приложение андроид бесплатно;2000000;5;46;2;0;1;4;4;commercial;1
карты для доната бесплатно;2000000;4;26;92;0;1;4;4;commercial;1
цена и ценообразование экономика;948000;4;32;94;0;1;4;4;commercial;1
сервисы рассылки электронных писем;1000000;4;34;83;0;1;4;4;commercial;1
найти шрифт по картинке бесплатно русский;2000000;6;41;86;0;1;4;4;commercial;1
создать чат бота для телеграмм бесплатно;2000000;6;40;126;0;1;4;4;commercial;1
ксо бизнеса;1000000;2;11;138;0;1;4;4;commercial;1
моя страница в вконтакте открыть без пароля и логина войти мою страницу;2000000;12;71;107;0;1;4;4;commercial;1
бизнесмены ютуб;687000;2;15;117;0;1;4;4;commercial;1
предложение снижается если цена растет;842000;5;38;117;0;1;4;4;commercial;1
ценовая политика магазина;1000000;3;25;115;0;1;4;4;commercial;1
бесплатный сервис смс рассылки;2000000;4;30;50;0;1;4;4;commercial;1
cms сайт интернет магазин;3000000;4;25;49;0;1;4;4;commercial;1
платный хостинг бесплатно;2000000;3;25;53;0;1;4;4;commercial;1
обработка видео с музыкой бесплатно;3000000;5;35;44;0;1;4;4;commercial;1
инфографика фото онлайн бесплатно;3000000;4;33;45;0;1;4;4;commercial;4
назначение интернет магазина;957000;3;28;46;0;1;4;4;commercial;1
карточки магазинов онлайн;2000000;3;25;68;0;1;4;4;commercial;4
создать интерактивную карту бесплатно;2000000;4;37;66;0;1;4;4;commercial;1
вконтакте социальная моя страница вход без логина;2000000;7;49;71;0;1;4;4;commercial;1
лучшая смс рассылка;2000000;3;19;70;0;1;4;4;commercial;1
сервис по рассылке email;2000000;4;24;62;0;1;4;4;commercial;1
если предложение и спрос на товар возрастают то цена;1000000;9;52;60;0;1;4;4;commercial;1
информация о интернет магазине;2000000;4;30;980;0;1;4;4;commercial;1
бизнес процессом называется;1000000;3;27;924;0;1;4;4;commercial;1
облачных сервисов это;3000000;3;21;979;0;1;4;4;commercial;1
функционал личного кабинета;743000;3;27;437;0;1;4;4;commercial;1
переключиться на бизнес аккаунт в инстаграм;1000000;6;43;416;0;1;4;4;commercial;1
рыночная цена устанавливается;616000;3;29;415;0;1;4;4;commercial;1
программа для дизайна квартиры 3d бесплатно;3000000;6;43;560;0;1;4;4;commercial;1
стоимость выручки это;2000000;3;21;607;0;1;4;4;commercial;1
вк моя страница войти без пароля и логина сразу;3000000;9;47;2749;0;1;4;4;commercial;1
в контакте вход моя страница войти без пароля и логина сразу вконтакте;3000000;12;70;2582;0;1;4;4;commercial;1
контакт моя страница войти без пароля и логина сразу на мою страницу;2000000;12;68;4103;0;1;4;4;commercial;1
смешные стикеры бесплатно;1000000;3;25;1234;0;1;4;4;commercial;1
как войти в спорт;312000;4;17;1159;0;1;4;4;commercial;1
цена спроса закон спроса;746000;4;24;1354;0;1;4;4;commercial;1
чат бот в телеграмм бесплатно;2000000;5;29;1882;0;1;4;4;commercial;1
бизнес процесс этапы;1000000;3;20;1848;0;1;4;4;commercial;1
вконтакте вход на страницу без пароля и логина по номеру телефона;2000000;11;65;1425;0;1;4;4;commercial;1
просмотры сторис в инстаграм бесплатно;2000000;5;38;1631;0;1;4;4;commercial;1
если цена возрастает то спрос;1000000;5;29;203;0;1;4;4;commercial;1
вконтакте моя страница войти без пароля по номеру телефона открыть прямо сейчас;4000000;12;79;183;0;1;4;4;commercial;1
найти платное приложение;2000000;3;24;225;0;1;4;4;commercial;1
индивидуальная продажа это;2000000;3;26;207;0;1;4;4;commercial;1
если изменяется цена товара то;976000;5;30;162;0;1;4;4;commercial;14
если спрос увеличился то равновесная цена;837000;6;41;155;0;1;4;4;commercial;1
вконтакте моя страница вход без пароля по номеру телефона войти прямо на страницу;3000000;13;81;165;0;1;4;4;commercial;1
как из личного аккаунта сделать бизнес аккаунт в инстаграм;2000000;9;58;165;0;1;4;4;commercial;1
вк вход на мою страницу без пароля и логина по номеру телефона бесплатно;3000000;13;72;174;0;1;4;4;commercial;1
цели менеджера проектов;1000000;3;23;341;0;1;4;4;commercial;1
проектирование квартиры программа бесплатно;1000000;4;43;335;0;1;4;4;commercial;1
интернет магазин статья;1000000;3;23;352;0;1;4;4;commercial;1
файловый менеджер для андроид лучшие;2000000;5;36;381;0;1;4;4;commercial;1
результат бизнес процесса это;2000000;4;29;370;0;1;4;4;commercial;1
в контакте моя страница вход на мою страницу без пароля и логина кон вконтакте войти;3000000;15;84;234;0;1;4;4;commercial;1
найти клиентов бесплатно;2000000;3;24;258;0;1;4;4;commercial;1
оферта существенные условия;1000000;3;27;285;0;1;4;4;commercial;1
создать лендинг пейдж бесплатно;2000000;4;31;14;0;1;4;4;commercial;1
ютуб разместить видео бесплатно без регистрации;3000000;6;47;13;0;1;4;4;commercial;19
личная продажа и прямой маркетинг;1000000;5;33;18;0;1;4;4;commercial;1
cms системы интернет магазинов;1000000;4;30;15;0;1;4;4;commercial;1
вайбер рассылка сообщений;46000;3;25;9;0;1;4;4;commercial;1
купить рекламу в одноклассниках;1000000;4;31;9;0;1;4;4;commercial;1
создать электронную почту e mail на телефоне бесплатно;3000000;8;54;12;0;1;4;4;commercial;1
цена следования за лидером;1000000;4;26;32;0;1;4;4;commercial;1
демографическая среда маркетинга;433000;3;32;29;0;1;4;4;commercial;1
продажа товаров со скидкой это;1000000;5;30;39;0;1;4;4;commercial;1
ключевые процессы в бизнес модели;1000000;5;33;43;0;1;4;4;commercial;1
смс рассылка текст пример;805000;4;25;35;0;1;4;4;commercial;1
сервисы оплаты для интернет магазина;163000;5;36;21;0;1;4;4;commercial;1
чем занимается рекламный менеджер;397000;4;33;22;0;1;4;4;commercial;1
если вырастет спрос то равновесная цена;790000;6;39;19;0;1;4;4;commercial;1
создать электронную почту на телефоне бесплатно пошагово самсунг;3000000;8;64;19;0;1;4;4;commercial;1
рассылка по номеру телефона бесплатно;2000000;5;37;25;0;1;4;4;commercial;1
продвинуть видео на ютубе бесплатно;3000000;5;35;25;0;1;4;4;commercial;19
как отправить заказное письмо по почте онлайн;2000000;7;45;27;0;1;4;4;commercial;4
почта россии заказное письмо;2000000;4;28;75007;4539;1;5;5;commercial;1
заказное почта;1000000;2;14;119176;4457;1;5;5;commercial;1
почта аутлук войти;2000000;3;18;2765;956;1;5;5;commercial;1
аутлук почта войти;1000000;3;18;2883;989;1;5;5;commercial;1
переводчик с китайского на русский по фото с телефона через камеру бесплатно онлайн;3000000;13;83;1766;967;1;5;5;commercial;2
почтовые сервисы;1000000;2;16;11901;792;1;5;5;commercial;1
заказные письма почта россии;2000000;4;28;77044;671;1;5;5;commercial;10
переводчик с английского на русский по фото с телефона через камеру бесплатно онлайн точный;3000000;14;91;3689;653;1;5;5;commercial;2
заказное онлайн письмо;2000000;3;22;8102;598;1;5;5;commercial;4
отправить заказное письмо онлайн почта россии;3000000;6;45;1104;583;1;5;5;commercial;4
сервис whois;900000;2;12;1045;576;1;5;5;commercial;1
переводчик с английского на русский по фото с телефона через камеру бесплатно без скачивания;3000000;14;92;2849;561;1;5;5;commercial;2
почта заказное письмо;871000;3;21;93931;526;1;5;5;commercial;1
вконтакте моя страница вход на мою страницу по номеру телефона без пароля войти;3000000;13;79;3082;519;1;5;5;commercial;1
вк моя страница вход на страницу без пароля и логина;2000000;10;52;3756;509;1;5;5;commercial;1
как получить деньги от государства на бизнес;2000000;7;44;4409;510;1;5;5;commercial;1
отправить заказное электронное письмо;1000000;4;37;2995;501;1;5;5;commercial;1
яндекс форма личный кабинет;746000;4;27;8872;502;1;5;5;commercial;1
гугл календарь вход в личный кабинет;2000000;6;36;495;475;1;5;5;commercial;1
создать логотип бесплатно нейросеть;2000000;4;35;2628;453;1;5;5;commercial;1
моя страница вконтакте войти без пароля и логина;3000000;8;48;8964;417;1;5;5;commercial;1
почтовые сервисы электронной почты;2000000;4;34;996;413;1;5;5;commercial;1
онлайн отправка заказных писем почта россии;3000000;6;43;493;402;1;5;5;commercial;4
заказное письмо отправить онлайн;2000000;4;32;1894;402;1;5;5;commercial;4
леонардо нейросеть бесплатно;2000000;3;28;897;400;1;5;5;commercial;1
нейросеть леонардо бесплатно;2000000;3;28;897;400;1;5;5;commercial;1
отправить заказное письмо онлайн;930000;4;32;1861;387;1;5;5;commercial;4
создать логотип онлайн нейросеть бесплатно;2000000;5;42;1172;382;1;5;5;commercial;4
перевести на русский с английского по фото с телефона через камеру бесплатно;3000000;12;76;1792;386;1;5;5;commercial;2
отправка заказных писем в электронном виде почта россии;2000000;8;55;386;362;1;5;5;commercial;1
трелло вход в личный кабинет;1000000;5;28;380;364;1;5;5;commercial;1
отправка писем онлайн почта россии заказных;3000000;6;43;452;367;1;5;5;commercial;4
почта россии отправка заказных писем онлайн;895000;6;43;452;367;1;5;5;commercial;4
бизнес модель это;3000000;3;17;3503;342;1;5;5;commercial;1
флайви личный кабинет;577000;3;21;395;336;1;5;5;commercial;1
войти аутлук;2000000;2;12;5837;324;1;5;5;commercial;1
войти в аутлук почту;2000000;4;20;1549;312;1;5;5;commercial;1
как войти в режим инкогнито в яндекс;2000000;7;36;641;317;1;5;5;commercial;1
войти в почту аутлук;2000000;4;20;1549;312;1;5;5;commercial;1
vk com моя страница войти без пароля;3000000;7;36;1819;293;1;5;5;commercial;13
переводчик с английского по фото с телефона онлайн бесплатно перевести на русский через камеру;3000000;14;94;299;290;1;5;5;commercial;2
сервисы онлайн;2000000;2;14;89831;281;1;5;5;commercial;4
вконтакте моя страница войти без пароля;3000000;6;39;12291;267;1;5;5;commercial;1
как войти в режим инкогнито;2000000;5;27;1590;247;1;5;5;commercial;1
вконтакте моя страница войти по номеру телефона без пароля и логина;3000000;11;67;2273;235;1;5;5;commercial;1
моя страница вконтакте войти прямо на страницу без пароля и логина;3000000;11;66;783;242;1;5;5;commercial;1
вконтакте моя страница войти на мою страницу без пароля и логина вход сразу в контакте;3000000;15;86;2580;226;1;5;5;commercial;1
иконки для презентации бесплатно;2000000;4;32;842;227;1;5;5;commercial;1
вк магазин;2000000;2;10;17539;218;1;5;5;commercial;1
зайти в вк на свою страницу прямо сейчас без пароля и логина по номеру телефона;4000000;15;79;238;219;1;5;5;commercial;1
создать опрос бесплатно онлайн;2000000;4;30;1341;219;1;5;5;commercial;4
вконтакте моя страница вход на мою страницу без пароля и логина в контакте;2000000;13;74;3354;213;1;5;5;commercial;1
создать сайт тильда бесплатно самому с нуля;3000000;7;43;233;192;1;5;5;commercial;1
яндекс презентации онлайн создать бесплатно;3000000;5;43;208;186;1;5;5;commercial;4
шаблоны резюме бесплатно;2000000;3;24;11038;186;1;5;5;commercial;1
яндекс почта регистрация создать почтовый ящик;2000000;6;46;4242;180;1;5;5;commercial;1
нейросеть дизайн интерьера онлайн бесплатно;2000000;5;43;641;183;1;5;5;commercial;4
нейросеть для создания логотипов бесплатно;2000000;5;42;1609;178;1;5;5;commercial;1
что такое бизнес модель;1000000;4;23;604;178;1;5;5;commercial;9
купить товар по фотографии;2000000;4;26;301;174;1;5;5;commercial;1
чат gpt 4 бесплатно;6000;4;19;864;165;1;5;5;commercial;1
вконтакте моя страница войти без пароля и логина бесплатно прямо на страницу по номеру телефона;3000000;15;95;319;165;1;5;5;commercial;1
конструктор интернет магазина;1000000;3;29;3347;162;1;5;5;commercial;1
хпв в продажах;663000;3;14;426;156;1;5;5;commercial;1
оферта или оферта как правильно;431000;5;31;618;154;1;5;5;commercial;1
ху из сервис;1000000;3;12;175;154;1;5;5;commercial;1
телеграмм бизнес;6000;2;16;8207;155;1;5;5;commercial;1
квиз создать бесплатно онлайн;2000000;4;29;264;152;1;5;5;commercial;4
почта отправить заказное письмо онлайн;2000000;5;38;1318;146;1;5;5;commercial;4
создать почтовый ящик яндекс бесплатно;2000000;5;38;3604;147;1;5;5;commercial;1
телеграмм бизнес аккаунт;2000000;3;24;1428;145;1;5;5;commercial;1
почта яндекс создать новый почтовый ящик регистрация бесплатно;3000000;8;62;1887;142;1;5;5;commercial;1
инфографика для маркетплейсов онлайн бесплатно;802000;5;46;498;143;1;5;5;commercial;4
инфографика для маркетплейсов бесплатно онлайн;2000000;5;46;498;143;1;5;5;commercial;4
яндекс почта регистрация создать новый почтовый ящик бесплатно;3000000;8;62;1887;142;1;5;5;commercial;1
outlook войти;2000000;2;13;8020;140;1;5;5;commercial;1
войти в контакт на свою страницу без пароля и логина;3000000;10;52;556;141;1;5;5;commercial;1
бизнес телеграм;10000;2;15;6951;139;1;5;5;commercial;1
войти outlook;2000000;2;13;7923;139;1;5;5;commercial;1
красивые стикеры бесплатно;2000000;3;26;5506;140;1;5;5;commercial;1
сервис деск программа заявок;1000000;4;28;151;138;1;5;5;commercial;1
яндекс рассылка;510000;2;15;6033;137;1;5;5;commercial;1
шаблон для резюме бесплатно;2000000;4;27;3632;123;1;5;5;commercial;1
как войти в другой аккаунт в телеграмме;3000000;7;39;948;124;1;5;5;commercial;1
войти в аутлук;2000000;3;14;3775;118;1;5;5;commercial;1
в контакте моя страница вход на страницу без пароля и логина войти сразу вконтакте;3000000;14;82;2565;115;1;5;5;commercial;1
кто такой контент менеджер;317000;4;26;166;112;1;5;5;commercial;12
войти в режим инкогнито;2000000;4;23;1887;112;1;5;5;commercial;1
нейросеть для генерации логотипов бесплатно;563000;5;43;498;109;1;5;5;commercial;1
как войти в инкогнито в яндекс на пк;2000000;8;36;152;108;1;5;5;commercial;1
обязанности менеджера маркетплейсов;247000;3;35;798;108;1;5;5;commercial;1
сервис деск что это;1000000;4;19;133;107;1;5;5;commercial;16
техника спин в продажах;505000;4;23;233;106;1;5;5;commercial;1
построение бизнес моделей;1000000;3;25;1333;106;1;5;5;commercial;1
яндекс форма для бизнеса;1000000;4;24;900;106;1;5;5;commercial;1
сделать почту яндекс зарегистрироваться бесплатно;2000000;5;49;128;105;1;5;5;commercial;1
улучшение качества видео нейросеть бесплатно;3000000;5;44;642;102;1;5;5;commercial;1
опросник онлайн создать бесплатно;2000000;4;33;225;102;1;5;5;commercial;4
создать опросник онлайн бесплатно;2000000;4;33;225;102;1;5;5;commercial;4
сервис рассылок;955000;2;15;7856;99;1;5;5;commercial;1
нейросеть в тг бесплатно;2000000;4;24;2133;98;1;5;5;commercial;1
в контакте моя страница вход без пароля и логина бесплатно с телефона;2000000;12;69;622;96;1;5;5;commercial;1
текст в нейросети бесплатно;2000000;4;27;7767;94;1;5;5;commercial;1
английский язык бесплатно самостоятельное изучение;2000000;5;50;1769;94;1;5;5;commercial;1
оферта или аферта;321000;3;17;1026;92;1;5;5;commercial;1
как получить деньги на бизнес от государства безвозмездно;2000000;8;57;945;91;1;5;5;commercial;1
быстрая реакция в телеграмме как поставить;2000000;6;42;817;89;1;5;5;commercial;1
сайт конструктор интернет магазина;2000000;4;34;1824;87;1;5;5;commercial;1
доставка бизнес;2000000;2;15;15855;86;1;5;5;commercial;1
прямая продажа это;2000000;3;18;1183;85;1;5;5;commercial;1
как купить цифровой рубль;1000000;4;25;208;85;1;5;5;commercial;1
тг бизнес;1000000;2;9;6981;85;1;5;5;commercial;1
менеджер по рекламе обязанности;1000000;4;31;279;85;1;5;5;commercial;1
переводчик с английского на русский онлайн бесплатно по камере телефона бесплатно;3000000;11;81;17265;84;1;5;5;commercial;4
облачный сервис это;3000000;3;19;979;84;1;5;5;commercial;1
бизнес деньги;1000000;2;13;66842;83;1;5;5;commercial;1
продажа юзернеймов телеграм;10000;3;27;232;81;1;5;5;commercial;1
шаблоны для резюме бесплатно;2000000;4;28;3632;79;1;5;5;commercial;1
трелло войти;2000000;2;12;125;79;1;5;5;commercial;1
сервис деск это;3000000;3;15;238;79;1;5;5;commercial;1
что делает менеджер по рекламе;1000000;5;30;171;78;1;5;5;commercial;1
дизайн интерьера нейросеть бесплатно;1000000;4;36;1227;77;1;5;5;commercial;1
массовая смс рассылка;1000000;3;21;725;77;1;5;5;commercial;1
онлайн переводчик с английского на русский по камере онлайн бесплатно;3000000;10;69;15973;74;1;5;5;commercial;4
vk com войти на мою страницу без пароля и логина по номеру телефона;3000000;13;67;331;74;1;5;5;commercial;1
описание бизнес процесса;1000000;3;24;4650;73;1;5;5;commercial;1
господдержка бизнеса;1000000;2;20;5335;73;1;5;5;commercial;1
genial ly сервис для создания интерактивных плакатов;1000000;7;52;74;73;1;5;5;commercial;1
как переключиться на бизнес аккаунт в инстаграм;615000;7;47;413;72;1;5;5;commercial;1
алиэкспресс бизнес;923000;2;18;562;72;1;5;5;commercial;1
как купить номер онлайн;2000000;4;23;598;72;1;5;5;commercial;4
создание интернет магазин;1000000;3;25;8725;72;1;5;5;commercial;1
приложение для создания интерьера комнаты бесплатное;1000000;6;52;130;69;1;5;5;commercial;1
контакт магазин;2000000;2;15;34045;69;1;5;5;commercial;1
переводчик с английского на русский онлайн бесплатно по камере телефона бесплатно без регистрации;3000000;13;97;137;68;1;5;5;commercial;4
сделать аватарку бесплатно;895000;3;26;2169;67;1;5;5;commercial;11
заказное письмо почта рф;1000000;4;24;495;67;1;5;5;commercial;1
сервисы для скачивания видео;3000000;4;28;1085;66;1;5;5;commercial;1
рекламный менеджер это;2000000;3;22;220;65;1;5;5;commercial;1
сервисы рассылок;857000;2;16;7856;64;1;5;5;commercial;1
бизнес модель что это;947000;4;21;389;63;1;5;5;commercial;16
создать интернет магазин онлайн;2000000;4;31;137;62;1;5;5;commercial;4
обучение криптовалюте с нуля бесплатно;2000000;5;38;1139;62;1;5;5;commercial;1
видеоблогинг;4000;1;12;714;61;1;5;5;commercial;1
вконтакте моя страница войти по номеру телефона без пароля и логина бесплатно;3000000;12;77;1314;61;1;5;5;commercial;1
отправка заказного письма почта россии онлайн;3000000;6;45;452;60;1;5;5;commercial;10
почта россии отправка заказного письма онлайн;2000000;6;45;452;60;1;5;5;commercial;10
найти товар по фото онлайн бесплатно;3000000;6;36;595;60;1;5;5;commercial;2
отправка электронных заказных писем;543000;4;35;1882;59;1;5;5;commercial;1
создать сайт магазин;2000000;3;20;1954;58;1;5;5;commercial;1
почта отправить заказное;1000000;3;24;12886;59;1;5;5;commercial;1
запись клиентов онлайн бесплатно;2000000;4;32;668;58;1;5;5;commercial;4
менеджер чайка;936000;2;14;126;57;1;5;5;commercial;1
войти в outlook;722000;3;15;5330;57;1;5;5;commercial;1
сервисы email рассылок;2000000;3;22;1358;57;1;5;5;commercial;1
whois сервисы;929000;2;13;1088;57;1;5;5;commercial;1
сервисы whois;752000;2;13;1045;55;1;5;5;commercial;1
создать интеллект карту онлайн бесплатно;3000000;5;40;156;55;1;5;5;commercial;4
как войти в аутлук;2000000;4;18;1883;55;1;5;5;commercial;1
какие есть почтовые сервисы;2000000;4;27;167;54;1;5;5;commercial;1
какие почтовые сервисы есть;3000000;4;27;167;54;1;5;5;commercial;1
обработка фото на телефоне бесплатно;3000000;5;36;130;53;1;5;5;commercial;2
сервисы по подбору психологов;1000000;4;29;319;53;1;5;5;commercial;1
аутсорсинг бизнес;1000000;2;17;1483;53;1;5;5;commercial;1
дзен регистрация аккаунта;2000000;3;25;210;52;1;5;5;commercial;1
режим инкогнито войти;2000000;3;21;2009;50;1;5;5;commercial;1
где взять денег на бизнес;2000000;5;25;1937;50;1;5;5;commercial;15
нейросеть генерирующая видео бесплатно;3000000;4;38;1471;49;1;5;5;commercial;19
яндекс карты разместить организацию бесплатно;2000000;5;45;92;49;1;5;5;commercial;1
разделы бизнес плана;1000000;3;20;3627;49;1;5;5;commercial;1
телеграм каналы про бизнес;9000;4;26;196;49;1;5;5;commercial;1
войти вконтакте моя страница прямо сейчас без логина и пароля;4000000;10;61;360;48;1;5;5;commercial;1
вконтакте магазин;1000000;2;17;4764;48;1;5;5;commercial;1
перевод с английского на русский онлайн по камере бесплатно;3000000;9;59;3300;48;1;5;5;commercial;4
интернет магазин конструктор;1000000;3;28;3347;47;1;5;5;commercial;1
яндекс документы вход в личный кабинет войти;3000000;7;44;119;47;1;5;5;commercial;1
если уменьшается предложение то равновесная цена;971000;6;48;137;46;1;5;5;commercial;1
переводчик с английского на русский онлайн по камере телефона через камеру без скачивания бесплатно;3000000;14;99;1266;46;1;5;5;commercial;4
популярные почтовые сервисы;2000000;3;27;195;46;1;5;5;commercial;1
сервис рассылки смс по своей базе;1000000;6;33;107;45;1;5;5;commercial;1
лучшие сервисы для изучения английского языка;3000000;6;45;65;45;1;5;5;commercial;1
удаленный доступ к компьютеру бесплатно без ограничений;2000000;7;55;73;45;1;5;5;commercial;1
сервис вишлист;2000000;2;14;491;45;1;5;5;commercial;1
техподдержка вк восстановить страницу;1000000;4;37;54;45;1;5;5;commercial;1
зарегистрировать электронную почту на яндексе бесплатно регистрация;3000000;7;67;70;45;1;5;5;commercial;1
зарегистрировать почтовый ящик на яндексе бесплатно;1000000;6;51;91;45;1;5;5;commercial;1
если предложение уменьшается то равновесная цена;916000;6;48;132;45;1;5;5;commercial;1
криптовалюта где купить;2000000;3;23;2713;45;1;5;5;commercial;15
вконтакте моя страница вход без пароля и логина по номеру;2000000;10;57;1981;44;1;5;5;commercial;1
как войти в почту outlook;2000000;5;25;518;44;1;5;5;commercial;1
бот телеграмм создать бесплатно;2000000;4;31;3516;44;1;5;5;commercial;1
cms интернет магазина;368000;3;21;738;43;1;5;5;commercial;1
кассовая зона в магазине;1000000;4;24;195;43;1;5;5;commercial;1
сервисы для email рассылки;2000000;4;26;398;42;1;5;5;commercial;1
отправка электронного заказного письма почта россии;2000000;6;51;1568;42;1;5;5;commercial;10
помощь от государства на бизнес;2000000;5;31;2986;42;1;5;5;commercial;1
дизайн интерьера бесплатное приложение;2000000;4;38;1718;42;1;5;5;commercial;1
бизнес аккаунт вконтакте;2000000;3;24;290;41;1;5;5;commercial;1
определить шрифт по картинке онлайн бесплатно;2000000;6;45;62;41;1;5;5;commercial;4
вконтакте для бизнеса;1000000;3;21;455;41;1;5;5;commercial;1
как указывать самозанятого в договоре правильно;784000;6;47;121;41;1;5;5;commercial;1
интеграция в рекламе это;1000000;4;24;244;40;1;5;5;commercial;1
клиентоориентированный сервис;1000000;2;29;372;40;1;5;5;commercial;1
сервис рассылки;894000;2;15;7856;40;1;5;5;commercial;1
зайти в контакт на свою страницу через номер телефона без пароля и логина;2000000;13;73;46;40;1;5;5;commercial;1
как получить деньги для бизнеса;2000000;5;31;725;39;1;5;5;commercial;1
вконтакте вход моя страница войти без пароля сразу на мою страницу в контакте;3000000;13;77;2684;39;1;5;5;commercial;1
вконтакте моя страница вход без логина и пароля войти сразу;3000000;10;59;3275;39;1;5;5;commercial;1
смс рассылка бесплатно;2000000;3;22;661;39;1;5;5;commercial;1
программа для редактирования фото на телефоне андроид бесплатно;3000000;8;63;62;39;1;5;5;commercial;2
как взять грант на открытие бизнеса от государства бесплатно;2000000;9;60;44;39;1;5;5;commercial;1
создать онлайн запись для клиентов бесплатно;3000000;6;44;130;38;1;5;5;commercial;4
онлайн переводчик с китайского на русский по фото через камеру бесплатно;3000000;11;72;1804;38;1;5;5;commercial;2
кто раскладывает товар в магазине профессия;410000;6;43;42;38;1;5;5;commercial;12
как перейти в бизнес аккаунт в инстаграм;1000000;7;40;317;38;1;5;5;commercial;1
маркетолог обучение с нуля бесплатно;2000000;5;36;134;38;1;5;5;commercial;1
приложение для дизайна комнаты бесплатно;2000000;5;40;312;38;1;5;5;commercial;1
оплата по инвойсу что это;338000;5;25;95;38;1;5;5;commercial;16
оформить заказное письмо онлайн почта россии;3000000;6;44;48;37;1;5;5;commercial;4
сервис для онлайн записи клиентов бесплатно;3000000;6;43;99;37;1;5;5;commercial;4
какие бизнес процессы бывают;1000000;4;28;157;37;1;5;5;commercial;1
сервисы искусственного интеллекта;874000;3;33;2094;37;1;5;5;commercial;1
какие бывают возражения в продажах;552000;5;34;93;37;1;5;5;commercial;1
создать карточку для маркетплейса онлайн бесплатно;2000000;6;50;91;36;1;5;5;commercial;4
трафик это в продажах;2000000;4;21;92;35;1;5;5;commercial;1
переводчик по картинке с английского на русский онлайн бесплатно через камеру;3000000;11;77;40;35;1;5;5;commercial;4
трафик в продажах это;433000;4;21;92;35;1;5;5;commercial;1
смотреть сторис инстаграм бесплатно;2000000;4;35;6972;35;1;5;5;commercial;1
сервис для создания карточек товаров для маркетплейсов;1000000;7;54;75;35;1;5;5;commercial;1
переводчик по фото с английского на русский бесплатно без скачивания телефона через камеру андроид;3000000;14;98;872;35;1;5;5;commercial;2
беханс войти;2000000;2;12;51;35;1;5;5;commercial;1
добавить адрес в яндекс карты бесплатно;3000000;6;39;44;34;1;5;5;commercial;1
скопировать видео с ютуба по ссылке бесплатно;3000000;7;45;41;34;1;5;5;commercial;19
канал ютуб бесплатно;3000000;3;20;4944;34;1;5;5;commercial;1
создать телеграмм бот бесплатно;2000000;4;31;3479;34;1;5;5;commercial;1
рассылка смс сообщений по своей базе;859000;6;36;34;34;1;5;5;commercial;1
сервисы емейл рассылок;1000000;3;22;446;34;1;5;5;commercial;1
сервис электронных заказных писем почты россии;2000000;6;46;138;34;1;5;5;commercial;1
картинки для сайта бесплатно по темам;3000000;6;37;33;33;1;5;5;commercial;1
взять деньги на бизнес у государства;2000000;6;36;811;33;1;5;5;commercial;1
добавить организацию в яндекс карты бесплатно;3000000;6;45;221;33;1;5;5;commercial;1
сервис для рассылок email;1000000;4;25;398;32;1;5;5;commercial;1
лучшие файловые менеджеры для андроид;2000000;5;37;393;32;1;5;5;commercial;1
перевести с английского на русский по фото с телефона бесплатно через камеру онлайн;3000000;13;83;387;32;1;5;5;commercial;2
программа для 3в дизайна интерьера и ремонта квартиры бесплатно;4000000;9;63;32;32;1;5;5;commercial;1
человек который расставляет товар в магазине как называется;545000;8;59;49;32;1;5;5;commercial;8
контакт моя страница войти без пароля и логина по номеру телефона на мою страницу;2000000;14;81;890;32;1;5;5;commercial;1
яндекс реклама личный кабинет бизнес;2000000;5;36;69;32;1;5;5;commercial;1
как получить от государства деньги на малый бизнес;2000000;8;50;716;31;1;5;5;commercial;1
сервис для рассылок;860000;3;19;2780;31;1;5;5;commercial;1
цена товара по фото онлайн бесплатно;3000000;6;36;44;31;1;5;5;commercial;2
вк моя страница войти без пароля и логина;2000000;8;41;3851;31;1;5;5;commercial;1
проверить текст на стилистику и содержание онлайн бесплатно;2000000;8;59;30;30;1;5;5;commercial;4
что такое трафик в продажах;48000;5;27;50;30;1;5;5;commercial;9
архиватор гугл войти;2000000;3;20;62;30;1;5;5;commercial;1
переводчик с английского на русский онлайн бесплатно по камере телефона;3000000;10;71;17265;30;1;5;5;commercial;4
как войти в браузер в режиме инкогнито;2000000;7;38;204;30;1;5;5;commercial;1
что такое промо акция;411000;4;21;165;30;1;5;5;commercial;9
как создать бизнес план для малого бизнеса самому образец;2000000;9;57;32;29;1;5;5;commercial;1
провести розыгрыш в вк по репостам бесплатно;2000000;7;44;48;29;1;5;5;commercial;1
смотреть сторис в инстаграм анонимно без регистрации бесплатно;3000000;8;62;3429;29;1;5;5;commercial;1
как узнать о подписках;1000000;4;22;1520;29;1;5;5;commercial;1
категорийного менеджера;138000;2;23;6576;29;1;5;5;commercial;1
программа для удаленного доступа к компьютеру бесплатно;2000000;7;55;848;29;1;5;5;commercial;1
сервисы для создания почты;1000000;4;26;277;29;1;5;5;commercial;1
раскладывать товар в магазине работа как называется;1000000;7;51;70;29;1;5;5;commercial;1
как заказать архив в вк;1000000;5;23;91;29;1;5;5;commercial;1
закрытие магазина ликвидация товара;1000000;4;35;97;28;1;5;5;commercial;14
дзен кабинет;9000;2;12;4675;28;1;5;5;commercial;1
ретушь фото бесплатно приложение;3000000;4;32;226;28;1;5;5;commercial;2
пиар акция;419000;2;10;341;28;1;5;5;commercial;1
яндекс дзен вход в личный кабинет для авторов;2000000;8;45;41;27;1;5;5;commercial;1
курсы копирайтинга бесплатно;168000;3;28;532;27;1;5;5;commercial;1
договор sla что это;375000;4;19;35;27;1;5;5;commercial;16
отправить заказное онлайн почта россии;2000000;5;38;1232;27;1;5;5;commercial;4
переводчик с английского на русский по камере телефона онлайн бесплатно;3000000;10;71;15384;27;1;5;5;commercial;4
фотостоки бесплатно без авторских прав;2000000;5;38;327;27;1;5;5;commercial;1
как называется человек который раскладывает товар в магазине;3000;8;60;89;26;1;5;5;commercial;8
мемы бизнес;771000;2;11;3930;26;1;5;5;commercial;1
wow сервис;1000000;2;10;195;26;1;5;5;commercial;1
сервис яндекс формы;2000000;3;19;445;26;1;5;5;commercial;1
что такое промоакция;8000;3;20;90;26;1;5;5;commercial;9
отправить электронные заказные письма;959000;4;37;3237;26;1;5;5;commercial;10
магазин своими руками;793000;3;21;2616;26;1;5;5;commercial;1
трелло личный кабинет;614000;3;21;408;26;1;5;5;commercial;1
стикер бесплатно;2000000;2;16;56659;26;1;5;5;commercial;1
рассылка в яндекс почте как настроить;173000;6;37;104;25;1;5;5;commercial;1
госпочта заказное письмо;193000;3;24;52;25;1;5;5;commercial;1
человек который раскладывает товар в магазине как называется;2000000;8;60;89;25;1;5;5;commercial;8
экосистема что это в бизнесе;746000;5;28;46;25;1;5;5;commercial;16
курсы по инфографике для маркетплейсов бесплатно с сертификатом;1000000;8;63;87;25;1;5;5;commercial;1
рейтинг cms для интернет магазина;1000000;5;33;28;24;1;5;5;commercial;1
заказать смс рассылку по своей базе;1000000;6;35;26;24;1;5;5;commercial;1
lizaonair розыгрыш в инстаграме бесплатно;2000000;5;41;38;24;1;5;5;commercial;1
переводчик с английского на русский по фото с телефона через камеру бесплатно точный;3000000;13;84;3727;24;1;5;5;commercial;2
тарифы пвз вайлдберриз;1000000;3;22;245;24;1;5;5;commercial;1
как взять деньги на бизнес;2000000;5;26;1061;24;1;5;5;commercial;1
войти в outlook com;2000000;4;19;1160;24;1;5;5;commercial;13
нейросеть создать персонажа по описанию бесплатно онлайн;2000000;7;56;29;24;1;5;5;commercial;4
войти в почту оутлоок;2000000;4;21;117;24;1;5;5;commercial;1
автоматизация рекрутинга;34000;2;24;166;24;1;5;5;commercial;1
что такое автовебинар;4000;3;21;34;23;1;5;5;commercial;9
программа для дизайнеров интерьера с возможностью визуализации бесплатно;2000000;8;72;34;23;1;5;5;commercial;1
реакция в телеграмме на сообщение;8000;5;33;3883;23;1;5;5;commercial;1
продвижение ютуб канала бесплатно;2000000;4;33;41;23;1;5;5;commercial;1
гугл таблица онлайн бесплатно;3000000;4;29;320;23;1;5;5;commercial;4
бесплатная рассылка;1000000;2;19;4192;23;1;5;5;commercial;1
приложения для фотошопа на телефон бесплатно;2000000;6;44;159;23;1;5;5;commercial;1
дорисовать фото онлайн нейросеть бесплатно;2000000;5;42;199;22;1;5;5;commercial;4
вконтакте моя страница вход без пароля по номеру телефона открыть войти;3000000;11;71;474;22;1;5;5;commercial;1
камера переводчик онлайн бесплатно;2000000;4;34;20310;22;1;5;5;commercial;4
создать гугл таблицу онлайн бесплатно;2000000;5;37;166;22;1;5;5;commercial;4
личный кабинет на сайте;2000000;4;23;43660;22;1;5;5;commercial;1
конструктор для создания интернет магазина;2000000;5;42;87;22;1;5;5;commercial;1
гос помощь для открытия бизнеса с нуля;2000000;7;38;75;22;1;5;5;commercial;1
что такое дорожная карта в бизнесе;1000000;6;34;56;21;1;5;5;commercial;9
анимации делать бесплатно;2000000;3;25;515;21;1;5;5;commercial;1
мой e mail показать на яндексе бесплатно;3000000;7;40;21;21;1;5;5;commercial;1
логотип магазин;1000000;2;15;11608;21;1;5;5;commercial;1
моя страница в контакте вход на мою страницу без логина и пароля бесплатно;2000000;13;74;1250;21;1;5;5;commercial;1
удаленный доступ к компьютеру через интернет бесплатно;2000000;7;54;580;21;1;5;5;commercial;1
яндекс почта создать почту электронную почту зарегистрироваться бесплатно;2000000;8;73;927;21;1;5;5;commercial;1
финансирование бизнеса от государства;938000;4;37;179;21;1;5;5;commercial;1
фотостоки без авторских прав бесплатно;81000;5;38;334;21;1;5;5;commercial;1
беханс личный кабинет;660000;3;21;45;20;1;5;5;commercial;1
как войти в яндекс метрику своего сайта;3000000;7;39;20;20;1;5;5;commercial;1
бесплатное приложение для инфографики;2000000;4;37;488;20;1;5;5;commercial;1
каналы про бизнес;2000000;3;17;1006;20;1;5;5;commercial;1
в контакте моя страница вход без пароля и логина бесплатно;3000000;10;58;1433;20;1;5;5;commercial;1
интеграция рекламы;915000;2;18;1218;20;1;5;5;commercial;1
бизнес идеи телеграмм канал;10000;4;27;61;20;1;5;5;commercial;1
войти в яндекс инкогнито;2000000;4;24;1264;20;1;5;5;commercial;1
аналог coreldraw бесплатно;1000000;3;26;119;20;1;5;5;commercial;1
отправить заказное письмо электронно;1000000;4;36;3857;20;1;5;5;commercial;1
регистрация по qr коду;1000000;4;22;669;20;1;5;5;commercial;1
конструктор интернет магазина бесплатно;2000000;4;39;505;20;1;5;5;commercial;1
sms рассылка по своей базе;589000;5;26;31;19;1;5;5;commercial;1
отправка электронных писем почта россии личный кабинет;2000000;7;54;26;19;1;5;5;commercial;1
зайти на сайт в контакте на мою страницу без пароля и логина;3000000;12;60;19;19;1;5;5;commercial;1
оборот что это в бизнесе;1000000;5;24;75;19;1;5;5;commercial;16
пробный период подписки;701000;3;23;1975;19;1;5;5;commercial;1
как заказать архив вк;1000000;4;21;128;19;1;5;5;commercial;1
3д дизайн интерьера бесплатно;3000000;4;29;802;19;1;5;5;commercial;1
сервис для записи клиентов;1000000;4;26;345;19;1;5;5;commercial;1
бизнес канал;2000000;2;12;10353;19;1;5;5;commercial;1
гугл таблицы обучение бесплатно с нуля;2000000;6;38;65;19;1;5;5;commercial;1
яндекс карты добавить объект на карту бесплатно;5000;7;47;38;18;1;5;5;commercial;1
как строится бизнес план;1000000;4;24;38;18;1;5;5;commercial;1
интернет магазин бесплатно;2000000;3;26;99152;18;1;5;5;commercial;1
как восстановить вконтакте свою страницу на новый телефон если забыл пароль и логин;3000000;13;83;18;18;1;5;5;commercial;1
али бизнес личный кабинет;45000;4;25;18;18;1;5;5;commercial;1
как сделать магазин вк;2000000;4;22;275;18;1;5;5;commercial;11
приложение нейросеть бесплатно;2000000;3;30;3534;18;1;5;5;commercial;1
нейросеть приложение бесплатно;2000000;3;30;3534;18;1;5;5;commercial;1
как войти в другой аккаунт телеграмм;3000000;6;36;943;18;1;5;5;commercial;1
цена по фото онлайн;3000000;4;19;273;18;1;5;5;commercial;2
контакт моя страница открыть без пароля и логина прямо сейчас бесплатно войти;3000;12;77;26;18;1;5;5;commercial;1
логистика для интернет магазинов;1000000;4;32;76;18;1;5;5;commercial;1
временная почта с паролем и логином;1000000;6;35;69;18;1;5;5;commercial;1
почта отправить электронное заказное письмо;1000000;5;43;2122;18;1;5;5;commercial;1
что такое оплата по инвойсу;389000;5;27;59;18;1;5;5;commercial;9
сервисы онлайн записи клиентов;2000000;4;30;330;18;1;5;5;commercial;4
как зарегистрировать магазин на яндекс картах;2000000;6;45;27;17;1;5;5;commercial;1
сделать опросник онлайн бесплатно;2000000;4;33;51;17;1;5;5;commercial;4
почта россии отправить электронное заказное письмо с уведомлением;2000000;8;65;34;17;1;5;5;commercial;1
что такое сервис деск;873000;4;21;47;17;1;5;5;commercial;9
как войти в режим инкогнито в microsoft edge;2000000;8;44;17;17;1;5;5;commercial;1
колтрекинговые сервисы;825000;2;22;18;17;1;5;5;commercial;1
подтверждаю заказ;1000000;2;17;11892;17;1;5;5;commercial;1
как подключить бизнес аккаунт;1000000;4;29;782;17;1;5;5;commercial;1
как зависит равновесная цена от спроса и предложения;752000;8;52;23;17;1;5;5;commercial;1
как формируется цена;619000;3;20;2420;17;1;5;5;commercial;1
отправить заказные письма онлайн;2000000;4;32;2038;17;1;5;5;commercial;10
сервис для розыгрыша в инстаграм;837000;5;32;63;17;1;5;5;commercial;1
заказное письмо почты россии;2000000;4;28;77043;17;1;5;5;commercial;1
ссв в продажах;1000000;3;14;99;17;1;5;5;commercial;1
яндекс формы создать тест бесплатно;2000000;5;35;85;17;1;5;5;commercial;1
создать блог бесплатно;1000000;3;22;328;17;1;5;5;commercial;1
блокировка рекламы в яндекс браузере бесплатно;2000000;6;46;116;17;1;5;5;commercial;1
реакция в телеграмме на сообщение как сделать;2000000;7;45;157;17;1;5;5;commercial;11
где брать заказы на фриланс;1000000;5;27;73;17;1;5;5;commercial;15
вконтакте вход моя страница войти без пароля сразу на мою страницу в контакте вк;3000000;14;80;1872;16;1;5;5;commercial;1
программа для проекта квартиры бесплатно;3000000;5;40;199;16;1;5;5;commercial;1
как войти в аккаунт телеграмм без кода;3000000;7;38;159;16;1;5;5;commercial;1
кто такой crm маркетолог;65000;4;24;19;16;1;5;5;commercial;12
сайт регистрация;3000000;2;16;566978;16;1;5;5;commercial;1
мероприятия для бизнесменов;1000000;3;27;93;16;1;5;5;commercial;1
если спрос выше предложения то цена на товар;1000000;8;44;74;16;1;5;5;commercial;1
сайт для записи клиентов бесплатно;3000000;5;34;100;16;1;5;5;commercial;1
сервис передачи файлов;2000000;3;22;488;16;1;5;5;commercial;1
отправка заказного письма онлайн;2000000;4;32;721;16;1;5;5;commercial;10
сервисы для онлайн записи;3000000;4;25;529;16;1;5;5;commercial;4
на открытие какого бизнеса можно получить деньги от государства;2000000;9;63;25;16;1;5;5;commercial;1
лучшая cms для интернет магазина;2000000;5;32;45;16;1;5;5;commercial;1
программы для визуализации интерьера бесплатно;2000000;5;46;327;16;1;5;5;commercial;0
интеграция yclients;53000;2;19;476;15;1;5;5;commercial;1
что такое спам рассылка;194000;4;23;71;15;1;5;5;commercial;9
вк моя страница вход на страницу без пароля и логина по номеру телефона войти;3000000;14;77;186;15;1;5;5;commercial;1
почта отправка заказного письма;711000;4;31;4309;15;1;5;5;commercial;10
когда договор оферты считается заключенным;393000;5;42;42;15;1;5;5;commercial;1
добавить бизнес в яндекс карты;2000000;5;30;160;15;1;5;5;commercial;1
как назвать свой бизнес;136000;4;23;217;15;1;5;5;commercial;1
просмотр сторис анонимно бесплатно;2000000;4;34;1728;15;1;5;5;commercial;1
сервисы для записи клиентов;1000000;4;27;345;15;1;5;5;commercial;1
добавить бизнес на яндекс карты;2000000;5;31;633;15;1;5;5;commercial;1
создать хостинг бесплатно;1000000;3;25;750;15;1;5;5;commercial;1
картинки для презентации бесплатно;834000;4;34;602;15;1;5;5;commercial;1
найти и купить товар по фото;2000000;6;28;27;15;1;5;5;commercial;2
автовебинар что это;2000000;3;19;19;15;1;5;5;commercial;16
sms рассылка стоимость;1000000;3;22;21;15;1;5;5;commercial;1
как взять деньги от государства для бизнеса;1000000;7;43;23;15;1;5;5;commercial;1
бизнес страница вк;2000000;3;18;1175;15;1;5;5;commercial;1
как войти в анонимный режим в яндексе;2000000;7;37;15;15;1;5;5;commercial;1
как научиться продавать любой товар в магазине;1000000;7;46;17;15;1;5;5;commercial;1
определить объект по фото онлайн бесплатно;3000000;6;42;17;15;1;5;5;commercial;2
оферта в;4000000;2;8;21201;15;1;5;5;commercial;1
как настроить бизнес аккаунт в телеграмм;2000000;6;40;17;15;1;5;5;commercial;1
инстаграм бизнес;834000;2;16;12275;15;1;5;5;commercial;1
яндекс дзен регистрация аккаунта как автора;3000000;6;43;15;15;1;5;5;commercial;1
kapital brand;88000;2;13;19;15;1;5;5;commercial;1
сервис подбора психотерапевтов;1000000;3;30;94;15;1;5;5;commercial;1
нейросеть для изучения английского языка бесплатно;2000000;6;50;31;15;1;5;5;commercial;1
сервисы для работы с маркетплейсами;2000000;5;35;72;15;1;5;5;commercial;1
как открыть свой бизнес на озон;1000000;6;31;70;15;1;5;5;commercial;1
бесплатная cms для интернет магазина;2000000;5;36;33;15;1;5;5;commercial;1
как купить левый номер телефона;2000000;5;31;27;15;1;5;5;commercial;1
из чего состоит бизнес процесс;938000;5;30;64;14;1;5;5;commercial;1
нарисовать логотип нейросеть бесплатно;2000000;4;38;162;14;1;5;5;commercial;1
сервис приема онлайн платежей;2000000;4;29;162;14;1;5;5;commercial;4
раскладка товара в магазине как называется;740000;6;42;54;14;1;5;5;commercial;14
интеграция с гугл таблицами;801000;4;27;183;14;1;5;5;commercial;1
сервис подбора ключевых слов;2000000;4;28;173;14;1;5;5;commercial;1
сервис для работы с маркетплейсами;2000000;5;34;79;14;1;5;5;commercial;1
яндекс дзен кабинет автора;1000000;4;26;72;14;1;5;5;commercial;1
поддержка государства малого бизнеса;954000;4;36;2434;14;1;5;5;commercial;1
цикл сделки в продажах;555000;4;22;82;14;1;5;5;commercial;1
сервисы опросов;997000;2;15;2322;14;1;5;5;commercial;1
менеджер сайта;3000000;2;14;6779;14;1;5;5;commercial;1
заказное письмо онлайн отправка;2000000;4;31;799;14;1;5;5;commercial;4
как вставить картинку в ячейку табличного документа в сервисе google таблицы;2000000;11;76;15;14;1;5;5;commercial;1
создать дорожную карту проекта онлайн бесплатно;3000000;6;47;16;14;1;5;5;commercial;4
как купить рекламу в телеграмм;8000;5;30;442;14;1;5;5;commercial;1
как получить миллион от государства на открытие бизнеса;1000000;8;55;18;14;1;5;5;commercial;1
создание фото для маркетплейсов онлайн бесплатно;3000000;6;48;21;14;1;5;5;commercial;4
подписка активна;961000;2;16;8959;14;1;5;5;commercial;1
сервисы для сбора семантического ядра;1000000;5;37;42;14;1;5;5;commercial;1
переводчик с камеры телефона онлайн в реальном времени бесплатно без скачивания;3000000;11;79;14;14;1;5;5;commercial;4
клиентоориентированность в продажах;378000;3;35;50;14;1;5;5;commercial;1
что такое дисконтный магазин;546000;4;28;34;14;1;5;5;commercial;9
что такое бизнес модель компании;2000000;5;32;31;14;1;5;5;commercial;9
как войти в другой аккаунт в телеграмме с айфона;226000;9;48;20;14;1;5;5;commercial;1
электронные заказные письма в суде;572000;5;34;239;13;1;5;5;commercial;10
ресурсы бизнес процесса это;1000000;4;27;410;13;1;5;5;commercial;1
бесплатное приложение для обработки фото на андроид;3000000;7;51;234;13;1;5;5;commercial;2
приложение для дизайна бесплатно;2000000;4;32;3465;13;1;5;5;commercial;1
контакты моя страница открыть без пароля и логина бесплатно;3000000;9;59;136;13;1;5;5;commercial;1
email рассылки сервисы;2000000;3;22;1482;13;1;5;5;commercial;1
программа для создания дизайна квартиры бесплатно;2000000;6;49;151;13;1;5;5;commercial;1
акция флаер;1000000;2;11;344;13;1;5;5;commercial;1
сервисы для записи клиентов онлайн;3000000;5;34;211;13;1;5;5;commercial;4
супа войти;2000000;2;10;2613;13;1;5;5;commercial;1
как получить выплату на бизнес от государства;2000000;7;45;352;13;1;5;5;commercial;1
бизнес аккаунт в контакте;1000000;4;25;309;13;1;5;5;commercial;1
узнать по фото стоимость товара;1000000;5;31;19;13;1;5;5;commercial;2
вконтакте моя страница вход без пароля по номеру телефона войти;1000000;10;63;3194;13;1;5;5;commercial;1
продажа одинаковой продукции разным покупателям по разным ценам это;1000000;9;67;37;13;1;5;5;commercial;1
психологические сервисы;1000000;2;23;1235;13;1;5;5;commercial;1
powerpoint создать презентацию бесплатно;2000000;4;40;292;13;1;5;5;commercial;1
создать электронную анкету бесплатно;2000000;4;36;13;13;1;5;5;commercial;1
как получить стартап на открытие бизнеса от государства;1000000;8;55;20;13;1;5;5;commercial;1
открыть электронный кошелек бесплатно;2000000;4;37;53;13;1;5;5;commercial;1
сим менеджер это;2000000;3;16;60;13;1;5;5;commercial;1
промакция;9000000;1;9;51;13;1;5;5;commercial;1
чат gpt 4 бесплатно онлайн;3000000;5;26;39;13;1;5;5;commercial;4
майнд карта бесплатно;2000000;3;21;485;13;1;5;5;commercial;1
как войти в режиме инкогнито в хроме;2000000;7;36;57;13;1;5;5;commercial;1
как разместить магазин на яндекс карте;645000;6;38;36;13;1;5;5;commercial;1
программа для инфографики для маркетплейсов бесплатно на русском;3000000;8;64;75;13;1;5;5;commercial;1
создать дорожную карту онлайн бесплатно;3000000;5;39;44;13;1;5;5;commercial;4
файлообменник для больших файлов бесплатно без регистрации;3000000;7;58;71;13;1;5;5;commercial;1
интернет магазины с партнерской программой;1000000;5;42;21;12;1;5;5;commercial;1
анализ сайтов конкурентов онлайн бесплатно;3000000;5;42;26;12;1;5;5;commercial;4
что нужно для получения субсидии для малого бизнеса;2000000;8;51;12;12;1;5;5;commercial;1
программы для 3д моделирования интерьера квартиры бесплатно;3000000;7;59;23;12;1;5;5;commercial;0
сделать презентацию бесплатно powerpoint;2000000;4;40;166;12;1;5;5;commercial;11
создать свой блог бесплатно;2000000;4;27;160;12;1;5;5;commercial;1
рассылка писем по электронной почте;1000000;5;35;195;12;1;5;5;commercial;1
создание онлайн опросов бесплатно;2000000;4;33;63;12;1;5;5;commercial;4
кредит на открытие бизнеса от государства;1000000;6;41;174;12;1;5;5;commercial;1
сервисы для проверки текста;3000;4;27;223;12;1;5;5;commercial;1
стоимость дизайна сайта;310000;3;23;298;12;1;5;5;commercial;1
sleep cycle бесплатно;1000000;3;21;381;12;1;5;5;commercial;1
получение денег на бизнес от государства;1000000;6;40;179;12;1;5;5;commercial;1
rss подписка;660000;2;12;171;12;1;5;5;commercial;1
что значит личный кабинет;746000;4;25;9371;12;1;5;5;commercial;1
контакт моя страница войти без пароля и логина сразу;2000000;9;52;4867;12;1;5;5;commercial;1
раскрутка ютуб канала бесплатно;2000000;4;31;16;12;1;5;5;commercial;1
цена это в маркетинге;2000000;4;21;208;12;1;5;5;commercial;1
сервисы для оплаты;1000000;3;18;8276;12;1;5;5;commercial;1
перевести с английского на русский текст по фото с камеры телефона бесплатно;3000000;12;76;72;12;1;5;5;commercial;2
vk бизнес почта;1000000;3;15;62;12;1;5;5;commercial;1
почта россии отправить заказное письмо с уведомлением о вручении онлайн;3000000;10;71;12;11;1;5;5;commercial;4
системы сервис деск;2000000;3;19;116;11;1;5;5;commercial;1
создать опрос онлайн бесплатно без регистрации;3000000;6;46;107;11;1;5;5;commercial;4
проектный менеджер должностная инструкция;246000;4;41;40;11;1;5;5;commercial;1
облачные сервисы что это;850000;4;24;242;11;1;5;5;commercial;16
провести розыгрыш инстаграм бесплатно;2000000;4;37;199;11;1;5;5;commercial;1
программа для дизайна интерьера бесплатно 3д;4000000;6;44;185;11;1;5;5;commercial;1
chat gpt 4 бесплатно на русском;3000000;6;31;162;11;1;5;5;commercial;1
электронное заказное письмо госуслуги;1000000;4;37;431;11;1;5;5;commercial;1
заработок на подписках в телеграмме;2000000;5;35;26;11;1;5;5;commercial;1
спам рассылка на почту;778000;4;22;258;11;1;5;5;commercial;1
отправка заказной корреспонденции почта россии;2000000;5;46;21;11;1;5;5;commercial;1
приложение для создания сторис бесплатно;2000000;5;40;59;11;1;5;5;commercial;1
это цена превышение которой приведет к падению спроса на со стороны потребителя;1000000;12;79;40;11;1;5;5;commercial;1
пиар акция это;2000000;3;14;42;11;1;5;5;commercial;1
сервис для рассылки сообщений в телеграм;2000000;6;40;14;11;1;5;5;commercial;1
основные направления и цели осуществления будущего проекта описываются в разделе бизнес плана анализ;2000000;13;100;20;11;1;5;5;commercial;1
лучший файловый менеджер для андроид на русском бесплатно;2000000;8;57;13;11;1;5;5;commercial;1
индией договор о неразглашении;546000;4;30;11;11;1;5;5;commercial;1
как создать бизнес аккаунт в одноклассниках;1000000;6;43;14;11;1;5;5;commercial;1
бесплатное приложение для сторис;2000000;4;32;244;11;1;5;5;commercial;1
нейросети для создания видео по тексту бесплатно;3000000;7;48;548;11;1;5;5;commercial;1
интеллект карта бесплатно;2000000;3;25;584;11;1;5;5;commercial;1
завести почту на яндексе бесплатно на телефон;2000000;7;45;321;11;1;5;5;commercial;1
войти на почту аутлук;2000000;4;21;430;11;1;5;5;commercial;1
удаленная программа для компьютера бесплатно;2000000;5;44;1325;11;1;5;5;commercial;1
истинное возражение в продажах;545000;4;30;83;11;1;5;5;commercial;1
как подписать договор оферты;613000;4;28;138;11;1;5;5;commercial;1
сервисы поиска психологов;2000000;3;25;153;11;1;5;5;commercial;1
контент менеджера;1000000;2;17;23954;11;1;5;5;commercial;1
сервисы оплаты;2000000;2;14;29072;11;1;5;5;commercial;1
vk mail для бизнеса;1000000;4;19;19;10;1;5;5;commercial;1
онлайн опросник бесплатно;2000000;3;25;661;10;1;5;5;commercial;4
отправление заказных писем онлайн почта россии;2000000;6;46;19;10;1;5;5;commercial;4
crm что это в маркетинге;220000;5;24;17;10;1;5;5;commercial;16
как разрекламировать магазин;506000;3;28;45;10;1;5;5;commercial;1
войти в режиме инкогнито;2000000;4;24;1887;10;1;5;5;commercial;1
онлайн магазин что это;2000000;4;22;273;10;1;5;5;commercial;16
фотошоп фотографии онлайн бесплатно ретушь лица;3000000;6;47;12;10;1;5;5;commercial;4
как можно купить биткоин в россии без комиссии;2000000;8;46;12;10;1;5;5;commercial;1
эвент бизнес;1000000;2;12;72;10;1;5;5;commercial;1
сделать электронную почту на телефоне бесплатно прямо сейчас без регистрации бесплатно на андроид;4000000;13;97;10;10;1;5;5;commercial;1
раскрутка магазина;507000;2;18;666;10;1;5;5;commercial;1
онлайн магазин это что;945000;4;22;273;10;1;5;5;commercial;4
сервис для рассылки писем;1000000;4;25;335;10;1;5;5;commercial;1
сервис для email рассылки;1000000;4;25;398;10;1;5;5;commercial;1
личный кабинет в интернете;1000000;4;26;77322;10;1;5;5;commercial;1
сервис для ведения бухгалтерии;981000;4;30;101;10;1;5;5;commercial;1
как узнать о своих подписках;1000000;5;28;136;10;1;5;5;commercial;1
бизнес на криптовалюте;802000;3;22;99;10;1;5;5;commercial;1
как включить бизнес аккаунт;1000000;4;27;334;10;1;5;5;commercial;1
приложение ретушь лица бесплатно;2000000;4;32;252;10;1;5;5;commercial;1
как войти в браузер инкогнито;2000000;5;29;270;10;1;5;5;commercial;1
что такое смз договор;374000;4;21;17;9;1;5;5;commercial;9
как сделать свой магазин в вк;2000000;6;29;15;9;1;5;5;commercial;11
как инстаграм перевести в бизнес аккаунт;1000000;6;40;277;9;1;5;5;commercial;1
сайт одностраничник бесплатно;3000000;3;29;193;9;1;5;5;commercial;1
как отработать возражения в продажах;542000;5;36;296;9;1;5;5;commercial;1
отправить заказное электронное письмо почтой россии с уведомлением;2000000;8;66;34;9;1;5;5;commercial;1
менеджер по рекламе и маркетингу обязанности;1000000;6;44;30;9;1;5;5;commercial;1
онлайн сервисы для ведения бухгалтерии;2000000;5;38;28;9;1;5;5;commercial;4
добавить адрес на яндекс карты бесплатно;3000000;6;40;53;9;1;5;5;commercial;1
разместить сайт на хостинге бесплатно;3000000;5;37;29;9;1;5;5;commercial;1
страница спасибо за заказ;444000;4;25;39;9;1;5;5;commercial;1
дорожная карта бизнес процесса;1000000;4;30;36;9;1;5;5;commercial;1
бесплатное приложение для планировки комнаты;2000000;5;44;85;9;1;5;5;commercial;1
программы для фотошопа на телефон бесплатно;3000000;6;43;99;9;1;5;5;commercial;0
лучший сервис рассылки email;187000;4;28;78;9;1;5;5;commercial;1
бесплатное приложение для проектирования квартиры;2000000;5;49;57;9;1;5;5;commercial;1
оплата по оферте что это;446000;5;24;25;9;1;5;5;commercial;16
менеджер по трейд маркетингу;884000;4;28;55;9;1;5;5;commercial;1
сервис отправки электронных писем почты россии;2000000;6;46;55;9;1;5;5;commercial;1
сервисы для создания логотипов бесплатно;2000000;5;40;67;9;1;5;5;commercial;1
человек который дает деньги на бизнес;1000000;6;37;64;9;1;5;5;commercial;8
русские сервисы;2000000;2;15;7212;9;1;5;5;commercial;1
бизнес партнера;1000000;2;15;27298;9;1;5;5;commercial;1
переводчик онлайн по камере онлайн бесплатно;2000000;6;44;18384;9;1;5;5;commercial;4
подписка на книги электронные;1000000;4;29;241;9;1;5;5;commercial;1
как назвать бизнес;1000000;3;18;2887;9;1;5;5;commercial;1
при увеличении предложения равновесная цена;782000;5;43;60;9;1;5;5;commercial;1
электронная почта сервисы электронной почты;2000000;5;43;7856;9;1;5;5;commercial;1
переводчик с японского на русский через камеру смартфона бесплатно на русском языке без скачивания;2000000;14;98;9;9;1;5;5;commercial;1
на чем сделать интернет магазин;897000;5;31;330;9;1;5;5;commercial;1
интеллект карты бесплатно;2000000;3;25;584;9;1;5;5;commercial;1
программа для интернет магазина;1000000;4;31;397;9;1;5;5;commercial;1
коммерческое предложение по услугам;777000;4;35;1743;9;1;5;5;commercial;1
увеличить глаза на фото онлайн бесплатно;3000000;6;40;10;9;1;5;5;commercial;4
сервис бухгалтерской отчетности;2000000;3;31;769;9;1;5;5;commercial;1
движки интернет магазинов;884000;3;25;1646;9;1;5;5;commercial;1
как перейти на бизнес аккаунт;2000000;5;29;899;9;1;5;5;commercial;1
открыть пункт выдачи заказов озон условия;2000000;6;41;222;8;1;5;5;commercial;1
лучший файловый менеджер на андроид;2000000;5;35;110;8;1;5;5;commercial;1
форум про бизнес;1000000;3;16;97;8;1;5;5;commercial;1
смотреть сторис в инстаграм бесплатно;2000000;5;37;5899;8;1;5;5;commercial;1
поиск по номеру телефона телеграмм бесплатно;7000;6;44;367;8;1;5;5;commercial;1
вк вход моя страница без пароля войти;1000000;7;37;3540;8;1;5;5;commercial;1
монополия в бизнесе это;924000;4;23;44;8;1;5;5;commercial;1
как перейти на бизнес аккаунт в инсте;1000000;7;37;47;8;1;5;5;commercial;1
бесплатные сервисы для инфографики;2000000;4;34;70;8;1;5;5;commercial;1
хороший файловый менеджер для андроид;2000000;5;37;393;8;1;5;5;commercial;1
сервисы для инфографики бесплатные;2000000;4;34;73;8;1;5;5;commercial;1
бизнес план открытия пвз;1000000;4;24;505;8;1;5;5;commercial;1
вк моя страница вход на страницу без пароля и логина по номеру;552000;12;62;555;8;1;5;5;commercial;1
показать мою электронную почту на телефоне бесплатно;2000000;7;52;534;8;1;5;5;commercial;1
приложения для дизайна комнаты бесплатно;2000000;5;40;312;8;1;5;5;commercial;1
бизнес идеи телеграм;6000;3;20;87;8;1;5;5;commercial;1
загрузить видео с ютуб бесплатно;2000000;5;32;88;8;1;5;5;commercial;19
оплата после оказания услуг как написать в договоре;2000000;8;51;13;8;1;5;5;commercial;1
обязанности мерчендайзера в магазине продуктов;739000;5;46;13;8;1;5;5;commercial;1
электронная почта аутлук войти;2000000;4;30;23;8;1;5;5;commercial;1
бесплатное приложение для фото;2000000;4;30;14151;8;1;5;5;commercial;2
нейросеть дизайн интерьера онлайн бесплатно на русском языке;2000000;8;60;69;8;1;5;5;commercial;4
как узнать есть ли подписка;2000000;5;27;3188;8;1;5;5;commercial;1
чат бот телеграмм бесплатно;2000000;4;27;2607;8;1;5;5;commercial;1
контакты моя страница открыть мою страницу без пароля и логина;2000000;10;62;805;8;1;5;5;commercial;1
сервисы для розыгрыша в инстаграм;934000;5;33;63;8;1;5;5;commercial;1
ментальные карты онлайн бесплатно на русском;3000000;6;44;54;8;1;5;5;commercial;4
рассылка по чатам телеграмм бесплатно;8000;5;37;46;8;1;5;5;commercial;1
менеджер по привлечению партнеров;1000000;4;33;56;8;1;5;5;commercial;1
войти вконтакте по id номеру;2000000;5;28;23;8;1;5;5;commercial;1
быстрая регистрация почты без телефона;2000000;5;38;30;8;1;5;5;commercial;1
как оформить трудовой договор с самозанятым;512000;6;43;34;8;1;5;5;commercial;1
кто такой рекламный менеджер;278000;4;28;39;8;1;5;5;commercial;12
как отправлять письма через личный кабинет почта россии;2000000;8;55;135;8;1;5;5;commercial;10
техника сопрано в продажах;594000;4;26;20;8;1;5;5;commercial;1
рп менеджер это;2000000;3;15;21;8;1;5;5;commercial;1
бизнес план открытия пвз вайлдберриз;1000000;5;36;112;8;1;5;5;commercial;1
оферта о заключении договора оказания услуг что это;696000;8;51;15;7;1;5;5;commercial;16
сервис для проведения розыгрыша в вк;2000000;6;36;14;7;1;5;5;commercial;1
элементы бизнес процесса;1000000;3;24;793;7;1;5;5;commercial;1
я в контакте моя страница вход без логина и пароля войти;3000000;11;56;21;7;1;5;5;commercial;1
инфографика курс бесплатно;2000000;3;26;1201;7;1;5;5;commercial;1
блокировщик рекламы установить бесплатно;4000;4;40;149;7;1;5;5;commercial;1
инстаграм для бизнеса;692000;3;21;788;7;1;5;5;commercial;1
регистрация на яндекс дзен в качестве автора;2000000;7;44;7;7;1;5;5;commercial;1
должностные обязанности смм менеджера;170000;4;37;7;7;1;5;5;commercial;1
николай иронов бесплатно;2000000;3;24;12;7;1;5;5;commercial;1
про интернет магазин;2000000;3;20;14875;7;1;5;5;commercial;1
иерархия в бизнесе;784000;3;18;157;7;1;5;5;commercial;1
должность бизнес партнер что это;112000;5;32;12;7;1;5;5;commercial;16
сервис для определения шрифта по картинке;1000000;6;41;8;7;1;5;5;commercial;1
как рассчитать стоимость дизайна сайта;2000000;5;38;8;7;1;5;5;commercial;1
rss рассылка это;2000000;3;16;9;7;1;5;5;commercial;1
интернет магазин вконтакте;2000000;3;26;263;7;1;5;5;commercial;1
эмоции в продажах;547000;3;17;280;7;1;5;5;commercial;1
найти по фото где купить товар;2000000;6;30;36;7;1;5;5;commercial;2
где купить по фотографии;2000000;4;24;72;7;1;5;5;commercial;15
минимально возможная цена;1000000;3;25;341;7;1;5;5;commercial;1
бизнес на сайтах;2000000;3;16;23319;7;1;5;5;commercial;1
найти магазин по фото;2000000;4;21;309;7;1;5;5;commercial;2
криптовалюта где купить и где хранить;1000000;6;37;24;7;1;5;5;commercial;15
переводчик с французского на русский по фото с телефона через камеру бесплатно;3000000;12;78;23;7;1;5;5;commercial;2
телеграм канал про бизнес;11000;4;25;193;7;1;5;5;commercial;1
войти на свою страницу в контакте без пароля;3000000;8;44;693;7;1;5;5;commercial;1
что является составляющими клиентоориентированного сервиса;1000000;5;58;35;7;1;5;5;commercial;1
программа сервис деск;2000000;3;21;174;7;1;5;5;commercial;1
войти в контакте на свою страницу без пароля;2000000;8;44;693;7;1;5;5;commercial;1
что входит в обязанности мерчендайзера в магазине;2000000;7;49;12;7;1;5;5;commercial;1
смайлики для тг бесплатно;2000000;4;25;35;6;1;5;5;commercial;1
фотосток бесплатно без авторских прав;2000000;5;37;333;6;1;5;5;commercial;1
приложения для фотошопа на телефон андроид бесплатно;161000;7;52;31;6;1;5;5;commercial;1
виды заказчиков в производственном процессе бережливое производство;609000;7;67;32;6;1;5;5;commercial;17
консалтинговые услуги для бизнеса это;1000000;5;37;32;6;1;5;5;commercial;1
трелло войти в аккаунт;2000000;4;22;6;6;1;5;5;commercial;1
узнать название шрифта по фото онлайн бесплатно;2000000;7;47;6;6;1;5;5;commercial;2
как зайти на старую страницу в вк без логина и пароля через телефон;2000000;13;67;7;6;1;5;5;commercial;1
нейросеть копирайтинг бесплатно;2000000;3;31;39;6;1;5;5;commercial;1
когда оферта считается заключенной;470000;4;34;54;6;1;5;5;commercial;1
найти и купить по фото онлайн бесплатно;2000000;7;39;7;6;1;5;5;commercial;2
найти похожий товар по фото онлайн бесплатно;2000000;7;44;6;6;1;5;5;commercial;2
веб хостинг бесплатно;2000000;3;21;236;6;1;5;5;commercial;1
что делать если бесит коллега по работе в кабинете;1000000;9;50;6;6;1;5;5;commercial;1
лучшие сервисы для изучения английского;2000000;5;39;75;6;1;5;5;commercial;1
бизнес план для открытия пвз;1000000;5;28;233;6;1;5;5;commercial;1
сервис для инфографики бесплатно;2000000;4;32;73;6;1;5;5;commercial;1
как описать бизнес модель компании;645000;5;34;47;6;1;5;5;commercial;1
удаленный доступ к пк бесплатно;2000000;5;31;52;6;1;5;5;commercial;1
зайти вконтакте на свою страницу без пароля и логина;2000000;9;52;9;6;1;5;5;commercial;1
стоимость разработки дизайна сайта;2000000;4;34;55;6;1;5;5;commercial;1
где купить хостинг;2000000;3;18;130;6;1;5;5;commercial;15
нейросеть по созданию сайтов бесплатно;3000000;5;38;64;6;1;5;5;commercial;1
бизнес английский фразы;1000000;3;23;120;6;1;5;5;commercial;1
ретушь фото лица бесплатно;2000000;4;26;641;6;1;5;5;commercial;2
сервис по подбору психотерапевта;1000000;4;32;19;6;1;5;5;commercial;1
crm реклама;979000;2;11;475;6;1;5;5;commercial;1
как добавить магазин в 2гис;3000000;5;27;16;6;1;5;5;commercial;1
не дает войти;3000000;3;13;18530;6;1;5;5;commercial;1
в контакте для бизнеса;2000000;4;22;342;6;1;5;5;commercial;1
иконки для презентаций powerpoint бесплатно;1000000;5;43;293;6;1;5;5;commercial;1
лучшие бесплатные почтовые сервисы;2000000;4;34;9;6;1;5;5;commercial;1
чистка компьютера онлайн бесплатно;2000000;4;34;299;6;1;5;5;commercial;4
реклама онлайн магазина;2000000;3;23;1099;6;1;5;5;commercial;4
отправление заказного письма почта россии онлайн;2000000;6;48;20;6;1;5;5;commercial;10
музыка без ап бесплатно;2000000;4;23;148;6;1;5;5;commercial;1
основные возражения клиентов в продажах;944000;5;39;13;6;1;5;5;commercial;1
на какие вопросы должен отвечать бизнес план;2000000;7;44;15;6;1;5;5;commercial;1
логотип нейросети бесплатно;2000000;3;27;12222;6;1;5;5;commercial;1
открыть мою страницу в контакте без логина и пароля;2000000;9;51;674;6;1;5;5;commercial;1
хороший файловый менеджер;2000000;3;25;941;6;1;5;5;commercial;1
бизнес визитка;1000000;2;14;781;6;1;5;5;commercial;1
закон спроса гласит что продавцы будут предлагать больше товаров по высоким ценам чем по низким;2000000;15;95;8;6;1;5;5;commercial;1
сервис электронные письма почты россии;2000000;5;38;271;6;1;5;5;commercial;10
что значит экосистема в бизнесе;862000;5;31;9;6;1;5;5;commercial;1
если цена растет то спрос;1000000;5;25;155;5;1;5;5;commercial;1
бесплатное приложение для монтажа фото;3000000;5;38;263;5;1;5;5;commercial;2
не войти в телеграмм с телефона;9000;6;31;262;5;1;5;5;commercial;1
перевести с английского на русский текст по фото с камеры телефона бесплатно без регистрации;3000000;14;92;43;5;1;5;5;commercial;2
бтл акция;750000;2;9;47;5;1;5;5;commercial;1
должностная инструкция проектного менеджера;286000;4;43;44;5;1;5;5;commercial;1
квиз для сайта бесплатно;2000000;4;24;44;5;1;5;5;commercial;1
вконтакте вход на страницу на мою без пароля и логина войти прямо по номеру телефона;2000000;15;84;159;5;1;5;5;commercial;1
лучший менеджер файлов для андроид;2000000;5;34;36;5;1;5;5;commercial;1
приложения для дизайна интерьера на компьютер бесплатно;2000000;7;55;30;5;1;5;5;commercial;1
сервис отправки писем почтой;2000000;4;28;109;5;1;5;5;commercial;1
сервисы для доната в игры;2000000;5;25;78;5;1;5;5;commercial;1
что такое трафик в бизнесе;895000;5;26;7;5;1;5;5;commercial;9
сервисы рассылок email бесплатно;337000;4;32;81;5;1;5;5;commercial;1
цена товара упадет если спрос;970000;5;29;76;5;1;5;5;commercial;14
программа для редактирования фото бесплатно на андроид;2000000;7;54;110;5;1;5;5;commercial;2
интерактивная карта создать онлайн бесплатно;3000000;5;44;57;5;1;5;5;commercial;4
сервисы для создания ботов в телеграм;943000;6;37;54;5;1;5;5;commercial;1
если спрос уменьшается то равновесная цена уменьшается;595000;7;54;114;5;1;5;5;commercial;1
создать свой опрос онлайн бесплатно;3000000;5;35;5;5;1;5;5;commercial;4
программа для дизайна помещений бесплатно;2000000;5;41;69;5;1;5;5;commercial;1
работа с возражениями в продажах этапы;1000000;6;38;143;5;1;5;5;commercial;1
как рассчитать стоимость клиента;470000;4;32;145;5;1;5;5;commercial;1
сервисы email рассылок бесплатно;3000000;4;32;81;5;1;5;5;commercial;1
поддержка малого бизнеса государством;2000000;4;37;2434;5;1;5;5;commercial;1
добавить организацию в гугл карты бесплатно;3000000;6;43;12;5;1;5;5;commercial;1
почта россии электронное заказное письмо через личный кабинет;2000000;8;61;15;5;1;5;5;commercial;1
как перевести аккаунт в инстаграм в бизнес профиль;1000000;8;50;65;5;1;5;5;commercial;1
сервис для ведения бухгалтерии ип;2000000;5;33;18;5;1;5;5;commercial;1
допродажа термин маркетинга;160000;3;27;11;5;1;5;5;commercial;1
войти в почту яндекс на другой адрес;3000000;7;36;18;5;1;5;5;commercial;1
вконтакте вход на мою страницу без пароля и логина;2000000;9;50;10123;5;1;5;5;commercial;1
переводчик с камеры онлайн бесплатно;2000000;5;36;20292;5;1;5;5;commercial;4
перевести онлайн с английского на русский бесплатно через камеру телефона;3000000;10;73;424;5;1;5;5;commercial;4
войти в контакты на свою страницу без пароля и логина;3000000;10;53;556;5;1;5;5;commercial;1
яндекс карты добавить магазин;2000000;4;29;572;5;1;5;5;commercial;1
проект квартиры программа бесплатно;2000000;4;35;563;5;1;5;5;commercial;1
цена по фото узнать;2000000;4;19;1021;5;1;5;5;commercial;2
нейросеть регистрация;1000000;2;21;102467;5;1;5;5;commercial;1
бесплатный сервис рассылок;2000000;3;26;358;5;1;5;5;commercial;1
дисконтные магазины это;2000000;3;23;873;5;1;5;5;commercial;18
найти костюм по фото в интернет магазине;2000000;7;40;9;5;1;5;5;commercial;2
регистрация на яндекс карте;2000000;4;27;3758;4;1;5;5;commercial;1
если цена увеличивается то предложение;727000;5;38;310;4;1;5;5;commercial;1
как сделать магазин вконтакте;1000000;4;29;40;4;1;5;5;commercial;11
электронная почта и личный кабинет это одно и тоже;1000000;9;50;4;4;1;5;5;commercial;1
переводчик с английского на русский онлайн по фото с телефона с камерой бесплатно без регистрации;3000000;15;97;69;4;1;5;5;commercial;2
анкетирование онлайн бесплатно;2000000;3;30;64;4;1;5;5;commercial;4
электронная рассылка разного рода рекламы людям которые не давали своего согласия на ее получение;2000000;14;97;37;4;1;5;5;commercial;1
аватарка для бизнес аккаунта;1000000;4;28;34;4;1;5;5;commercial;1
новая оферта это;2000000;3;16;29;4;1;5;5;commercial;1
как назвать бизнес проект;2000000;4;25;58;4;1;5;5;commercial;1
бесплатное приложение для редактирования лица;2000000;5;45;60;4;1;5;5;commercial;1
фильтры для фотографий бесплатно на андроид;2000000;6;43;44;4;1;5;5;commercial;1
описание продукции в бизнес плане;1000000;5;33;59;4;1;5;5;commercial;1
сервис аналитики соцсетей;1000000;3;25;51;4;1;5;5;commercial;1
файлообменник для бизнеса;1000000;3;25;17;4;1;5;5;commercial;1
анализ соцсетей бесплатно;2000000;3;25;13;4;1;5;5;commercial;1
zapier интеграция;44000;2;17;26;4;1;5;5;commercial;1
как купить биткоин в телеграм;1000000;5;29;19;4;1;5;5;commercial;1
оферта пример образец;467000;3;21;19;4;1;5;5;commercial;1
спрос увеличивается равновесная цена;670000;4;36;408;4;1;5;5;commercial;1
электронная почта регистрация с телефона;2000000;5;40;657;4;1;5;5;commercial;1
сервисы для электронной почты;2000000;4;29;636;4;1;5;5;commercial;1
что такое модель бизнеса;1000000;4;24;604;4;1;5;5;commercial;9
бизнес чат в телеграмме;8000;4;23;365;4;1;5;5;commercial;1
3d дизайн бесплатно;3000000;3;19;4779;4;1;5;5;commercial;1
цена по фотографии;1000000;3;18;3617;4;1;5;5;commercial;1
войти по штрих коду;1000000;4;19;335;4;1;5;5;commercial;1
переводчик с английского онлайн по фото через камеру бесплатно;3000000;9;62;16388;4;1;5;5;commercial;2
шаблон для резюме на работу бесплатно;2000000;6;37;1131;4;1;5;5;commercial;1
ответственность в бизнесе;880000;3;25;1636;4;1;5;5;commercial;1
рассылка по группам;561000;3;19;1496;4;1;5;5;commercial;1
как работает облачный сервис;1000000;4;28;75;4;1;5;5;commercial;1
социальная ответственность бизнеса проявляется;2000000;4;46;68;4;1;5;5;commercial;1
что такое дополнительная продажа;803000;4;32;69;4;1;5;5;commercial;9
приложение для бесплатного доната;852000;4;33;177;4;1;5;5;commercial;1
где разместить рекламу об услугах;2000000;5;33;80;4;1;5;5;commercial;15
сервис для розыгрыша;768000;3;20;237;4;1;5;5;commercial;1
почтовые сервисы список;1000000;3;23;243;4;1;5;5;commercial;1
прямая продажа что это;938000;4;22;244;4;1;5;5;commercial;16
3d визуализация интерьера программа бесплатно;3000000;5;45;130;4;1;5;5;commercial;1
программы для планировки квартиры и создания дизайна на русском бесплатно;3000000;10;73;4;4;1;5;5;commercial;0
стоимость привлечения одного клиента;2000000;4;36;149;4;1;5;5;commercial;1
сайт для создания бота в телеграмме бесплатно;3000000;7;45;5;4;1;5;5;commercial;1
сайт для проведения опросов бесплатно;2000000;5;37;5;4;1;5;5;commercial;1
поиск магазина по фото;2000000;4;22;117;4;1;5;5;commercial;2
бесплатная подписка на книги;2000000;4;28;646;4;1;5;5;commercial;1
магазин ритейлер;202000;2;16;308;4;1;5;5;commercial;1
получить деньги на бизнес от государства безвозмездно;2000000;7;53;992;4;1;5;5;commercial;1
корпоративный телеграмм;10000;2;23;357;4;1;5;5;commercial;1
как меняется равновесная цена при уменьшении предложения;1000000;7;56;4;4;1;5;5;commercial;1
сервисы для дизайна;2000000;3;19;9791;4;1;5;5;commercial;1
программа для фотошопа фотографий на телефон бесплатно;2000000;7;54;8;4;1;5;5;commercial;1
что такое выявление потребностей в продажах;529000;6;43;8;4;1;5;5;commercial;9
программа для майнд карт бесплатно;2000000;5;34;9;4;1;5;5;commercial;1
как войти через инкогнито в яндекс;2000000;6;34;10;4;1;5;5;commercial;1
как получить деньги от государства на открытие малого бизнеса с нуля;2000000;11;68;6;4;1;5;5;commercial;1
найти по фото одежду в интернете онлайн бесплатно;3000000;8;49;6;4;1;5;5;commercial;2
себестоимость продукции отражающая все затраты на производство и реализацию продукции называется;556000;11;96;7;4;1;5;5;commercial;1
вконтакте моя страница зайти без пароля и логина по номеру телефона;2000000;11;67;6;4;1;5;5;commercial;1
ментальная карта онлайн создать бесплатно на русском;3000000;7;52;26;4;1;5;5;commercial;4
значение бизнес плана;1000000;3;21;92;3;1;5;5;commercial;1
как описать бизнес модель;1000000;4;25;81;3;1;5;5;commercial;1
как войти инкогнито в хроме;2000000;5;27;71;3;1;5;5;commercial;1
онлайн хостинг бесплатно;2000;3;24;105;3;1;5;5;commercial;4
вход вконтакте на мою страницу без пароля и логина;2000000;9;50;9944;3;1;5;5;commercial;1
если цена растет то предложение;791000;5;31;124;3;1;5;5;commercial;1
электронные книги подписка;2000000;3;26;516;3;1;5;5;commercial;1
цена узнать по фото;2000000;4;19;1006;3;1;5;5;commercial;2
программа для дизайн проекта квартиры бесплатно;2000000;6;47;120;3;1;5;5;commercial;1
лучшие сервисы для общения;2000000;4;26;44;3;1;5;5;commercial;1
сервисы для поиска психологов;2000000;4;29;45;3;1;5;5;commercial;1
понятие интернет магазина;869000;3;25;44;3;1;5;5;commercial;1
контент менеджер навыки;685000;3;23;43;3;1;5;5;commercial;1
если предложение снижается то равновесная цена;875000;6;46;34;3;1;5;5;commercial;1
менеджер по рекламе что это;886000;5;27;63;3;1;5;5;commercial;16
как в инстаграмме переключиться на бизнес аккаунт;1000000;7;49;34;3;1;5;5;commercial;1
продажа товаров по искусственно заниженным ценам;1000000;6;48;71;3;1;5;5;commercial;1
mind map на русском бесплатно;2000000;5;29;58;3;1;5;5;commercial;1
яндекс почта регистрация создать новый электронный адрес на яндексе бесплатно на телефон андроид;3000000;13;96;21;3;1;5;5;commercial;1
как составить бизнес план для себя;2000000;6;34;19;3;1;5;5;commercial;7
как подключить магазин в вк;2000000;5;27;19;3;1;5;5;commercial;1
лучшие сервисы для создания чат ботов;1000000;6;37;16;3;1;5;5;commercial;1
бесплатное продвижение канала в телеграмме;5000;5;42;24;3;1;5;5;commercial;1
сервисы для работы на маркетплейсах;2000000;5;35;25;3;1;5;5;commercial;1
что такое доп продажа;516000;4;21;24;3;1;5;5;commercial;9
оформление магазина в вк;1000000;4;24;25;3;1;5;5;commercial;1
потребность клиента в продажах;709000;4;30;534;3;1;5;5;commercial;1
программы для скачивания видео с любого сайта бесплатно;4000000;8;55;577;3;1;5;5;commercial;0
мой контакт моя страница войти без пароля по номеру телефона бесплатно;3000000;11;70;822;3;1;5;5;commercial;1
управление рассылками;492000;2;21;678;3;1;5;5;commercial;1
новая оферта;312000;2;12;708;3;1;5;5;commercial;1
сервисы на основе искусственного интеллекта;1000000;5;43;318;3;1;5;5;commercial;1
программа для планирования квартиры бесплатно;2000000;5;45;427;3;1;5;5;commercial;1
как настроить бизнес аккаунт;1000000;4;28;341;3;1;5;5;commercial;1
бесплатное скачивание с ютуба;2000000;4;29;4390;3;1;5;5;commercial;1
сервис записи;2000000;2;13;7927;3;1;5;5;commercial;1
бизнес партнерами;2000000;2;17;27298;3;1;5;5;commercial;1
проект менеджера;971000;2;16;33435;3;1;5;5;commercial;1
телеграмм каналы для бизнеса;8000;4;28;893;3;1;5;5;commercial;1
тест по продажам;506000;3;16;892;3;1;5;5;commercial;1
сделать бота бесплатно в телеграмм;7000;5;34;909;3;1;5;5;commercial;11
онлайн магазины это;3000000;3;19;1004;3;1;5;5;commercial;4
яндекс форма бесплатно;2000000;3;22;2312;3;1;5;5;commercial;1
цвета в бизнесе;882000;3;15;1390;3;1;5;5;commercial;1
что такое обороты в бизнесе;800000;5;27;123;3;1;5;5;commercial;9
корпоративный слоган;121000;2;20;120;3;1;5;5;commercial;1
инфографика бесплатно без регистрации;2000000;4;37;128;3;1;5;5;commercial;1
оформить заказное письмо онлайн;60000;4;31;93;3;1;5;5;commercial;4
приложение для планировки комнаты бесплатно;2000000;5;43;82;3;1;5;5;commercial;1
рост цен на товары повышение налога на добавленную стоимость;2000000;9;60;94;3;1;5;5;commercial;1
сервис ментальных карт;2000000;3;22;93;3;1;5;5;commercial;1
майнд карта бесплатно на русском;3000000;5;32;220;3;1;5;5;commercial;1
сервис подбора психотерапевта;1000000;3;29;90;3;1;5;5;commercial;1
продажа в рассрочку это;4000;4;23;151;3;1;5;5;commercial;1
инфографика программы для создания бесплатно;2000000;5;44;168;3;1;5;5;commercial;0
конструктор интернет магазина онлайн бесплатно;3000000;5;46;4;3;1;5;5;commercial;4
разместить компанию на яндекс картах бесплатно;3000000;6;46;6;3;1;5;5;commercial;1
как удалить старый канал на ютубе если забыл пароль и логин;3000000;11;59;3;3;1;5;5;commercial;1
изменить форму губ на фото онлайн бесплатно;3000000;7;43;3;3;1;5;5;commercial;4
письмо оферта о заключении договора образец;492000;6;43;4;3;1;5;5;commercial;1
электронные заказные письма почта россии для суда;2000000;7;49;13;3;1;5;5;commercial;10
оферта образец заполненный;356000;3;26;14;3;1;5;5;commercial;1
как оформить бизнес аккаунт в инстаграм;1000000;6;39;14;3;1;5;5;commercial;1
гранд на открытие бизнеса от центра занятости;1000000;7;45;7;3;1;5;5;commercial;1
сервисы читалка;774000;2;15;189;3;1;5;5;commercial;1
программа фильтров для фотографий для андроид бесплатно;2000000;7;55;8;3;1;5;5;commercial;1
html рассылка;213000;2;13;495;3;1;5;5;commercial;1
слипи бот бесплатно;2000000;3;19;8;3;1;5;5;commercial;1
нейросеть дорисовывает фото бесплатно;2000000;4;37;329;3;1;5;5;commercial;2
создать анкету онлайн бесплатно без регистрации;2000000;6;47;7;3;1;5;5;commercial;4
создать электронную почту яндекс зарегистрироваться бесплатно с телефона сейчас на телефоне айфон;4000000;12;97;3;3;1;5;5;commercial;1
рассылка вайбер;154000;2;15;165;2;1;5;5;commercial;1
провести розыгрыш в инстаграме бесплатно;2000000;5;40;188;2;1;5;5;commercial;1
email маркетинг заказать;2000000;3;24;3;2;1;5;5;commercial;1
моя страница вконтакте войти прямо на страницу по номеру телефона без пароля;2000000;12;76;415;2;1;5;5;commercial;1
создать сайт с товарами бесплатно;3000000;5;33;60;2;1;5;5;commercial;1
кабинетные и полевые исследования в маркетинге;258000;6;46;2;2;1;5;5;commercial;1
фотошоп уменьшить лицо онлайн бесплатно;2000000;5;39;2;2;1;5;5;commercial;4
бизнес план оформление пример;1000000;4;29;39;2;1;5;5;commercial;1
матрица в бизнесе;876000;3;17;312;2;1;5;5;commercial;1
как перевести инстаграм в бизнес;923000;5;32;315;2;1;5;5;commercial;1
сайты с бесплатной музыкой для ютуба;3000000;6;36;6;2;1;5;5;commercial;1
дата регистрация сайта;2000000;3;22;1030;2;1;5;5;commercial;1
бизнес аккаунт в инстаграм в чем отличия;960000;7;40;8;2;1;5;5;commercial;1
наименование бизнес процесса;1000000;3;28;46;2;1;5;5;commercial;1
интеграция с амо crm;780000;4;20;45;2;1;5;5;commercial;1
где брать заказы фрилансеру;1000000;4;27;49;2;1;5;5;commercial;15
показать стикеры бесплатно;2000000;3;26;48;2;1;5;5;commercial;1
как проверить есть ли подписка;2000000;5;30;1590;2;1;5;5;commercial;1
должностные обязанности smm менеджера;452000;4;37;4;2;1;5;5;commercial;1
менеджер на маркетплейсах это;205000;4;29;243;2;1;5;5;commercial;1
стоимость привлечения лида;306000;3;26;47;2;1;5;5;commercial;1
голосовая рассылка на телефоны;1000000;4;30;4;2;1;5;5;commercial;1
сервис электронные заказные письма;1000000;4;34;285;2;1;5;5;commercial;10
ресурсы бизнес процесса;1000000;3;23;1407;2;1;5;5;commercial;1
основные бизнес модели;1000000;3;22;576;2;1;5;5;commercial;1
как отправить заказное письмо через сайт почты россии;98000;8;53;12;2;1;5;5;commercial;1
регистрация комбинированного товарного знака;1000000;4;44;42;2;1;5;5;commercial;1
сервисы для инстаграм;1000000;3;21;584;2;1;5;5;commercial;1
дифференцированная цена;1000000;2;23;567;2;1;5;5;commercial;1
что входит в себестоимость в отчете о финансовых результатах;2000000;9;60;17;2;1;5;5;commercial;1
формы продажи товаров в магазине;1000000;5;32;16;2;1;5;5;commercial;1
приложения для монтажа фото на телефон бесплатно;2000000;7;48;14;2;1;5;5;commercial;2
нейросеть создающая видео по тексту бесплатно;3000000;6;45;611;2;1;5;5;commercial;1
описание предприятия и отрасли в бизнес плане;1000000;7;45;17;2;1;5;5;commercial;1
в соответствии с законом спроса если цена растет;131000;8;48;11;2;1;5;5;commercial;1
как войти в трелло;2000000;4;18;22;2;1;5;5;commercial;1
постоплата в договоре оказания услуг;564000;5;36;27;2;1;5;5;commercial;1
сервисы отправки смс;1000000;3;20;787;2;1;5;5;commercial;1
создать сайт вконтакте бесплатно;3000000;4;32;22;2;1;5;5;commercial;1
настройка бизнес аккаунта в инстаграм;1000000;5;37;10;2;1;5;5;commercial;1
как определить ца бизнеса;800000;4;25;10;2;1;5;5;commercial;1
сервисы для создания анимации;1000000;4;29;78;2;1;5;5;commercial;1
вконтакте моя страница зайти сразу на страницу без пароля и логина по id адресу;2000000;14;79;2;2;1;5;5;commercial;1
crm реклама это;2000000;3;15;74;2;1;5;5;commercial;1
специалист по email рассылкам;2000000;4;29;69;2;1;5;5;commercial;1
вход в контакты на мою страницу без пароля и логина;2000000;10;51;9618;2;1;5;5;commercial;1
как раскрутить свой магазин;518000;4;27;76;2;1;5;5;commercial;1
интернет магазин википедия;1000000;3;26;100;2;1;5;5;commercial;1
из каких разделов может состоять бизнес план;1000000;7;44;2;2;1;5;5;commercial;1
экономическая ответственность бизнеса;1000000;3;37;142;2;1;5;5;commercial;1
спрос растет равновесная цена;1000000;4;29;108;2;1;5;5;commercial;1
возможности личного кабинета;1000000;3;28;3325;2;1;5;5;commercial;1
характеристики облачных сервисов;1000000;3;32;128;2;1;5;5;commercial;1
наименование бизнес плана;1000000;3;25;95;2;1;5;5;commercial;1
почтовая рассылка это;2000000;3;21;92;2;1;5;5;commercial;1
бесплатное скачивание видео с ютуба;3000000;5;35;2804;2;1;5;5;commercial;19
создать презентацию онлайн бесплатно яндекс;3000000;5;43;208;2;1;5;5;commercial;4
когда равновесная цена увеличивается а когда уменьшается;694000;7;56;3;2;1;5;5;commercial;1
письмо о взаимовыгодном сотрудничестве;420000;4;38;56;2;1;5;5;commercial;1
предложение к заключению договора;448000;4;33;231;2;1;5;5;commercial;1
сервисы для сотрудников;2000000;3;23;1628;2;1;5;5;commercial;1
как получить финансирование на бизнес от государства;2000000;7;52;51;2;1;5;5;commercial;1
если спрос падает то равновесная цена тоже падает;727000;8;49;3;2;1;5;5;commercial;1
сервис заказных писем почта россии;2000000;5;34;189;2;1;5;5;commercial;1
приложение для фотошопа на андроид бесплатно;2000000;6;44;188;2;1;5;5;commercial;1
такой показатель уровня эффективности бизнеса как стоимость приобретения клиента исчисляется путем;1000000;11;98;1;1;1;5;5;commercial;1
ценообразование в бизнесе;621000;3;25;196;2;1;5;5;commercial;1
как сделать предзаказ в эксель;498000;5;30;1;1;1;5;5;commercial;11
минимальная стоимость производства и эксплуатации;569000;5;49;1;1;1;5;5;commercial;1
сколько нужно денег для открытия магазина на wildberries;1000000;8;56;1;1;1;5;5;commercial;1
курсы бренд менеджера москва с нуля;1000000;6;35;1;1;1;5;5;commercial;1
новости в контакте моя страница вход на мою страницу без пароля и логина бесплатно;3000000;14;82;1;1;1;5;5;commercial;1
создать соц опрос онлайн бесплатно;2000000;5;34;1;1;1;5;5;commercial;4
согласно законам спроса и предложения когда цена растет;1000000;8;55;1;1;1;5;5;commercial;1
электронные заказные письма ао почта россии;2000000;6;43;58;1;1;5;5;commercial;10
как через госуслуги получить деньги на бизнес от государства безвозмездно;2000000;10;73;54;1;1;5;5;commercial;1
выбрать победителя по комментариям бесплатно;2000000;5;44;71;1;1;5;5;commercial;1
войти вконтакте моя страница вход без пароля и логина;3000000;9;53;6198;1;1;5;5;commercial;1
смс рассылка тарифы;991000;3;19;48;1;1;5;5;commercial;1
убрать синяки под глазами фотошоп онлайн бесплатно;2000000;7;50;1;1;1;5;5;commercial;4
бизнес процесс управления продажами;1000000;4;35;433;1;1;5;5;commercial;1
бизнес с нуля ютуб;2000000;4;18;24;1;1;5;5;commercial;1
как придумать название магазину;722000;4;31;487;1;1;5;5;commercial;1
в контакте вход моя страница войти без пароля и логина сразу бесплатно;3000000;12;70;28;1;1;5;5;commercial;1
программа для обработки фото на андроид бесплатно;3000000;7;49;25;1;1;5;5;commercial;2
как оформить помощь малому бизнесу;2000000;5;34;25;1;1;5;5;commercial;1
украсить фото бесплатно в приложении;2000000;5;36;27;1;1;5;5;commercial;2
коммерческое предложение по услугам образец;876000;5;43;375;1;1;5;5;commercial;1
преимущества личного кабинета;1000000;3;29;382;1;1;5;5;commercial;1
резюмирование в продажах;541000;3;24;33;1;1;5;5;commercial;1
сервисы для создания ментальных карт;2000000;5;36;35;1;1;5;5;commercial;1
сервис для создания ментальной карты;2000000;5;36;35;1;1;5;5;commercial;1
контакт моя страница вход без пароля и логина по номеру;2000000;10;55;771;1;1;5;5;commercial;1
что такое дисконтные магазины;400000;4;29;34;1;1;5;5;commercial;9
мой емейл показать на телефоне забыл логин и пароль;2000000;9;51;16;1;1;5;5;commercial;1
облачные сервисы определение;1000000;3;28;17;1;1;5;5;commercial;1
вк моя страница вход на страницу без пароля и логина и номера телефона;3000000;13;70;593;1;1;5;5;commercial;1
менеджер проекта должен обеспечить;1000000;4;34;24;1;1;5;5;commercial;1
вк моя страница открыть мою страницу без логина и пароля;2000000;10;56;652;1;1;5;5;commercial;1
отправить видео бесплатно;3000000;3;25;668;1;1;5;5;commercial;19
минимальная цена на товар определяется;920000;5;38;20;1;1;5;5;commercial;1
что значит бизнес модель;1000000;4;24;22;1;1;5;5;commercial;1
вывод бизнес плана;522000;3;18;193;1;1;5;5;commercial;1
ложные возражения в продажах;502000;4;28;75;1;1;5;5;commercial;1
типы людей в продажах;1000000;4;21;81;1;1;5;5;commercial;1
трудовой договор ип с самозанятым;536000;5;33;135;1;1;5;5;commercial;1
разделы бизнес планирования;1000000;3;27;204;1;1;5;5;commercial;1
программа для моделирования интерьера бесплатно;2000000;5;47;159;1;1;5;5;commercial;1
создание квиза бесплатно;2000000;3;24;153;1;1;5;5;commercial;1
нейросеть дорисовывает изображения бесплатно;1000000;4;44;161;1;1;5;5;commercial;1
создать электронную почту на яндексе зарегистрироваться бесплатно;3000000;7;65;275;1;1;5;5;commercial;1
организация онлайн вебинаров;2000000;3;28;51;1;1;5;5;commercial;4
чат бот магазин;692000;3;15;305;1;1;5;5;commercial;1
себестоимость продукции называют сумму постоянных издержек;748000;6;58;42;1;1;5;5;commercial;1
фотошоп на телефон бесплатно на русском языке;2000000;7;45;219;1;1;5;5;commercial;1
онлайн бухгалтерия сервисы;2000000;3;26;224;1;1;5;5;commercial;4
наводящие вопросы в продажах;1000000;4;28;6;1;1;5;5;commercial;1
способы государственной поддержки бизнеса в рф;2000000;6;46;60;1;1;5;5;commercial;1
создать диплинк бесплатно;2000000;3;25;6;1;1;5;5;commercial;1
топ файловых менеджеров на андроид;1000000;5;34;5;1;1;5;5;commercial;1
подписки в личном кабинете;927000;4;26;8708;1;1;5;5;commercial;1
почта яндекс регистрации регистрация создать почтовый ящик;2000000;7;58;4498;1;1;5;5;commercial;1
в контакте моя страница вход на мою страницу без пароля войти;3000000;11;61;7158;1;1;5;5;commercial;1
концепция автоматизации бизнес процессов означает;1000000;5;49;3;1;1;5;5;commercial;1
можно ли бесплатно получить почтовый ящик;2000000;6;41;3;1;1;5;5;commercial;1
вк моя страница без пароля и логина;2000000;7;35;5479;1;1;5;5;commercial;1
вконтакте моя страница вход на мою страницу без пароля и логина бесплатно с телефона скачать;2000000;15;92;3;1;1;5;5;commercial;1
если спрос на товар увеличивается то при прочих равных условиях равновесная цена;2000000;12;80;3;1;1;5;5;commercial;1
закон спроса состоит в том что если цена товара падает объем покупок;181000;12;68;4;1;1;5;5;commercial;14
зачем бизнесу esg;1000000;3;17;4;1;1;5;5;commercial;1
бесплатный конструктор интернет магазина онлайн;2000000;5;47;4;1;1;5;5;commercial;4
когда спрос увеличивается равновесная цена;581000;5;42;5;1;1;5;5;commercial;1
вк ком вход на мою страницу без логина и пароля;2000000;10;47;4;1;1;5;5;commercial;1
сайт создать опрос бесплатно;2000000;4;28;12;1;1;5;5;commercial;1
бесплатное приложение для дизайна интерьера с возможностью 3d;4000000;8;61;2;1;1;5;5;commercial;1
эффективные стратегии роста бизнеса;1000000;4;35;13;1;1;5;5;commercial;1
вконтакте моя страница вход без пароля и логина бесплатно с телефона;2000000;11;68;1905;1;1;5;5;commercial;1
цена товара зависит от;822000;4;22;1182;1;1;5;5;commercial;14
расположите в правильной последовательности ступени технологии лестница договоренности;1000000;8;86;2;1;1;5;5;commercial;1
в соответствии с законом спроса если цена товара растет;1000000;9;55;8;1;1;5;5;commercial;14
предложение заключить договор содержащее все его существенные условия;2000000;8;69;14;1;1;5;5;commercial;1
сервис создание семантического ядра;1000000;4;35;9;1;1;5;5;commercial;1
подписка на рассылку новостей на телефон;2000000;6;40;2;1;1;5;5;commercial;1
сервис позволяющий;2000000;2;18;10391;1;1;5;5;commercial;1
сервисная дифференциация;75000;2;24;8;1;1;5;5;commercial;1
раздел в магазине;766000;3;17;3690;1;1;5;5;commercial;1
как называется профессия менеджер по продажам;537000;6;45;8;1;1;5;5;commercial;1
услуга относящаяся к элементу комплекса маркетинга;662000;6;50;8;1;1;5;5;commercial;1
сквозная аналитика бесплатно;2000000;3;28;10;1;1;5;5;commercial;1
программы для ведения бизнеса ооо;2000000;5;33;2;1;1;5;5;commercial;0
сервис приема донатов для рутуб;1000000;5;31;4;0;1;5;5;commercial;1
как купить пункт выдачи wildberries;1000000;5;35;4;0;1;5;5;commercial;1
восстановить страницу вконтакте по имени и фамилии старую без регистрации бесплатно без регистрации;3000000;13;99;4;0;1;5;5;commercial;1
создать сайт с опросом бесплатно;3000000;5;32;4;0;1;5;5;commercial;1
yclients интеграция с сайтом;2000000;4;28;3;0;1;5;5;commercial;1
аватарка для магазина аккаунтов;375000;4;31;3;0;1;5;5;commercial;1
интеграция методов и средств стимулирования сбыта с учетом времени и интеграции покупателей называется;2000000;13;102;4;0;1;5;5;commercial;1
финансовая грамотность азы бесплатно;2000000;4;36;7;0;1;5;5;commercial;1
раскрутка подписчиков в телеграмме бесплатно;6000;5;44;7;0;1;5;5;commercial;1
нейросеть рисует по фото онлайн бесплатно без регистрации;3000000;8;57;7;0;1;5;5;commercial;2
три главных качества менеджера маркетплейсов;2000000;5;44;7;0;1;5;5;commercial;1
подобрать шрифт по картинке бесплатно;2000000;5;37;8;0;1;5;5;commercial;1
себестоимостью продукции называют сумму постоянных и переменных издержек;758000;8;72;5;0;1;5;5;commercial;1
фотошоп на телефон бесплатно на русском языке с эффектами;3000000;9;57;6;0;1;5;5;commercial;1
подбор семантического ядра сервис;929000;4;33;5;0;1;5;5;commercial;1
что такое пиар акция;320000;4;20;6;0;1;5;5;commercial;9
если спрос сократится а предложение возрастет то равновесная цена;837000;9;65;5;0;1;5;5;commercial;1
с интернет сервисом облачных технологий пользователь может;2000000;7;58;1;0;1;5;5;commercial;1
при каких условиях цена товара повышается;1000000;6;41;1;0;1;5;5;commercial;14
программа для удаленного подключения к компьютеру через интернет бесплатно;2000000;9;74;1;0;1;5;5;commercial;1
реакция рынка на изменение спроса и предложения;793000;7;47;1;0;1;5;5;commercial;1
рассылка сообщений на телефон бесплатно;2000000;5;39;1;0;1;5;5;commercial;1
рандомно выбрать победителя в инстаграме бесплатно;2000000;6;50;1;0;1;5;5;commercial;1
где купить электронные книги кроме litres;1000000;6;41;1;0;1;5;5;commercial;15
какие затраты можно включать в себестоимость продукции;1000000;7;54;1;0;1;5;5;commercial;1
алиэкспресс бизнес вход;1000000;3;23;1;0;1;5;5;commercial;1
если увеличивается цена на товар то спрос на товар заменитель;546000;10;61;1;0;1;5;5;commercial;1
vk вход на страницу в контакте моя страница без пароля и логина войти;2000000;13;69;1;0;1;5;5;commercial;1
является ли спамом новостная рассылка отправленная на адреса полученные из открытых источников;2000000;12;94;1;0;1;5;5;commercial;1
что такое менеджер файлов на андроиде;595000;6;37;1;0;1;5;5;commercial;9
удаленное управление компьютером обеспечивает сервис;2000000;5;52;1;0;1;5;5;commercial;1
грант для безработных на развитие бизнеса;1000000;6;41;1;0;1;5;5;commercial;1
отправить письмо заказным с уведомлением на почте онлайн;2000000;8;56;1;0;1;5;5;commercial;4
как определить стоимость лида;518000;4;29;2;0;1;5;5;commercial;1
жизненный цикл клиента сервиса;1000000;4;30;2;0;1;5;5;commercial;1
как поставить на карте яндекс свой магазин;2000000;7;42;3;0;1;5;5;commercial;1
письмо предложение оферта это;573000;4;29;3;0;1;5;5;commercial;1
в себестоимость продукции включаются тест;562000;5;41;2;0;1;5;5;commercial;1
бухгалтерские услуги онлайн бесплатно;2000000;4;37;2;0;1;5;5;commercial;4
макет для резюме бесплатно;1000000;4;26;2;0;1;5;5;commercial;1
главная социальная ответственность бизнеса состоит в том чтобы;2000000;8;62;2;0;1;5;5;commercial;1
цена товара установленная выше равновесного уровня приводит к;1000000;8;61;2;0;1;5;5;commercial;14
редактировать фото в фотошопе на телефоне бесплатно;2000000;7;51;2;0;1;5;5;commercial;2
размещение рекламных объявлений бесплатно;2000000;4;41;2;0;1;5;5;commercial;1
онлайн прием платежей для интернет магазина;2000000;6;43;2;0;1;5;5;commercial;4
матрица экрана бизнеса;902000;3;22;2;0;1;5;5;commercial;1
бесплатное приложение для историй в инстаграм;2000000;6;45;2;0;1;5;5;commercial;1
бесплатное приложение для съемки видео на iphone;2000000;7;48;2;0;1;5;5;commercial;1
создать креатив онлайн бесплатно;2000000;4;32;2;0;1;5;5;commercial;4
найти по фото цена товара по фото;2000000;7;33;95;0;1;5;5;commercial;2
сообщение облачные сервисы;1000000;3;26;78;0;1;5;5;commercial;1
регистрация электронной почты в яндексе бесплатно;3000000;6;49;94;0;1;5;5;commercial;1
ложное возражение в продажах;370000;4;28;75;0;1;5;5;commercial;1
переводчик с английского на русский онлайн по камере без регистрации бесплатно по фото;3000000;13;86;77;0;1;5;5;commercial;2
как войти в удаленный аккаунт вк;2000000;6;32;76;0;1;5;5;commercial;1
сделать онлайн магазин бесплатно;2000000;4;32;80;0;1;5;5;commercial;4
обучение созданию чат ботов бесплатно с нуля;2000000;7;44;81;0;1;5;5;commercial;1
демонстрация товаров это;2000000;3;24;122;0;1;5;5;commercial;1
что такое удаленный сервис;998000;4;26;127;0;1;5;5;commercial;9
если цена уменьшается то предложение;685000;5;36;131;0;1;5;5;commercial;1
сервисы обмена электронными документами;2000000;4;39;136;0;1;5;5;commercial;1
платежный онлайн сервис;2000000;3;23;125;0;1;5;5;commercial;4
поставить музыку на видео бесплатно;3000000;5;35;113;0;1;5;5;commercial;19
нетворкинг сервисы;944000;2;18;119;0;1;5;5;commercial;1
войти вконтакте на свою страницу по номеру телефона без пароля и логина в контакте;3000000;14;82;120;0;1;5;5;commercial;1
настроить crm систему;838000;3;21;117;0;1;5;5;commercial;1
email рассылка пример;1000000;3;21;111;0;1;5;5;commercial;1
смс для интернет магазина;938000;4;25;44;0;1;5;5;commercial;1
бизнес план составляется на срок;796000;5;32;43;0;1;5;5;commercial;1
сервис чат бот телеграм;2000000;4;23;44;0;1;5;5;commercial;1
отметить организацию на яндекс картах бесплатно;3000000;6;47;46;0;1;5;5;commercial;1
спрос уменьшится а равновесная цена;1000000;5;35;49;0;1;5;5;commercial;1
моя страница вконтакте вход прямо на страницу без пароля и логина восстановить мою страницу;2000000;14;91;69;0;1;5;5;commercial;1
рассылка смс бесплатно на телефон;2000000;5;33;64;0;1;5;5;commercial;1
демократический стиль управления коллективом;688000;4;44;60;0;1;5;5;commercial;1
переводчик с английского на русский с фото телефона бесплатно без регистрации;2000000;11;77;746;0;1;5;5;commercial;2
зарегистрироваться на электронной почте бесплатно на телефоне андроид;3000000;8;69;633;0;1;5;5;commercial;1
вконтакте моя страница зайти на страницу без пароля и логина;2000000;10;60;678;0;1;5;5;commercial;1
предложение на заключение договора;684000;4;34;910;0;1;5;5;commercial;1
стикеры для телеграмм бесплатно;3000;4;31;874;0;1;5;5;commercial;1
затраты включаемые в стоимость;620000;4;30;793;0;1;5;5;commercial;1
приложение для бесплатного дизайна квартиры;2000000;5;43;855;0;1;5;5;commercial;1
бизнес модель описание;1000000;3;22;566;0;1;5;5;commercial;1
вход в контакт на мою страницу без пароля и логина по номеру телефона;2000000;13;69;599;0;1;5;5;commercial;1
подписка на номер телефона;2000000;4;26;3572;0;1;5;5;commercial;1
вконтакте вход на мою страницу без пароля и логина бесплатно;2000000;10;60;3001;0;1;5;5;commercial;1
онлайн переводчик с китайского на русский камеры телефона бесплатно;2000000;9;67;2386;0;1;5;5;commercial;4
удаленный компьютер бесплатно;2000000;3;29;3429;0;1;5;5;commercial;1
переводчик с китайского на русский онлайн бесплатно камеры телефона;3000000;9;67;2390;0;1;5;5;commercial;4
потребности заказчика;135000;2;21;2448;0;1;5;5;commercial;1
вк вход на мою страницу без пароля войти сразу;2000000;9;46;2411;0;1;5;5;commercial;1
карта интернет магазина;2000000;3;23;9647;0;1;5;5;commercial;1
вход в контакт моя страница без пароля и логина войти сразу на мою страницу;3000000;14;75;4044;0;1;5;5;commercial;1
менеджера по рекламе;836000;3;20;7389;0;1;5;5;commercial;1
в контакте вход моя страница войти без пароля сразу;3000000;9;51;4719;0;1;5;5;commercial;1
сервисы и программы;1000000;3;19;5039;0;1;5;5;commercial;0
вконтакте моя страница войти без пароля прямо;2000000;7;45;1281;0;1;5;5;commercial;1
смотреть историю в инстаграме анонимно онлайн бесплатно;2000000;7;55;1546;0;1;5;5;commercial;4
вконтакте моя страница войти без пароля открыть прямо сейчас;4000000;9;60;187;0;1;5;5;commercial;1
ху сервис;1000000;2;9;196;0;1;5;5;commercial;1
продажа товаров со скидкой;1000000;4;26;189;0;1;5;5;commercial;1
мотивация и оплата труда персонала;600000;5;34;205;0;1;5;5;commercial;1
как отправлять заказные письма онлайн;2000000;5;37;148;0;1;5;5;commercial;10
инфографика для маркетплейсов программа бесплатно;889000;5;49;334;0;1;5;5;commercial;1
виды бизнес планирования;1000000;3;24;393;0;1;5;5;commercial;17
приложение файл менеджер;878000;3;24;261;0;1;5;5;commercial;1
вконтакте моя страница зайти сразу на страницу без пароля и логина по;2000000;12;69;260;0;1;5;5;commercial;1
войти на свою страницу в контакте по номеру телефона без пароля;3000000;11;63;372;0;1;5;5;commercial;1
мерчандайзинг в магазине;502000;3;24;244;0;1;5;5;commercial;1
рассылка телеграмм бесплатно;8000;3;28;244;0;1;5;5;commercial;1
экосистемы это в бизнесе;2000000;4;24;240;0;1;5;5;commercial;1
бизнес процессы состав;781000;3;22;266;0;1;5;5;commercial;1
пиар в вк бесплатно;2000000;4;19;13;0;1;5;5;commercial;1
искусственно заниженная цена это;761000;4;32;13;0;1;5;5;commercial;1
платежные сервисы для интернет магазинов;1000000;5;40;13;0;1;5;5;commercial;1
цена товара в условиях рынка регулируется соотношением;2000000;7;54;17;0;1;5;5;commercial;14
массовая рассылка онлайн;2000000;3;24;18;0;1;5;5;commercial;4
chat gpt 4 бесплатно без ограничений;3000000;6;36;18;0;1;5;5;commercial;1
менеджер трафика интернета;737000;3;26;15;0;1;5;5;commercial;1
сохранить видео с ютуба на компьютер бесплатно;3000000;7;46;16;0;1;5;5;commercial;19
как найти новых заказчиков;2000000;4;26;16;0;1;5;5;commercial;1
бизнес план разрабатывается на срок;1000000;5;35;9;0;1;5;5;commercial;1
чем определяется качество продукта и его цена в рыночной экономике;2000000;10;66;9;0;1;5;5;commercial;1
приложения для коррекции фото для iphone бесплатно;325000;7;50;9;0;1;5;5;commercial;2
перевести с английского на русский текст по фото с камеры телефона бесплатно без регистрации онлайн;2000000;15;99;12;0;1;5;5;commercial;2
нейросеть для создания логотипа бренда бесплатно;2000000;6;48;12;0;1;5;5;commercial;1
виды товаров и услуг в бизнес плане;998000;7;35;12;0;1;5;5;commercial;17
аналитические программы для маркетплейсов бесплатно;2000000;5;51;11;0;1;5;5;commercial;0
вконтакте моя страница вход без пароля и логина найти;2000000;9;53;12;0;1;5;5;commercial;1
интернет бухгалтерия бесплатно;2000000;3;30;11;0;1;5;5;commercial;1
viber рассылка сообщений;665000;3;24;10;0;1;5;5;commercial;1
двухпанельный файловый менеджер андроид;220000;4;39;10;0;1;5;5;commercial;1
если спрос вырастет то равновесная цена;769000;6;39;11;0;1;5;5;commercial;1
какие вопросы можно задать покупателю в магазине;1000000;7;48;11;0;1;5;5;commercial;1
ссылка на скачивание с ютуба бесплатно;2000000;6;38;11;0;1;5;5;commercial;1
как перевести инстаграмм в бизнес аккаунт;1000000;6;41;11;0;1;5;5;commercial;1
гениален сервис;2000000;2;15;32;0;1;5;5;commercial;1
цена товаров и услуг которая формируется на рынке;941000;8;49;31;0;1;5;5;commercial;1
сервис для создания мероприятий;1000000;4;31;33;0;1;5;5;commercial;1
что представляет собой бизнес модель;1000000;5;36;29;0;1;5;5;commercial;1
обучение по криптовалюте бесплатно;2000000;4;34;39;0;1;5;5;commercial;1
что создает стоимость товара;1000000;4;28;36;0;1;5;5;commercial;14
письмо оферта пример;500000;3;20;36;0;1;5;5;commercial;1
рассылка писем смс;345000;3;18;38;0;1;5;5;commercial;1
что такое поисковый сервис;745000;4;26;37;0;1;5;5;commercial;9
сервисы для майнд карт;2000000;4;22;37;0;1;5;5;commercial;1
сайт для публикации статей бесплатно;3000000;5;36;19;0;1;5;5;commercial;1
переводчик с английского на русский по фото с телефона через камеру бесплатно онлайн;3000000;13;84;15997;10140;1;6;6;commercial;2
переводчик с английского на русский по фото с телефона через камеру бесплатно;3000000;12;77;21089;4542;1;6;6;commercial;2
заказное письмо почта россии;2000000;4;28;77043;4705;1;6;6;commercial;1
продажа;11000000;1;7;10870717;3674;1;6;6;commercial;1
почта заказное;1000000;2;14;116104;4311;1;6;6;commercial;1
вконтакте моя страница вход на мою страницу без пароля и логина;2000000;11;63;10123;1981;1;6;6;commercial;1
найти шрифт по фото бесплатно;3000000;5;29;2378;2061;1;6;6;commercial;2
почта яндекс создать новый почтовый ящик регистрация;3000000;7;52;3850;1896;1;6;6;commercial;1
яндекс почта регистрация создать новый почтовый ящик;3000000;7;52;3850;1896;1;6;6;commercial;1
переводчик с английского на русский по фото с телефона через камеру бесплатно по фото;3000000;14;85;22978;1811;1;6;6;commercial;2
яндекс почта регистрация создать новый почтовый ящик бесплатно яндекс;3000000;9;69;1887;1435;1;6;6;commercial;1
заказное онлайн;1000000;2;15;11441;1476;1;6;6;commercial;4
переводчик онлайн с английского на русский по фото с телефона через камеру бесплатно онлайн;3000000;14;91;14655;1230;1;6;6;commercial;4
заказное электронное письмо почта россии;2000000;5;40;8626;1227;1;6;6;commercial;1
почта россии электронное заказное письмо;2000000;5;40;8384;1207;1;6;6;commercial;1
заказное почта россии;2000000;3;21;80839;1100;1;6;6;commercial;1
яндекс формы личный кабинет;1000000;4;27;8872;933;1;6;6;commercial;1
моя страница в контакте войти без пароля и логина;3000000;9;49;9137;962;1;6;6;commercial;1
почта россии отправка электронных заказных писем;2000000;6;48;1460;904;1;6;6;commercial;1
заказное письмо онлайн почта россии;3000000;5;35;4578;902;1;6;6;commercial;4
заказное онлайн почта россии письмо;3000000;5;35;4727;908;1;6;6;commercial;4
сервис деск;2000000;2;11;3050;879;1;6;6;commercial;1
инфографика онлайн бесплатно;2000000;3;28;2474;679;1;6;6;commercial;4
заказное онлайн почта россии;3000000;4;28;5465;618;1;6;6;commercial;4
почта россии отправить заказное письмо онлайн;3000000;6;45;1104;583;1;6;6;commercial;4
резюме шаблон бесплатно;2000000;3;23;11038;564;1;6;6;commercial;1
шаблон резюме бесплатно;2000000;3;23;11038;564;1;6;6;commercial;1
контакт моя страница вход на мою страницу без пароля и логина;2000000;11;61;11257;563;1;6;6;commercial;1
заказное письмо онлайн;2000000;3;22;7775;576;1;6;6;commercial;4
заказное письмо почта;862000;3;21;96350;545;1;6;6;commercial;1
яндекс форма войти;2000000;3;18;4027;537;1;6;6;commercial;1
как получить от государства деньги на бизнес;2000000;7;44;4409;510;1;6;6;commercial;1
как от государства получить деньги на бизнес;2000000;7;44;4409;510;1;6;6;commercial;1
в контакте моя страница вход на мою страницу без пароля и логина войти;3000000;13;70;6388;513;1;6;6;commercial;1
файловый менеджер 4pda;3000000;3;22;780;509;1;6;6;commercial;1
заказные письма онлайн;2000000;3;22;7775;468;1;6;6;commercial;10
почта outlook com войти в почту;3000000;6;31;1099;464;1;6;6;commercial;13
нейросеть для создания логотипа бесплатно;2000000;5;41;1649;439;1;6;6;commercial;1
фотосток бесплатно;2000000;2;18;5533;419;1;6;6;commercial;1
менеджер по рекламе;2000000;3;19;7389;400;1;6;6;commercial;1
создать вишлист онлайн бесплатно;2000000;4;32;568;388;1;6;6;commercial;4
создать почту на яндексе бесплатно новую электронную;3000000;7;52;1373;383;1;6;6;commercial;1
яндекс таблицы онлайн создать бесплатно;2000000;5;39;472;373;1;6;6;commercial;4
создать электронную почту яндекс зарегистрироваться бесплатно;3000000;6;61;927;373;1;6;6;commercial;1
создание интернет магазина;1000000;3;26;8725;375;1;6;6;commercial;1
почта онлайн заказное письмо;2000000;4;28;5279;347;1;6;6;commercial;4
яндекс почта создать новую электронную почту на яндексе бесплатно;3000000;9;65;1462;335;1;6;6;commercial;1
бесплатное приложение фотошоп;2000000;3;29;3422;341;1;6;6;commercial;1
аватарку сделать онлайн бесплатно;2000000;4;33;1123;341;1;6;6;commercial;4
в контакте моя страница вход на мою страницу без пароля прямо сейчас войти на страницу;4000000;15;86;653;332;1;6;6;commercial;1
создать яндекс почту регистрация бесплатно;3000000;5;42;5018;325;1;6;6;commercial;1
создать почту яндекс регистрация бесплатно;3000000;5;42;5018;325;1;6;6;commercial;1
себестоимость продукции это;2000000;3;27;2345;326;1;6;6;commercial;1
что такое розничный магазин;450000;4;27;486;318;1;6;6;commercial;9
вконтакте моя страница зайти сразу на страницу без пароля и логина;2000000;11;66;604;318;1;6;6;commercial;1
почтовый сервис;2000000;2;15;11901;312;1;6;6;commercial;1
crm маркетинг;233000;2;13;2055;309;1;6;6;commercial;1
завести почту на яндексе бесплатно;2000000;5;34;1520;312;1;6;6;commercial;1
почта россии отправка заказного письма;2000000;5;38;3695;305;1;6;6;commercial;10
гугл календарь войти в аккаунт;3000000;5;30;314;309;1;6;6;commercial;1
работа с возражениями в продажах;1000000;5;32;1360;295;1;6;6;commercial;1
почта заказное электронное письмо;1000000;4;33;9932;297;1;6;6;commercial;1
менеджер проекта;1000000;2;16;33435;290;1;6;6;commercial;1
онлайн переводчик с английского на русский по фото с телефона через камеру бесплатно перевести;3000000;14;94;293;284;1;6;6;commercial;2
переводчик с английского на русский онлайн бесплатно по камере;3000000;9;62;17856;284;1;6;6;commercial;4
crm маркетолог;865000;2;14;1249;277;1;6;6;commercial;1
войти в почту outlook;2000000;4;21;3035;276;1;6;6;commercial;1
почта электронное заказное письмо;931000;4;33;9278;273;1;6;6;commercial;1
outlook войти в почту;782000;4;21;3050;275;1;6;6;commercial;1
календарь гугл войти;3000000;3;20;703;273;1;6;6;commercial;1
гугл календарь войти;3000000;3;20;703;273;1;6;6;commercial;1
переводчик с английского на русский онлайн по камере с телефона через камеру бесплатно;3000000;13;86;16993;264;1;6;6;commercial;4
скачивание с ютуба бесплатно;2000000;4;28;4390;267;1;6;6;commercial;1
вконтакте моя страница вход на мою страницу без пароля и логина в контакте войти сразу;3000000;15;86;2661;249;1;6;6;commercial;1
создать почту в яндексе регистрация бесплатно;3000000;6;45;336;230;1;6;6;commercial;1
проектный менеджер это;2000000;3;22;549;228;1;6;6;commercial;1
создать видео бесплатно;3000000;3;23;40816;230;1;6;6;commercial;19
контакт моя страница вход без пароля и логина;2000000;8;45;13333;229;1;6;6;commercial;1
магазин вк;2000000;2;10;17476;223;1;6;6;commercial;1
нейросеть сделать логотип бесплатно;2000000;4;35;1143;223;1;6;6;commercial;11
создать онлайн опрос бесплатно;3000000;4;30;1341;219;1;6;6;commercial;4
зайти в вк на свою страницу по номеру телефона без пароля и логина прямо сейчас;4000000;15;79;238;219;1;6;6;commercial;1
опрос онлайн создать бесплатно;3000000;4;30;1341;219;1;6;6;commercial;4
онлайн опрос создать бесплатно;3000000;4;30;1341;219;1;6;6;commercial;4
яндекс карты регистрация организации;2000000;4;36;476;216;1;6;6;commercial;1
онлайн отправка заказных писем;2000000;4;30;799;215;1;6;6;commercial;4
переводчик с китайского на русский онлайн с камеры телефона бесплатно;3000000;10;69;2386;206;1;6;6;commercial;4
электронная почта моя показать на экране телефона по номеру телефона бесплатно без регистрации найти;3000000;14;100;209;206;1;6;6;commercial;1
смс рассылка по своей базе;1000000;5;26;792;203;1;6;6;commercial;1
заказные письма онлайн почта;2000000;4;28;5636;202;1;6;6;commercial;10
создание видео нейросетью онлайн бесплатно;3000000;5;42;834;203;1;6;6;commercial;4
почта рф заказное;1000000;3;17;832;203;1;6;6;commercial;1
заказное почта рф;1000000;3;17;824;198;1;6;6;commercial;1
рассылка sms;779000;2;12;1565;191;1;6;6;commercial;1
временная почта без регистрации бесплатно;2000000;5;41;264;191;1;6;6;commercial;1
почта заказные письма онлайн;2000000;4;28;5279;194;1;6;6;commercial;10
телеграм для бизнеса;8000;3;20;2820;185;1;6;6;commercial;1
движок интернет магазина;924000;3;24;1646;183;1;6;6;commercial;1
api key где взять;1000000;4;17;957;178;1;6;6;commercial;15
файловые менеджеры;168000;2;18;31625;175;1;6;6;commercial;1
яндекс создать почту новую бесплатно;3000000;5;36;7835;169;1;6;6;commercial;1
чат бот для бизнеса;1000000;4;19;1823;170;1;6;6;commercial;1
как создать бизнес план;2000000;4;23;884;171;1;6;6;commercial;1
электронная почта моя показать на экране телефона по номеру телефона бесплатно;3000000;11;78;485;171;1;6;6;commercial;1
нейросеть для улучшения качества видео бесплатно;3000000;6;48;364;169;1;6;6;commercial;1
создать сайт интернет магазина;3000000;4;30;1183;162;1;6;6;commercial;1
вконтакте моя страница войти на мою страницу без пароля и логина;3000000;11;64;6738;156;1;6;6;commercial;1
экосистема это в бизнесе;3000000;4;24;240;152;1;6;6;commercial;1
яндекс создать почтовый ящик бесплатно;2000000;5;38;3604;147;1;6;6;commercial;1
почта россии заказные;2000000;3;21;78724;144;1;6;6;commercial;1
промоакция это;2000000;2;14;302;144;1;6;6;commercial;18
телеграм бизнес;9000;2;15;7061;144;1;6;6;commercial;1
почта аутлук войти в свой ящик;2000000;6;30;147;141;1;6;6;commercial;1
заказные почта россии;2000000;3;21;82266;138;1;6;6;commercial;1
онлайн переводчик с английского на русский через камеру онлайн без скачивания по камере бесплатно;3000000;14;97;1400;138;1;6;6;commercial;4
алиэкспресс для бизнеса;1000000;3;23;236;137;1;6;6;commercial;1
удаленный доступ к компьютеру бесплатно;2000000;5;39;1811;128;1;6;6;commercial;1
контакт моя страница войти на свою страницу без пароля и логина;2000000;11;63;548;126;1;6;6;commercial;1
перевод с английского на русский онлайн по камере онлайн бесплатно;3000000;10;66;3422;120;1;6;6;commercial;4
программа для удаленного доступа к компьютеру через интернет бесплатно;3000000;9;70;316;118;1;6;6;commercial;1
вконтакте моя страница войти по номеру телефона без пароля;3000000;9;58;4415;117;1;6;6;commercial;1
нейросеть runway бесплатно;2000000;3;26;803;118;1;6;6;commercial;1
создать электронную почту на яндексе бесплатно регистрация;3000000;7;58;504;118;1;6;6;commercial;1
файл менеджер для андроид;536000;4;25;963;106;1;6;6;commercial;1
в контакте моя страница открыть мою страницу без логина и пароля войти вконтакте;2000000;13;80;108;107;1;6;6;commercial;1
регистрация яндекс карты;998000;3;24;6195;105;1;6;6;commercial;1
переводчик с турецкого на русский по фото с телефона через камеру бесплатно;3000000;12;75;277;105;1;6;6;commercial;2
сендсей рассылка писем;267000;3;22;108;104;1;6;6;commercial;1
создать гугл таблицу бесплатно;2000000;4;30;296;104;1;6;6;commercial;1
как купить криптовалюту в россии законно;2000000;6;40;212;102;1;6;6;commercial;1
как получить грант на бизнес от государства безвозмездно;2000000;8;56;491;103;1;6;6;commercial;1
ии для создания видео по тексту бесплатно;3000000;7;41;643;102;1;6;6;commercial;1
бизнес партнеры;1000000;2;15;27298;103;1;6;6;commercial;1
вконтакте моя страница вход без пароля войти;2000000;7;44;8326;102;1;6;6;commercial;1
онлайн опросник создать бесплатно;2000000;4;33;225;102;1;6;6;commercial;4
файловый менеджер на андроид;256000;4;28;2399;100;1;6;6;commercial;1
конференция бизнес;1000000;2;18;6412;99;1;6;6;commercial;1
войти в контакт на свою страницу без пароля;3000000;8;43;693;96;1;6;6;commercial;1
что такое оборот в бизнесе;936000;5;26;123;94;1;6;6;commercial;9
как работать с возражениями клиентов в продажах;1000000;7;47;158;93;1;6;6;commercial;1
вк моя страница войти без пароля;3000000;6;32;4750;93;1;6;6;commercial;1
контакт моя страница вход на мою страницу без пароля и логина войти в контакт;3000000;14;77;6579;92;1;6;6;commercial;1
деньги от государства на бизнес безвозмездно как получить;2000000;8;57;976;92;1;6;6;commercial;1
заказное письмо электронно почта россии;2000000;5;39;9327;92;1;6;6;commercial;1
бизнес доставка;1000000;2;15;16186;90;1;6;6;commercial;1
вконтакте моя страница войти на мою страницу без пароля;3000000;9;55;9291;88;1;6;6;commercial;1
программа по дизайну интерьера бесплатно;2000000;5;40;350;88;1;6;6;commercial;1
нейросеть для создания сайта бесплатно;3000000;5;38;628;86;1;6;6;commercial;1
камера переводчик с английского на русский онлайн бесплатно;3000000;8;59;16289;84;1;6;6;commercial;4
заказная почта онлайн;2000000;3;21;7031;82;1;6;6;commercial;4
заказные письма почта;907000;3;21;96352;81;1;6;6;commercial;10
цена по фото товара;1000000;4;19;570;80;1;6;6;commercial;2
деньги бизнес;988000;2;13;66118;81;1;6;6;commercial;1
сервис для рассылки писем на email;2000000;6;34;165;80;1;6;6;commercial;1
цена товара по фото;2000000;4;19;570;80;1;6;6;commercial;2
почта отправить заказное письмо;1000000;4;31;11631;80;1;6;6;commercial;1
если увеличивается предложение то равновесная цена;878000;6;50;166;80;1;6;6;commercial;1
скопировать с ютуба видео бесплатно;3000000;5;35;243;80;1;6;6;commercial;19
почта заказное письмо отправить;951000;4;31;11631;80;1;6;6;commercial;1
почта заказные письма;763000;3;21;93933;79;1;6;6;commercial;10
менеджер маркетплейс;830000;2;20;65134;79;1;6;6;commercial;1
перевести с английского на русский онлайн бесплатно по фото с телефона;3000000;11;70;754;78;1;6;6;commercial;2
дизайн по фото онлайн бесплатно;2000000;5;31;533;77;1;6;6;commercial;2
бесплатное приложение на айфон для редактирования фото;2000000;7;54;253;76;1;6;6;commercial;1
создание интернет магазинов;1000000;3;27;8725;76;1;6;6;commercial;1
канбан доска бесплатно;2000000;3;22;410;76;1;6;6;commercial;1
заказная почта россии;2000000;3;21;80839;75;1;6;6;commercial;1
раскрутка тг канала бесплатно;2000000;4;29;158;74;1;6;6;commercial;1
как сделать точку на яндекс картах для бизнеса;2000000;8;46;116;74;1;6;6;commercial;11
создать инфографика онлайн бесплатно;2000000;4;36;361;73;1;6;6;commercial;4
сервис для смс рассылки;1000000;4;23;207;72;1;6;6;commercial;1
сайты с заказами для фрилансеров;2000000;5;32;117;72;1;6;6;commercial;1
нейро бесплатно;2000000;2;15;8208;71;1;6;6;commercial;1
как работает яндекс реклама для бизнеса;2000000;6;39;77;69;1;6;6;commercial;1
яндекс бизнес организация;1000000;3;25;5311;68;1;6;6;commercial;1
стоковые фото без авторских прав бесплатно;3000000;6;42;165;68;1;6;6;commercial;1
бизнес конференции в москве;1000000;4;27;374;68;1;6;6;commercial;1
как сделать телеграмм для бизнеса;6000;5;33;225;68;1;6;6;commercial;11
оферта пример;456000;2;13;1540;67;1;6;6;commercial;1
оборот это в бизнесе;2000000;4;20;259;68;1;6;6;commercial;1
яндекс почта создать почтовый ящик бесплатно;3000000;6;44;2248;67;1;6;6;commercial;1
сайт интернет магазин;3000000;3;21;2707122;66;1;6;6;commercial;1
бизнес форумы в москве;1000000;4;22;686;66;1;6;6;commercial;1
вконтакте моя страница открыть без логина;2000000;6;41;852;65;1;6;6;commercial;1
переводчик с японского на русский через камеру онлайн бесплатно в хорошем качестве без регистрации;3000000;14;98;65;65;1;6;6;commercial;4
если увеличивается спрос то равновесная цена;625000;6;44;155;65;1;6;6;commercial;1
моя страница вконтакте войти без пароля и логина бесплатно;3000000;9;58;2913;64;1;6;6;commercial;1
создать электронную почту яндекс регистрация на русском языке бесплатно;3000000;9;71;97;62;1;6;6;commercial;1
сервисы почты;2000000;2;13;19073;62;1;6;6;commercial;1
ивент бизнес;1000000;2;12;444;61;1;6;6;commercial;1
как войти инкогнито в яндекс с компьютера;2000000;7;41;65;61;1;6;6;commercial;1
создать логотип нейросеть по тексту бесплатно;2000000;6;45;108;61;1;6;6;commercial;1
электронный заказные письма почта россии;2000000;5;40;8384;60;1;6;6;commercial;10
сервис для дизайна;1000000;3;18;9791;61;1;6;6;commercial;1
outlook com войти;2000000;3;17;1470;60;1;6;6;commercial;13
ai сервисы;1000000;2;10;3268;60;1;6;6;commercial;1
направить заказное письмо онлайн почта россии;3000000;6;45;62;60;1;6;6;commercial;4
создать эл почту в яндексе бесплатно;2000000;6;36;64;59;1;6;6;commercial;1
смз договор что это;470000;4;19;67;59;1;6;6;commercial;16
моя страница вконтакте вход прямо на страницу без пароля и логина восстановить мою страницу войти;3000000;15;97;61;58;1;6;6;commercial;1
платформа для интернет магазина;465000;4;31;633;58;1;6;6;commercial;1
яндекс почта регистрация создать новый электронный адрес;3000000;7;56;129;57;1;6;6;commercial;1
нейросеть для улучшения качества изображения бесплатно;2000000;6;54;149;56;1;6;6;commercial;1
как оплатить wps office из россии;2000000;6;33;89;56;1;6;6;commercial;1
смотреть истории инстаграм бесплатно анонимно;2000000;5;45;3652;56;1;6;6;commercial;1
переводчик с английского на русский через камеру онлайн бесплатно;3000000;9;65;15632;55;1;6;6;commercial;4
онлайн переводчик с английского на русский через камеру бесплатно;3000000;9;65;17387;55;1;6;6;commercial;4
контакт моя страница войти без пароля и логина по номеру телефона бесплатно без регистрации войти;3000000;15;97;139;55;1;6;6;commercial;1
переводчик с английского на русский через камеру бесплатно онлайн;3000000;9;65;17387;55;1;6;6;commercial;4
как переключить на бизнес аккаунт инстаграм;1000000;6;43;710;54;1;6;6;commercial;1
crm маркетинг что это;203000;4;21;78;53;1;6;6;commercial;16
создать корпоративную почту бесплатно;2000000;4;37;229;53;1;6;6;commercial;1
создать электронную почту e mail регистрация бесплатно;3000000;7;54;60;53;1;6;6;commercial;1
логотипы магазинов;534000;2;18;11608;53;1;6;6;commercial;1
почта заказные;600000;2;14;121654;52;1;6;6;commercial;1
whois сервис проверить домен;1000000;4;28;66;52;1;6;6;commercial;1
как купить юзернейм в телеграм;7000;5;30;82;52;1;6;6;commercial;1
сервисы для фриланса;842000;3;20;194;51;1;6;6;commercial;1
магазин ритейл;959000;2;14;2774;51;1;6;6;commercial;1
как узнать свой адрес электронной почты на телефоне андроид если забыл пароль и логин;2000000;14;85;54;51;1;6;6;commercial;1
вк моя страница открыть сразу без пароля и логина войти;3000000;10;55;293;51;1;6;6;commercial;1
нейросеть для видеомонтажа онлайн бесплатно;278000;5;43;52;50;1;6;6;commercial;4
приложение для дизайн проекта квартиры бесплатно;2000000;6;48;64;50;1;6;6;commercial;1
магазин вконтакте;1000000;2;17;4675;50;1;6;6;commercial;1
яндекс карта добавить организацию на карту бесплатно;3000000;7;52;1488;50;1;6;6;commercial;1
инкогнито режим войти;2000000;3;21;1997;49;1;6;6;commercial;1
создать бота в телеграм бесплатно;2000000;5;33;442;49;1;6;6;commercial;1
нейросеть для логотипа бесплатно;2000000;4;32;2889;49;1;6;6;commercial;1
программа для очистки и ускорения компьютера бесплатно;2000000;7;54;103;49;1;6;6;commercial;1
программа удаленного доступа к компьютеру бесплатно;2000000;6;51;1051;49;1;6;6;commercial;1
как создать бизнес аккаунт;677000;4;26;3097;48;1;6;6;commercial;1
гугл таблицы онлайн создать документ excel бесплатно;3000000;7;52;51;48;1;6;6;commercial;4
контакты моя страница вход на мою страницу без пароля и логина бесплатно;3000000;12;72;1606;48;1;6;6;commercial;1
дорисовать фото онлайн бесплатно;3000000;4;32;557;47;1;6;6;commercial;4
электронная заказная почта;766000;3;26;9538;47;1;6;6;commercial;1
переводчик с английского на русский по фото с телефона через камеру бесплатно онлайн с камеры;3000000;15;93;16496;47;1;6;6;commercial;2
камера переводчик с английского на русский онлайн бесплатно текстов по фото;3000000;11;75;50;47;1;6;6;commercial;2
как взять деньги у государства на открытие бизнеса;1000000;8;50;189;46;1;6;6;commercial;1
онлайн переводчик с английского на русский через камеру без скачивания бесплатно по камере телефона;2000;14;99;1266;46;1;6;6;commercial;4
ютуб видео бесплатно;3000000;3;20;72016;46;1;6;6;commercial;19
генерация логотипа нейросетью бесплатно;2000000;4;39;853;46;1;6;6;commercial;1
войти в вк на свою страницу по номеру телефона без логина и пароля;3000000;13;66;182;45;1;6;6;commercial;1
нейросети для текста бесплатно;2000000;4;30;42708;45;1;6;6;commercial;1
вход на мою страницу в вк без логина и пароля;2000000;10;45;2171;45;1;6;6;commercial;1
вк техподдержка восстановить страницу;2000000;4;37;54;45;1;6;6;commercial;1
как получить деньги на развитие малого бизнеса от государства;2000000;9;61;556;44;1;6;6;commercial;1
чем больше спрос тем больше цена;2000000;6;32;256;44;1;6;6;commercial;1
заказные почта;1000000;2;14;119176;44;1;6;6;commercial;1
онлайн переводчик с китайского на русский через камеру онлайн телефона бесплатно без регистрации;3000000;13;96;47;44;1;6;6;commercial;4
vk com моя страница войти без пароля по номеру телефона;3000000;10;55;825;44;1;6;6;commercial;1
как войти в режим инкогнито в яндекс браузере;2000000;8;45;129;43;1;6;6;commercial;1
открыть почтовый ящик на яндексе бесплатно;2000000;6;42;67;43;1;6;6;commercial;1
приложение для обработки фото бесплатно;3000000;5;39;1914;43;1;6;6;commercial;2
фотобанк бесплатно;2000000;2;18;1441;42;1;6;6;commercial;1
телеграмм купить рекламу;9000;3;24;2112;42;1;6;6;commercial;1
магазин vk;1000000;2;10;2091;41;1;6;6;commercial;1
почта россии отправка заказных писем через личный кабинет;2000000;8;57;48;41;1;6;6;commercial;1
как войти на свою страницу в контакте по номеру телефона;3000000;10;56;188;40;1;6;6;commercial;1
переводчик с английского на русский через камеру бесплатно;3000000;8;58;22257;40;1;6;6;commercial;1
бизнес учет;1000000;2;11;7832;40;1;6;6;commercial;1
нейросеть создающая видео бесплатно;3000000;4;35;13164;40;1;6;6;commercial;19
заказные письма почты россии;2000000;4;28;77044;40;1;6;6;commercial;10
почта россии электронные заказные письма отправить;2000000;6;50;1831;39;1;6;6;commercial;10
деньги на малый бизнес;2000000;4;22;2164;40;1;6;6;commercial;1
переводчик с китайского на русский по камере телефона онлайн бесплатно;3000000;10;70;1889;40;1;6;6;commercial;4
как получить господдержку для малого бизнеса;2000000;6;44;195;39;1;6;6;commercial;1
яндекс документы войти;2000000;3;22;251;39;1;6;6;commercial;1
отправить заказное онлайн;2000000;3;25;2176;39;1;6;6;commercial;4
если спрос увеличивается то равновесная цена;767000;6;44;100;39;1;6;6;commercial;1
сервис партнерских продаж;2000000;3;25;101;39;1;6;6;commercial;1
эзп почта россии личный кабинет;2000000;5;31;44;39;1;6;6;commercial;1
рассылка смс бесплатно;2000000;3;22;661;39;1;6;6;commercial;1
зарегистрироваться на яндекс почте бесплатно;2000000;5;44;397;39;1;6;6;commercial;1
купить рекламу телеграмм канала;8000;4;31;729;38;1;6;6;commercial;1
сервис электронного документооборота;1000000;3;36;782;38;1;6;6;commercial;1
нейронка для создания логотипа бесплатно;2000000;5;40;90;38;1;6;6;commercial;1
почта яндекс зарегистрироваться бесплатно создать электронную почту;3000000;7;67;1006;38;1;6;6;commercial;1
сервисы психологов онлайн;2000000;3;25;476;38;1;6;6;commercial;4
геткурс api;25000;2;11;76;38;1;6;6;commercial;1
почта россии оформить заказное письмо онлайн;3000000;6;44;48;37;1;6;6;commercial;4
возражения в продажах;419000;3;21;4367;37;1;6;6;commercial;1
перевести на русский по фото с телефона онлайн бесплатно;1000000;9;56;1133;37;1;6;6;commercial;2
сервис для записи клиентов онлайн бесплатно;2000000;6;43;99;37;1;6;6;commercial;4
какие возражения бывают в продажах;556000;5;34;93;37;1;6;6;commercial;1
стоковые картинки бесплатно без авторских прав;2000000;6;46;49;36;1;6;6;commercial;1
поиск заказов фриланс;1000000;3;21;134;36;1;6;6;commercial;1
регистрация почты яндекс бесплатно для нового пользователя;3000000;7;58;50;36;1;6;6;commercial;1
онлайн переводчик через камеру телефона с английского на русский онлайн бесплатно;3000000;11;81;17018;36;1;6;6;commercial;4
фриланс поиск заказов;2000000;3;21;134;36;1;6;6;commercial;1
как перевести в бизнес аккаунт в инстаграм;1000000;7;42;277;36;1;6;6;commercial;1
обязанности мерчендайзера в магазине;511000;4;36;151;36;1;6;6;commercial;1
господдержка для открытия бизнеса;1000000;4;33;249;36;1;6;6;commercial;1
найти по фото и купить;2000000;5;22;247;35;1;6;6;commercial;2
яндекс форма регистрация на мероприятие;2000000;5;39;678;35;1;6;6;commercial;1
почта рф отправить заказное письмо онлайн;3000000;6;41;35;35;1;6;6;commercial;4
программа искусственный интеллект на андроид на русском бесплатно;3000000;8;65;62;34;1;6;6;commercial;1
обработка возражений в продажах;741000;4;31;64;34;1;6;6;commercial;1
файловый менеджер что это;160000;4;25;144;34;1;6;6;commercial;16
розыгрыш в вк по репостам бесплатно;2000000;6;35;88;34;1;6;6;commercial;1
заказать смс рассылку;1000000;3;21;108;34;1;6;6;commercial;1
цена по фото товара онлайн бесплатно;3000000;6;36;46;34;1;6;6;commercial;2
финансовый учет для бизнеса;1000000;4;27;214;33;1;6;6;commercial;1
публичная оферта пример;308000;3;23;202;33;1;6;6;commercial;1
быстрая реакция в телеграмме;2000000;4;28;3658;33;1;6;6;commercial;1
если уменьшается спрос то равновесная цена;628000;6;42;114;33;1;6;6;commercial;1
интеллект карта онлайн создать бесплатно;3000000;5;40;137;32;1;6;6;commercial;4
как называется человек который расставляет товар в магазине;3000;8;59;49;32;1;6;6;commercial;8
перевод с английского на русский по фото с телефона через камеру бесплатно без скачивания андроид;3000000;15;97;49;32;1;6;6;commercial;2
гранты для бизнеса от государства;1000000;5;33;293;32;1;6;6;commercial;1
как работает реклама в яндекс бизнес;2000000;6;36;50;32;1;6;6;commercial;1
как отправить заказное письмо в суд;884000;6;35;219;32;1;6;6;commercial;1
основные разделы бизнес плана;2000000;4;29;488;32;1;6;6;commercial;1
телеграм для бизнеса возможности;11000;4;32;90;32;1;6;6;commercial;1
как сделать сайт для интернет магазина;2000000;6;38;49;31;1;6;6;commercial;11
3d дизайн интерьера бесплатно;3000000;4;29;2401;31;1;6;6;commercial;1
дизайн интерьера 3d бесплатно;3000000;4;29;2387;31;1;6;6;commercial;1
регистрация на яндекс картах организаций бесплатно;3000000;6;50;160;31;1;6;6;commercial;1
вход в вк моя страница без пароля и логина войти сразу;3000000;11;54;2366;31;1;6;6;commercial;1
слоган для магазина;488000;3;19;1099;31;1;6;6;commercial;1
обработка фото приложение бесплатно;2000000;4;35;2155;30;1;6;6;commercial;2
автоматическая рассылка писем;427000;3;29;241;30;1;6;6;commercial;1
leonardo ai бесплатно;656000;3;21;838;30;1;6;6;commercial;1
переводчик через камеру телефона онлайн бесплатно с английского;3000000;8;63;15328;30;1;6;6;commercial;4
возможности телеграмм для бизнеса;10000;4;33;49;30;1;6;6;commercial;1
создать онлайн анкету бесплатно;2000000;4;31;462;30;1;6;6;commercial;4
дорисовка изображения нейросетью онлайн бесплатно;2000000;5;49;53;29;1;6;6;commercial;4
переводчик с английского на русский по фото с телефона через камеру бесплатно без скачивания точный;3000000;15;99;32;29;1;6;6;commercial;2
инструменты для бизнеса;1000000;3;23;2816;29;1;6;6;commercial;1
смотреть сторис в инстаграм анонимно бесплатно без регистрации;3000000;8;62;3429;29;1;6;6;commercial;1
купить рекламу в телеграмм;9000;4;26;1443;29;1;6;6;commercial;1
нейросеть по созданию логотипов бесплатно;2000000;5;41;240;29;1;6;6;commercial;1
дизайн проект квартиры приложение бесплатно;3000000;5;43;104;28;1;6;6;commercial;1
приложения для дизайна интерьера бесплатно;2000000;5;42;1242;28;1;6;6;commercial;1
можно ли купить номер телефона онлайн;3000000;6;37;58;28;1;6;6;commercial;4
список почтовых сервисов;1000000;3;24;243;28;1;6;6;commercial;1
сделать логотип через нейросеть бесплатно;2000000;5;41;69;28;1;6;6;commercial;1
заказное письмо рф;634000;3;18;889;27;1;6;6;commercial;1
создать электронный ящик на яндексе бесплатно;220000;6;45;128;27;1;6;6;commercial;1
сервисдеск это;2000000;2;14;28;27;1;6;6;commercial;18
кп расшифровка в продажах;410000;4;25;95;27;1;6;6;commercial;1
сервис вишлистов;1000000;2;16;491;27;1;6;6;commercial;1
сделать онлайн опрос бесплатно;2000000;4;30;111;27;1;6;6;commercial;4
определить по фото вещь онлайн бесплатно;3000000;6;40;28;26;1;6;6;commercial;2
программы для создания анимации 2d бесплатно на русском;4000000;8;55;44;26;1;6;6;commercial;0
спрос и равновесная цена зависимость;804000;5;36;137;26;1;6;6;commercial;1
программа для моделирования интерьера квартиры бесплатно на русском;2000000;8;67;40;26;1;6;6;commercial;1
файл менеджер 4pda;3000000;3;18;49;26;1;6;6;commercial;1
создать бота бесплатно;2000000;3;22;8347;26;1;6;6;commercial;1
стоимость лида как посчитать;359000;4;28;67;26;1;6;6;commercial;1
как выглядит личный кабинет;754000;4;27;2277;26;1;6;6;commercial;1
переводчик камера онлайн с английского на русский онлайн бесплатно;3000000;9;66;16607;26;1;6;6;commercial;4
сделать одностраничный сайт бесплатно;3000000;4;37;158;26;1;6;6;commercial;11
бизнес модель компании;1000000;3;22;2217;26;1;6;6;commercial;1
vk com моя страница войти без пароля и логина по номеру;3000000;11;55;377;26;1;6;6;commercial;1
инкогнито как войти;1000000;3;19;2550;26;1;6;6;commercial;1
партнерские программы интернет магазинов;624000;4;40;125;26;1;6;6;commercial;0
скачать онлайн сервис;2000000;3;21;953;25;1;6;6;commercial;4
система управления продажами;1000000;3;28;1078;26;1;6;6;commercial;1
приложение для интерьера и дизайна комнаты бесплатно;2000000;7;52;87;25;1;6;6;commercial;1
договор оферты как пишется;419000;4;26;100;25;1;6;6;commercial;1
оборот это что в бизнесе;2000000;5;24;80;25;1;6;6;commercial;1
определить победителя в инстаграм по комментариям бесплатно;2000000;7;59;32;25;1;6;6;commercial;1
как создать магазин вконтакте;3000;4;29;80;25;1;6;6;commercial;1
как купить крипту в телеграмме;1000000;5;30;61;25;1;6;6;commercial;1
вход на мою страницу в контакте без пароля и логина;2000000;10;51;9603;25;1;6;6;commercial;1
реакция в телеграмме;10000;3;20;58405;25;1;6;6;commercial;1
как добавить бизнес на яндекс карты;1000000;6;35;133;25;1;6;6;commercial;1
как получить деньги для малого бизнеса;2000000;6;38;141;25;1;6;6;commercial;1
создать почту в яндексе регистрация;2000000;5;35;425;25;1;6;6;commercial;1
регистрация новой почты на яндексе;3000000;5;34;672;25;1;6;6;commercial;1
экосистема в бизнесе что это;1000000;5;28;46;25;1;6;6;commercial;16
дает ли государство деньги на открытие бизнеса;2000000;7;46;122;25;1;6;6;commercial;1
telegram для бизнеса;9000;3;20;464;25;1;6;6;commercial;1
виды возражений в продажах;786000;4;26;41;24;1;6;6;commercial;17
бесплатная рассылка писем по электронной почте;2000000;6;46;28;24;1;6;6;commercial;1
чат джпт 4 бесплатно;3000000;4;20;27;24;1;6;6;commercial;1
купить по фотографии;1000000;3;20;1304;24;1;6;6;commercial;1
опросник создать бесплатно;1000000;3;26;925;24;1;6;6;commercial;1
создать опросник бесплатно;2000000;3;26;925;24;1;6;6;commercial;1
сервис емейл рассылок;1000000;3;21;446;24;1;6;6;commercial;1
как войти по куар коду;2000000;5;22;2202;24;1;6;6;commercial;1
визитка магазина;1000000;2;16;1938;24;1;6;6;commercial;1
переводчик на русский по фото с телефона через камеру бесплатно;3000000;10;63;26964;24;1;6;6;commercial;2
распознать фото онлайн бесплатно;2000000;4;32;5634;24;1;6;6;commercial;4
создать опрос онлайн с результатами бесплатно;2000000;6;45;56;24;1;6;6;commercial;4
нейросеть для создания логотипов бесплатно онлайн на русском;3000000;8;60;136;24;1;6;6;commercial;4
нейросеть телеграмм бесплатно;2000000;3;29;2810;24;1;6;6;commercial;1
пвз вайлдберриз тарифы;990000;3;22;245;24;1;6;6;commercial;1
вк ру социальная сеть моя страница вход на мою страницу без пароля и логина войти;3000000;15;81;23;23;1;6;6;commercial;1
как войти в почту outlook com;2000000;6;29;26;23;1;6;6;commercial;13
открыть ип и получить финансовую помощь от государства для бизнеса;2000000;10;66;24;23;1;6;6;commercial;1
улучшение качества фото нейросетью бесплатно;2000000;5;44;1728;23;1;6;6;commercial;2
продвижение канала ютуб бесплатно;244000;4;33;41;23;1;6;6;commercial;1
pr менеджер кто;1000000;3;15;507;23;1;6;6;commercial;12
дизайн квартиры программа бесплатно на русском языке;2000000;7;52;204;23;1;6;6;commercial;1
данные самозанятого для договора;2000000;4;32;373;23;1;6;6;commercial;1
улучшение изображения нейросеть бесплатно;2000000;4;41;431;23;1;6;6;commercial;1
регистрация в рутубе;1000000;3;20;36058;23;1;6;6;commercial;1
что означает договор оферты;448000;4;27;138;23;1;6;6;commercial;1
телеграм каналы бизнес;11000;3;22;1563;23;1;6;6;commercial;1
завести почту на яндексе новую почту бесплатно на телефоне;3000000;9;58;98;23;1;6;6;commercial;1
mindmap бесплатно;1000000;2;17;117;23;1;6;6;commercial;1
бот рассылка;253000;2;12;7114;22;1;6;6;commercial;1
создать электронную почту mail ru зарегистрироваться бесплатно яндекс;3000000;8;69;22;22;1;6;6;commercial;1
юнишоп интернет магазин;2000000;3;23;22;22;1;6;6;commercial;1
онлайн переводчик с английского на русский через камеру без скачивания онлайн бесплатно;3000000;12;87;1416;22;1;6;6;commercial;4
регистрация на мероприятие через яндекс форму;2000000;6;45;29;22;1;6;6;commercial;1
дисконтный магазин это;2000000;3;22;873;22;1;6;6;commercial;1
бесплатное приложение для дизайна;2000000;4;33;3458;22;1;6;6;commercial;1
заказы и закупки;7000;3;16;1222;22;1;6;6;commercial;1
войти по кюар коду;2000000;4;18;956;22;1;6;6;commercial;1
подать рекламу в интернете бесплатно;3000000;5;36;24;21;1;6;6;commercial;1
алгоритм работы с возражениями в продажах 5 шагов;3000000;8;49;23;21;1;6;6;commercial;1
куда можно отправить статью для публикации бесплатно;3000000;7;52;43;21;1;6;6;commercial;1
отправить заказное письмо онлайн через почту россии;2000000;7;51;35;21;1;6;6;commercial;4
фотошоп на телефон бесплатно;2000000;4;28;2444;21;1;6;6;commercial;1
что такое онлайн магазин;2000000;4;24;155;21;1;6;6;commercial;9
создать магазин в вк пошаговая инструкция;2000000;6;41;21;21;1;6;6;commercial;1
сервисы почт;1000000;2;12;19073;21;1;6;6;commercial;1
как переключиться на бизнес аккаунт;1000000;5;35;772;21;1;6;6;commercial;1
chatgpt4 бесплатно;3000000;2;18;141;21;1;6;6;commercial;1
бесплатное приложение для фотошопа на айфон;2000000;6;43;138;21;1;6;6;commercial;1
заказать рекламу телеграмм канала;4000;4;33;78;21;1;6;6;commercial;1
обучение маркетингу бесплатно с нуля;2000000;5;36;142;21;1;6;6;commercial;1
эл заказное письмо;1000000;3;18;135;21;1;6;6;commercial;1
масс маркет магазины;774000;3;20;305;21;1;6;6;commercial;1
открыть электронную почту на яндексе бесплатно;2000000;6;46;191;21;1;6;6;commercial;1
где лучше купить криптовалюту;2000000;4;29;42;20;1;6;6;commercial;15
менеджер по работе с маркетплейсами обязанности;1000000;6;47;47;20;1;6;6;commercial;1
гугл таблицы бесплатно создавать и редактировать;2000000;6;48;22;20;1;6;6;commercial;1
албато интеграция;40000;2;17;33;20;1;6;6;commercial;1
для скачивания с ютуба бесплатно;532000;5;32;3743;20;1;6;6;commercial;1
копировать бесплатно с ютуба;2000000;4;28;21;20;1;6;6;commercial;1
инкогнито войти в яндекс;2000000;4;24;1264;20;1;6;6;commercial;1
сервис по подбору психологов;1000000;4;28;324;20;1;6;6;commercial;1
программа для создания карточек товара бесплатно;1000000;6;48;56;19;1;6;6;commercial;14
приложение для инфографики для маркетплейсов бесплатно на русском;2000000;8;65;50;19;1;6;6;commercial;1
как подать заявку на грант для малого бизнеса;2000000;8;45;35;19;1;6;6;commercial;1
добавить магазин на яндекс карты;2000000;5;32;316;19;1;6;6;commercial;1
маркетинг обучение бесплатно;2000000;3;28;426;19;1;6;6;commercial;1
шаблон бизнес модели;994000;3;20;618;19;1;6;6;commercial;1
на что государство дает деньги малому бизнесу;414000;7;45;26;19;1;6;6;commercial;1
дизайн интерьера 3д бесплатно;4000000;4;29;788;19;1;6;6;commercial;1
в контакте моя страница вход на мою страницу одноклассники сайт войти без пароля и логина;3000000;15;89;19;19;1;6;6;commercial;1
электронные почтовые сервисы;1000000;3;28;1254;19;1;6;6;commercial;1
создать карту онлайн бесплатно;2000000;4;30;1895;19;1;6;6;commercial;4
бизнес в телеграмме;9000;3;19;3647;19;1;6;6;commercial;1
в контакте моя страница вход на страницу без пароля и логина войти сразу;3000000;13;72;4198;19;1;6;6;commercial;1
смотреть сторис в инстаграм анонимно бесплатно;2000000;6;46;5738;19;1;6;6;commercial;1
переводчик онлайн по фото с английского на русский онлайн бесплатно яндекс телефона через камеру;228000;14;96;41;19;1;6;6;commercial;4
как отправить заказное письмо онлайн;2000000;5;36;133;19;1;6;6;commercial;4
загрузить видео из ютуба бесплатно;3000000;5;34;100;19;1;6;6;commercial;19
как получить деньги на открытие малого бизнеса от государства;2000000;9;61;54;19;1;6;6;commercial;1
дистрибуция бизнес;1000000;2;18;115;19;1;6;6;commercial;1
разработать бизнес план;1000000;3;23;799;19;1;6;6;commercial;1
менеджер маркетплейсов обязанности и чем занимается;457000;6;51;29;18;1;6;6;commercial;1
промоакция это что;175000;3;18;82;18;1;6;6;commercial;16
чем больше спрос тем выше цена;2000000;6;30;94;18;1;6;6;commercial;1
добавить инфографику на фото онлайн бесплатно;2000000;6;45;20;18;1;6;6;commercial;4
создать онлайн магазин бесплатно для продажи товаров;3000000;7;52;20;18;1;6;6;commercial;4
ху из сервис проверка доменов;1000000;5;29;18;18;1;6;6;commercial;1
промоакция что это;2000000;3;18;82;18;1;6;6;commercial;16
почта сервисы;2000000;2;13;19073;18;1;6;6;commercial;1
бесплатное приложение для дизайна квартиры;2000000;5;42;838;18;1;6;6;commercial;1
перевод текста с английского на русский по фото с телефона через камеру бесплатно;3000000;13;81;49;18;1;6;6;commercial;2
https m vk com feed вконтакте моя страница войти без логина и пароля;3000000;13;68;203;18;1;6;6;commercial;1
как сделать сайт интернет магазина;3000000;5;34;169;18;1;6;6;commercial;11
вк интернет магазин;2000000;3;19;790;18;1;6;6;commercial;1
нейросеть улучшающая качество видео бесплатно;3000000;5;45;1095;18;1;6;6;commercial;19
как войти в режим инкогнито на компьютере;2000000;7;41;91;18;1;6;6;commercial;1
скиллбокс тест на профориентацию бесплатно;2000000;5;42;33;18;1;6;6;commercial;1
как купить рекламу в инстаграм;1000000;5;30;53;18;1;6;6;commercial;1
как придумать название для бизнеса;1000000;5;34;49;18;1;6;6;commercial;1
программы для дизайна интерьера в 3д бесплатно;3000000;7;46;81;18;1;6;6;commercial;0
продажа никнеймов телеграм;14000;3;26;123;18;1;6;6;commercial;1
сервисы для создания инфографики;1000000;4;32;155;18;1;6;6;commercial;1
как купить рекламу в телеграм;8000;5;29;107;18;1;6;6;commercial;1
инкогнито режим как войти;2000000;4;25;1658;17;1;6;6;commercial;1
проверить позиции сайта по запросам бесплатно;3000000;6;45;21;17;1;6;6;commercial;1
леонардо аи нейросеть войти;2000000;4;27;18;17;1;6;6;commercial;1
создание анкеты для опроса онлайн бесплатно;955000;6;43;17;17;1;6;6;commercial;4
доставка заказов для интернет магазинов;346000;5;39;314;17;1;6;6;commercial;1
оплата после получения;1000000;3;22;18492;17;1;6;6;commercial;1
программа для удаленного доступа бесплатно;2000000;5;42;2011;17;1;6;6;commercial;1
менеджер для андроид;321000;3;20;6993;16;1;6;6;commercial;1
supa бесплатно;1000000;2;14;3895;16;1;6;6;commercial;1
переводчик с английского на русский по фото с телефона через камеру бесплатно точный перевод текста;3000000;15;99;17;16;1;6;6;commercial;2
сервис по рассылке смс;1000000;4;22;182;16;1;6;6;commercial;1
мультиссылка бесплатно;2000000;2;22;117;16;1;6;6;commercial;1
промо акция что это такое;910000;5;25;36;16;1;6;6;commercial;16
freepik com бесплатно;2000000;3;21;193;16;1;6;6;commercial;13
обучение инфографике бесплатно;2000000;3;30;1745;16;1;6;6;commercial;1
создание электронной почты на яндексе регистрация бесплатно;2000000;7;59;17;16;1;6;6;commercial;1
войти инкогнито в яндексе с телефона;2000000;6;36;30;16;1;6;6;commercial;1
лестница ханта в продажах;67000;4;25;31;16;1;6;6;commercial;1
гугл календарь онлайн бесплатно;2000000;4;31;22;16;1;6;6;commercial;4
как в яндексе войти в режим инкогнито;2000000;7;37;641;16;1;6;6;commercial;1
ретушь фото онлайн автоматически бесплатно профессионально;3000000;6;58;27;16;1;6;6;commercial;4
войти в вк по номеру телефона без пароля;3000000;8;40;426;16;1;6;6;commercial;1
отправление электронных заказных писем;564000;4;38;93;16;1;6;6;commercial;1
как купить рекламу в инстаграме;1000000;5;31;53;16;1;6;6;commercial;1
телеграмм канал для бизнеса;11000;4;27;893;16;1;6;6;commercial;1
магазин ве;934000;2;10;654;16;1;6;6;commercial;1
как правильно составить бизнес план для малого бизнеса пошагово с нуля;2000000;11;70;43;16;1;6;6;commercial;7
сервис емейл рассылки;1000000;3;21;446;16;1;6;6;commercial;1
массовая рассылка смс сообщений;1000000;4;31;58;16;1;6;6;commercial;1
как равновесная цена зависит от спроса и предложения;985000;8;52;18;15;1;6;6;commercial;1
регистрация в емайл почте бесплатно;2000000;5;35;15;15;1;6;6;commercial;1
текстовые нейросети бесплатно;2000000;3;29;854;15;1;6;6;commercial;1
кто такой менеджер по рекламе;994000;5;29;28;15;1;6;6;commercial;12
яндекс карта регистрация;3000000;3;24;6195;15;1;6;6;commercial;1
переводчик с английского на русский по фото телефона через камеру бесплатно;3000000;11;75;23035;15;1;6;6;commercial;2
приложения для создания сторис бесплатно;2000000;5;40;59;15;1;6;6;commercial;1
эл почта яндекс регистрация;2000000;4;27;119;15;1;6;6;commercial;1
что такое допродажа;4000;3;19;28;15;1;6;6;commercial;9
найти вещи по фото в интернет магазинах;2000000;7;39;26;15;1;6;6;commercial;2
гугл таблица создать онлайн бесплатно;3000000;5;37;166;14;1;6;6;commercial;4
найти стоимость по фото;2000000;4;23;132;14;1;6;6;commercial;2
перевести с английского на русский онлайн по фото телефона бесплатно через камеру;3000000;12;81;387;14;1;6;6;commercial;2
сервис для приема онлайн платежей;2000000;5;33;113;14;1;6;6;commercial;4
сайт для инфографики бесплатно;3000000;4;30;221;14;1;6;6;commercial;1
программа для ведения бухгалтерского учета для ип на усн бесплатно;2000000;10;66;59;14;1;6;6;commercial;1
приложения для дизайна интерьера квартиры бесплатно;2000000;6;51;308;14;1;6;6;commercial;1
ассортимент в магазине;1000000;3;22;18714;14;1;6;6;commercial;1
продажа рекламы в тг;2000000;4;20;244;14;1;6;6;commercial;1
гугл форма бесплатно;2000000;3;20;794;14;1;6;6;commercial;1
платформы для интернет магазина;882000;4;31;633;14;1;6;6;commercial;1
как посмотреть свою электронную почту на телефоне андроид если забыл пароль и логин;2000000;13;83;16;14;1;6;6;commercial;1
провести опрос онлайн бесплатно;2000000;4;31;17;14;1;6;6;commercial;4
создать сайт онлайн бесплатно самому тильда;3000000;6;43;20;14;1;6;6;commercial;4
питч это в бизнесе;449000;4;18;16;14;1;6;6;commercial;1
приложения для дизайна бесплатно;2000000;4;32;3465;14;1;6;6;commercial;1
электронное заказное письмо почта россии имеет юридическую силу;2000000;8;63;18;14;1;6;6;commercial;1
как бороться с возражениями в продажах;501000;6;38;18;14;1;6;6;commercial;1
dasha mail рассылка;101000;3;19;18;14;1;6;6;commercial;1
оформление бизнес плана образец;1000000;4;31;55;14;1;6;6;commercial;1
как получить государственную поддержку для бизнеса;2000000;6;50;27;14;1;6;6;commercial;1
сайт для 3д моделирования онлайн бесплатно;3000000;6;42;17;14;1;6;6;commercial;4
сделать сайт тильда самостоятельно бесплатно;3000000;5;44;57;14;1;6;6;commercial;1
зайти в вк на свою страницу по номеру телефона без пароля и логина;2000000;13;66;252;13;1;6;6;commercial;1
менеджер файлов андроид;680000;3;23;1425;14;1;6;6;commercial;1
смс рассылка бесплатно через интернет;2000000;5;37;34;13;1;6;6;commercial;1
яндекс почта регистрация нового ящика;2000000;5;37;4347;13;1;6;6;commercial;1
устный договор оферты;442000;3;21;95;13;1;6;6;commercial;1
вконтакте вход на страницу без пароля войти;3000000;7;43;7782;13;1;6;6;commercial;1
gpt 4 онлайн бесплатно;3000000;4;22;128;13;1;6;6;commercial;4
субсидия от государства на развитие бизнеса;734000;6;43;497;13;1;6;6;commercial;1
переводчик с наведением на текст камеры онлайн бесплатно;2000000;8;56;14;13;1;6;6;commercial;4
письмо оферта;383000;2;13;507;13;1;6;6;commercial;1
база фото без авторских прав бесплатно;3000000;6;38;13;13;1;6;6;commercial;1
создание инфографики бесплатно;2000000;3;30;970;13;1;6;6;commercial;1
нейросеть улучшает качество видео бесплатно;3000000;5;43;1095;13;1;6;6;commercial;1
переводчик с итальянского на русский по фото с телефона через камеру бесплатно;3000000;12;78;24;13;1;6;6;commercial;2
создать почтовый ящик на yandex ru бесплатно регистрация;3000000;8;56;40;13;1;6;6;commercial;1
лучший движок для интернет магазина;2000000;5;35;36;13;1;6;6;commercial;1
оптимизировать компьютер бесплатно онлайн;2000000;4;41;13;13;1;6;6;commercial;4
войти вконтакте на свою страницу без пароля и логина по номеру телефона бесплатно без регистрации;3000000;15;97;13;13;1;6;6;commercial;1
заказ подтверждаю;613000;2;17;11905;13;1;6;6;commercial;1
электронная почта создать бесплатно регистрация с телефона;3000000;7;58;171;13;1;6;6;commercial;1
заказное письмо в форме электронного документа что это;1000000;8;54;15;13;1;6;6;commercial;1
программа для дизайна квартиры для новичков на русском бесплатно;3000000;9;64;20;13;1;6;6;commercial;1
определить цену по фото онлайн бесплатно;3000000;6;40;19;13;1;6;6;commercial;2
сервис для онлайн записи;3000000;4;24;529;13;1;6;6;commercial;4
провести розыгрыш в вк бесплатно;2000000;5;32;69;13;1;6;6;commercial;1
нейросети для дизайнеров интерьера бесплатно;2000000;5;44;61;13;1;6;6;commercial;1
создание лого нейросеть бесплатно;2000000;4;33;49;13;1;6;6;commercial;1
поиск по фото в магазинах;1000000;5;25;55;13;1;6;6;commercial;2
что такое sku в продажах;577000;5;24;18;12;1;6;6;commercial;9
сервисы автопостинга для социальных сетей;2000000;5;41;18;12;1;6;6;commercial;1
социальный сетевой сервис это;1000000;4;29;26;12;1;6;6;commercial;1
программа для скачивания видео онлайн бесплатно;3000000;6;47;608;12;1;6;6;commercial;4
определить шрифт по фото онлайн бесплатно русский;3000000;7;49;15;12;1;6;6;commercial;2
автоматическая рассылка;260000;2;23;2348;12;1;6;6;commercial;1
борьба с возражениями торгового представителя в продажах;805000;7;56;12;12;1;6;6;commercial;1
хост бесплатно;2000000;2;14;5388;12;1;6;6;commercial;1
финансовая помощь от государства на открытие малого бизнеса с нуля;2000000;10;66;12;12;1;6;6;commercial;1
кто такой лпр в продажах;429000;5;24;14;12;1;6;6;commercial;12
выгодно ли открыть озон;1000000;4;23;1284;12;1;6;6;commercial;1
борьба с возражениями в продажах торгового представителя;787000;7;56;12;12;1;6;6;commercial;1
сделать презентацию powerpoint бесплатно;2000000;4;40;166;12;1;6;6;commercial;1
создание инфографика онлайн бесплатно;2000000;4;37;200;12;1;6;6;commercial;4
сделать квиз бесплатно;2000000;3;22;176;12;1;6;6;commercial;11
бесплатная рассылка в телеграм;9000;4;30;176;12;1;6;6;commercial;1
рекламный кабинет инстаграм;268000;3;27;47;12;1;6;6;commercial;1
программа для инфографики бесплатно;2000000;4;35;536;12;1;6;6;commercial;1
что значит онлайн магазин;2000000;4;25;109;12;1;6;6;commercial;4
электронное заказное письмо в суд;639000;5;33;239;12;1;6;6;commercial;1
почтовый клиент бесплатно;1000000;3;25;743;12;1;6;6;commercial;1
вордстат яндекс ру войти;3000000;4;24;253;12;1;6;6;commercial;1
сервисы для инфографики;864000;3;23;330;12;1;6;6;commercial;1
записать голос по тексту онлайн бесплатно;2000000;6;41;18;12;1;6;6;commercial;4
составление бизнес плана самостоятельно;1000000;4;39;40;12;1;6;6;commercial;1
сервисы рассылки смс;964000;3;20;839;12;1;6;6;commercial;1
открытая оферта;957000;2;15;313;12;1;6;6;commercial;1
сервисы аналитики соцсетей;1000000;3;26;51;12;1;6;6;commercial;1
электронная заказная почта россии;231000;4;33;9126;12;1;6;6;commercial;1
виды потребностей клиента в продажах;916000;5;36;31;12;1;6;6;commercial;17
ссылка для скачивания видео с ютуба бесплатно;4000000;7;45;85;12;1;6;6;commercial;19
chat gpt 4 онлайн бесплатно;3000000;5;27;40;11;1;6;6;commercial;4
переводчик онлайн через камеру телефона онлайн бесплатно;3000000;7;56;17651;11;1;6;6;commercial;4
опрос онлайн создать бесплатно без регистрации;2000000;6;46;107;11;1;6;6;commercial;4
дорисовка фото нейросеть онлайн бесплатно;2000000;5;41;28;11;1;6;6;commercial;4
создать онлайн опрос бесплатно без регистрации;3000000;6;46;107;11;1;6;6;commercial;4
анализ сайта конкурента онлайн бесплатно;3000000;5;40;26;11;1;6;6;commercial;4
поиск по фото купить товар в интернете;2000000;7;38;12;11;1;6;6;commercial;2
как работает интернет магазин;2000000;4;29;752;11;1;6;6;commercial;1
из чего состоит себестоимость продукции;244000;5;39;45;11;1;6;6;commercial;1
спрос уменьшается а равновесная цена;675000;5;36;49;11;1;6;6;commercial;1
составить договор оферты;694000;3;24;267;11;1;6;6;commercial;7
флаер акция;795000;2;11;335;11;1;6;6;commercial;1
нейросеть которая продолжает фото бесплатно;2000000;5;43;14;11;1;6;6;commercial;2
бизнес модели это;2000000;3;17;3506;11;1;6;6;commercial;1
цена товара возрастет если спрос;959000;5;32;237;11;1;6;6;commercial;14
нейросеть создание сайта бесплатно;2000000;4;34;800;11;1;6;6;commercial;1
сервисы для отправки смс;940000;4;24;349;11;1;6;6;commercial;1
сделать сайт для интернет магазина;2000000;5;34;349;11;1;6;6;commercial;1
курсы маркетолога бесплатно;2000000;3;27;434;11;1;6;6;commercial;1
войти в контакт на свою страницу по номеру телефона без пароля;3000000;11;62;368;11;1;6;6;commercial;1
как вести инстаграм для бизнеса;1000000;5;31;79;11;1;6;6;commercial;1
как зарегистрироваться на почте россии для получения заказных писем;2000000;9;67;19;10;1;6;6;commercial;1
как создать свой бизнес план;1000000;5;28;81;10;1;6;6;commercial;1
словарь менеджера по продажам;497000;4;29;19;10;1;6;6;commercial;1
гугл таг менеджер вход;2000000;4;22;18;10;1;6;6;commercial;1
сервис дэск;2000000;2;11;25;10;1;6;6;commercial;1
wk в контакте моя страница войти без пароля;3000000;8;43;83;10;1;6;6;commercial;1
если спрос увеличивается то цена;607000;5;32;307;10;1;6;6;commercial;1
как вести бизнес в телеграмме;5000;5;29;42;10;1;6;6;commercial;1
зарегистрироваться на яндекс картах бесплатно;2000000;5;45;69;10;1;6;6;commercial;1
как рассчитать стоимость лида;311000;4;29;34;10;1;6;6;commercial;1
кто расставляет товар в магазине;653000;5;32;64;10;1;6;6;commercial;12
люди которые вкладывают деньги в чужой бизнес;1000000;7;45;60;10;1;6;6;commercial;1
бизнес в телеграмм;8000;3;18;3647;10;1;6;6;commercial;1
разница между ценой и себестоимостью;924000;5;36;186;10;1;6;6;commercial;1
сервис онлайн документы;2000000;3;23;1937;10;1;6;6;commercial;4
что такое дистрибуция в продажах;362000;5;32;18;10;1;6;6;commercial;9
опознать предмет по фото онлайн бесплатно;2000000;6;41;12;10;1;6;6;commercial;2
как купить криптовалюту через телеграмм;1000000;5;39;18;10;1;6;6;commercial;1
семантическое ядро онлайн сервис бесплатно;3000000;5;42;10;10;1;6;6;commercial;4
майнд мэп онлайн бесплатно на русском;2000000;6;37;10;10;1;6;6;commercial;4
бесплатное резюме шаблон;2000000;3;24;11633;10;1;6;6;commercial;1
стоки фотографий бесплатно без авторства;2000000;5;40;10;10;1;6;6;commercial;1
распознать текст с картинки яндекс онлайн бесплатно;2000000;7;51;10;10;1;6;6;commercial;4
слоганы для магазина;529000;3;20;1099;10;1;6;6;commercial;1
форум для бизнеса;904000;3;17;1291;10;1;6;6;commercial;1
описать бизнес процесс;991000;3;22;1362;10;1;6;6;commercial;1
программы планировки квартир бесплатно;2000000;4;38;1148;10;1;6;6;commercial;0
биржа заказчиков;76000;2;16;271;10;1;6;6;commercial;1
сервис обмена файлами;1000000;3;21;283;10;1;6;6;commercial;1
аутсорсинг для бизнеса;1000000;3;22;439;10;1;6;6;commercial;1
сервисы облачных технологий;2000000;3;27;561;10;1;6;6;commercial;1
заказное почта рф онлайн;2000000;4;24;56;10;1;6;6;commercial;4
сток фото без авторских прав бесплатно;2000000;6;38;57;10;1;6;6;commercial;1
как найти заказ;2000000;3;15;9613;10;1;6;6;commercial;1
инфографика сделать бесплатно;2000000;3;29;594;10;1;6;6;commercial;11
портрет заказчика;99000;2;17;173;10;1;6;6;commercial;1
бухучет онлайн бесплатно;2000000;3;24;120;10;1;6;6;commercial;4
красивые стикеры для друзей бесплатно;2000000;5;37;144;10;1;6;6;commercial;1
индивидуальная оферта;378000;2;21;265;10;1;6;6;commercial;1
бесплатное продвижение телеграмм канала;8000;4;39;150;9;1;6;6;commercial;1
создать одностраничник бесплатно;2000000;3;32;127;9;1;6;6;commercial;1
выставки для бизнеса;1000000;3;20;375;9;1;6;6;commercial;1
купить криптовалюту телеграмм;1000000;3;29;212;9;1;6;6;commercial;1
как взять деньги на открытие бизнеса;1000000;6;36;218;9;1;6;6;commercial;1
бесплатный сервис для розыгрыша в инстаграм;2000000;6;43;16;9;1;6;6;commercial;1
завести почту яндекс бесплатно;2000000;4;30;1680;9;1;6;6;commercial;1
сколько стоит отправить заказное письмо в суд;215000;7;45;16;9;1;6;6;commercial;1
маркетинг с нуля бесплатно;2000000;4;26;223;9;1;6;6;commercial;1
интеграция в коллектив;247000;3;22;253;9;1;6;6;commercial;1
как получить средства от государства на открытие бизнеса;2000000;8;56;15;9;1;6;6;commercial;1
анонс вебинара;157000;2;14;168;9;1;6;6;commercial;1
сервис для создания инфографики;1000000;4;31;155;9;1;6;6;commercial;1
aliexpress для бизнеса;1000000;3;22;16;9;1;6;6;commercial;1
программы для рисования анимации на пк бесплатно;2000000;7;48;41;9;1;6;6;commercial;0
почта рф заказные письма онлайн;2000000;5;31;52;9;1;6;6;commercial;10
улучшение видео с помощью нейросетей бесплатно;3000000;6;46;32;9;1;6;6;commercial;1
очистить компьютер от мусора бесплатно автоматически онлайн;2000000;7;59;30;9;1;6;6;commercial;4
как получить помощь для малого бизнеса;2000000;6;38;30;9;1;6;6;commercial;1
яндекс почта создать почтовый ящик бесплатно россия;2000000;7;51;39;9;1;6;6;commercial;1
специалист по продажам на маркетплейсах;1000000;5;39;35;9;1;6;6;commercial;1
как сделать интернет магазин в вк;426000;6;33;19;9;1;6;6;commercial;11
онлайн сервисы для создания инфографики;2000000;5;39;34;9;1;6;6;commercial;4
создание инфографики для маркетплейсов онлайн бесплатно;2000000;6;55;35;9;1;6;6;commercial;4
массовая рассылка на почту;914000;4;26;92;9;1;6;6;commercial;1
дифференцированная скидка;922000;2;25;59;9;1;6;6;commercial;1
бирюзовый бизнес;737000;2;16;72;9;1;6;6;commercial;1
онлайн переводчик с английского с камеры телефона бесплатно;3000000;8;59;17105;9;1;6;6;commercial;4
войти в гугл календарь;3000000;4;22;409;9;1;6;6;commercial;1
почта отправка заказных писем;689000;4;29;4309;9;1;6;6;commercial;1
консалтинговая услуга;1000000;2;21;9521;9;1;6;6;commercial;1
создание сайта тильда бесплатно;3000000;4;31;178;9;1;6;6;commercial;1
как узнать о платных подписках на телефоне;2000000;7;42;44;9;1;6;6;commercial;1
создание опроса онлайн бесплатно;2000000;4;32;63;9;1;6;6;commercial;4
поиск по картинке купить;2000000;4;24;88;9;1;6;6;commercial;1
понятие бизнес процесса;987000;3;23;481;9;1;6;6;commercial;1
crm marketing что это;190000;4;21;11;9;1;6;6;commercial;16
маркетинговый план в бизнес плане;988000;5;33;448;9;1;6;6;commercial;1
тг каналы о бизнесе;1000000;4;19;56;9;1;6;6;commercial;1
дизайн интерьера 3d программа бесплатно;4000000;5;39;970;9;1;6;6;commercial;1
матрица бизнес;816000;2;14;759;9;1;6;6;commercial;1
почта россии личный кабинет заказное письмо;2000000;6;43;251;8;1;6;6;commercial;1
сервис таплинк;2000000;2;14;234;8;1;6;6;commercial;1
оплата онлайн для интернет магазинов;2000000;5;36;47;8;1;6;6;commercial;4
бизнес имидж;1000000;2;12;439;8;1;6;6;commercial;1
что получает инвестор от вложений в бизнес;1000000;7;42;10;8;1;6;6;commercial;1
узнать деталь по фото онлайн бесплатно;3000000;6;38;9;8;1;6;6;commercial;2
ментальная карта бесплатно;2000000;3;26;509;8;1;6;6;commercial;1
программы для инфографики для маркетплейсов бесплатно;2000000;6;53;325;8;1;6;6;commercial;0
курс по управлению бизнесом;1000000;4;27;352;8;1;6;6;commercial;1
описание бизнес процессов это;1000000;4;29;329;8;1;6;6;commercial;1
нейросеть дорисовывает изображения онлайн бесплатно;2000000;5;51;79;8;1;6;6;commercial;4
узнать о подписках;649000;3;18;2090;8;1;6;6;commercial;1
менеджеры по рекламе;1000000;3;20;7389;8;1;6;6;commercial;1
электронная почта на 10 минут бесплатно;3000000;6;39;8;8;1;6;6;commercial;1
контакт моя страница открыть без пароля и логина;2000000;8;48;805;8;1;6;6;commercial;1
как получить деньги на свой бизнес от государства безвозмездно;2000000;9;62;8;8;1;6;6;commercial;1
мое дело тарифы для ооо на усн;2000000;7;30;8;8;1;6;6;commercial;1
юнисос интеграция;47000;2;17;8;8;1;6;6;commercial;1
нейро тексты бесплатно;2000000;3;22;1314;8;1;6;6;commercial;1
экосистемы для бизнеса;798000;3;22;910;8;1;6;6;commercial;1
регистрация форма;1000000;2;17;49501;8;1;6;6;commercial;1
яндекс почта регистрация создать новый электронный адрес бесплатно на телефон андроид на русском;3000000;13;96;8;8;1;6;6;commercial;1
сайт для создания инфографики бесплатно;3000000;5;39;62;8;1;6;6;commercial;1
бизнес модель проекта пример;1000000;4;28;33;8;1;6;6;commercial;1
приложение для создания дизайна интерьера бесплатно;165000;6;51;180;8;1;6;6;commercial;1
софт для бизнеса;876000;3;16;183;8;1;6;6;commercial;1
выложить рекламу бесплатно;2000000;3;26;106;8;1;6;6;commercial;1
электронная почта бесплатное хранилище;2000000;4;38;17;8;1;6;6;commercial;1
биржи заказов для фрилансеров;320000;4;29;169;8;1;6;6;commercial;1
в результате взаимодействия спроса и предложения устанавливается равновесная рыночная цена;558000;10;90;108;8;1;6;6;commercial;1
работа с возражениями клиентов в продажах;1000000;6;41;48;8;1;6;6;commercial;1
лучший сервис для чтения книг;236000;5;29;37;8;1;6;6;commercial;1
аналитика соцсетей бесплатно;2000000;3;28;13;7;1;6;6;commercial;1
как посчитать стоимость привлечения клиента;483000;5;43;13;7;1;6;6;commercial;1
расчеты для бизнес плана;949000;4;24;1736;7;1;6;6;commercial;1
сервис для создания логотипов;1000000;4;29;143;7;1;6;6;commercial;1
программа для создания иллюстраций бесплатно;2000000;5;44;14;7;1;6;6;commercial;1
переводчик с английского камера телефона на русский онлайн бесплатно;2000000;9;68;17404;7;1;6;6;commercial;4
инфографика сайты для создания на русском бесплатно;3000000;7;51;14;7;1;6;6;commercial;1
стоимость подписки телеграм;2000000;3;27;150;7;1;6;6;commercial;1
создать ментальную карту онлайн бесплатно на русском языке;3000000;8;58;16;7;1;6;6;commercial;4
моя страница вконтакте открыть сейчас без пароля и логина;4000000;9;57;457;7;1;6;6;commercial;1
как узнать стоимость лида;742000;4;25;20;7;1;6;6;commercial;1
как использовать телеграмм для бизнеса;8000;5;38;11;7;1;6;6;commercial;1
ваш личный кабинет;2000000;3;18;16009;7;1;6;6;commercial;1
как добавить магазин в яндекс;2000000;5;29;355;7;1;6;6;commercial;1
переводчик по фото онлайн бесплатно навести камеру;3000000;7;50;11;7;1;6;6;commercial;2
сервис по приему платежей;1000000;4;25;163;7;1;6;6;commercial;1
хпв в продажах автомобилей;786000;4;26;8;7;1;6;6;commercial;1
программы для 3д моделирования онлайн бесплатно;3000000;6;47;47;7;1;6;6;commercial;0
маркетолог обучение с нуля бесплатно самостоятельно;1000000;6;51;13;7;1;6;6;commercial;1
какие бывают облачные сервисы;704000;4;29;11;7;1;6;6;commercial;1
как поставить точку в яндекс картах для бизнеса;2000000;8;47;49;7;1;6;6;commercial;1
программа для фотошопа бесплатно на телефон;2000000;6;43;99;7;1;6;6;commercial;1
как отправить заказное письмо по почте россии онлайн;3000000;8;52;23;7;1;6;6;commercial;4
войти в контакт на мою страницу по номеру телефона без пароля и логина;3000000;13;70;558;7;1;6;6;commercial;1
программа для создания интерьера бесплатно на русском;3000000;7;53;440;7;1;6;6;commercial;1
парсинг сервисы;707000;2;15;342;7;1;6;6;commercial;1
ux менеджер;165000;2;11;69;7;1;6;6;commercial;1
изображения для сайта бесплатно;3000000;4;31;288;7;1;6;6;commercial;1
хостинг сервисы;896000;2;15;583;7;1;6;6;commercial;1
рейтинг файловых менеджеров для андроид;637000;5;39;27;7;1;6;6;commercial;1
вконтакте моя страница вход на мою страницу по номеру телефона без пароля вк бесплатно;3000000;14;86;126;7;1;6;6;commercial;1
сервисы для анализа социальных сетей;2000000;5;36;24;7;1;6;6;commercial;1
вход в контакт на мою страницу без пароля и логина войти сразу;3000000;12;62;4048;7;1;6;6;commercial;1
что должно быть на сайте интернет магазина;2000000;7;42;26;7;1;6;6;commercial;1
пример наступления социальной ответственности бизнеса;1000000;5;53;45;7;1;6;6;commercial;1
основные возражения в продажах;865000;4;30;39;7;1;6;6;commercial;1
облачный сервис что это такое;2000000;5;29;99;7;1;6;6;commercial;16
программа для 3д дизайна квартиры бесплатно;2000000;6;43;47;6;1;6;6;commercial;1
бесплатные сервисы для изучения английского языка;2000000;6;49;27;6;1;6;6;commercial;1
смс рассылка по своей базе через программу;935000;7;42;6;6;1;6;6;commercial;1
гугл карты разместить организацию бесплатно;2000000;5;43;6;6;1;6;6;commercial;1
как подать заявку на господдержку малого бизнеса;1000000;7;48;7;6;1;6;6;commercial;1
vk вход на страницу в контакте моя страница без пароля и логина;2000000;12;63;7;6;1;6;6;commercial;1
vkontakte ru вход на мою страницу без пароля и логина войти по номеру телефона;3000000;14;78;6;6;1;6;6;commercial;1
приложение для коррекции фото на андроид бесплатно без регистрации;3000000;9;66;6;6;1;6;6;commercial;2
cpa оплата за целевое действие;613000;5;30;24;6;1;6;6;commercial;1
вк моя страница вход без пароля и логина;2000000;8;40;4366;6;1;6;6;commercial;1
как войти в почту аутлук с компьютера;2000000;7;37;48;6;1;6;6;commercial;1
сервис для рассылки писем на email бесплатно;2000000;7;44;48;6;1;6;6;commercial;1
обязанности менеджера по работе с ключевыми клиентами;1000000;7;53;96;6;1;6;6;commercial;1
сервис по поиску психологов;2000000;4;27;93;6;1;6;6;commercial;1
создать почту яндекс новую для себя бесплатно без регистрации;3000000;9;61;53;6;1;6;6;commercial;1
создать почтовый ящик на yandex ru бесплатно;3000000;7;44;55;6;1;6;6;commercial;1
сервис сбора семантического ядра;946000;4;32;59;6;1;6;6;commercial;1
чат бот для сайта бесплатно;3000000;5;27;50;6;1;6;6;commercial;1
что такое конкуренция в бизнесе;577000;5;31;71;6;1;6;6;commercial;9
сервис почта россии заказное письмо;82000;5;35;189;6;1;6;6;commercial;1
почта россии отправка заказных писем от юридических лиц;2000000;8;55;35;6;1;6;6;commercial;1
как получить денежные средства от государства на бизнес;2000000;8;55;37;6;1;6;6;commercial;1
менеджер по развитию продаж это;909000;5;31;39;6;1;6;6;commercial;1
если равновесная цена уменьшилась то спрос;608000;6;42;114;6;1;6;6;commercial;1
проджект менеджер задачи;444000;3;24;156;6;1;6;6;commercial;1
создать инфографику онлайн бесплатно на русском;3000000;6;47;144;6;1;6;6;commercial;4
сервис квиз;3000;2;11;263;6;1;6;6;commercial;1
книжный сервис;1000000;2;14;493;6;1;6;6;commercial;1
создать сайт в вконтакте бесплатно;3000000;5;34;19;6;1;6;6;commercial;1
сервис для создания карт;2000000;4;24;427;6;1;6;6;commercial;1
открыть интернет магазин chrome;656000;4;31;10;6;1;6;6;commercial;1
пи ар менеджер;145000;3;14;10;6;1;6;6;commercial;1
как рекламировать магазин;557000;3;25;430;6;1;6;6;commercial;1
типы клиентов в продажах 5 основных;3000000;6;35;10;6;1;6;6;commercial;1
создать почтовый ящик яндекс бесплатно регистрация;2000000;6;50;2811;6;1;6;6;commercial;1
предложение уменьшилось равновесная цена;785000;4;40;393;6;1;6;6;commercial;1
камера с переводом с английского на русский онлайн бесплатно;3000000;9;60;3546;6;1;6;6;commercial;4
нейросети улучшающие качество фото бесплатно;2000000;5;44;3305;6;1;6;6;commercial;2
образец договора оферты;388000;3;23;1052;6;1;6;6;commercial;1
сервисы для опросов;1000000;3;19;1096;6;1;6;6;commercial;1
если спрос уменьшается то цена;634000;5;30;143;6;1;6;6;commercial;1
заказное письмо в суд;160000;4;21;1744;6;1;6;6;commercial;1
отправление заказного письма;296000;3;28;2192;6;1;6;6;commercial;10
файловые менеджеры андроид;211000;3;26;7373;6;1;6;6;commercial;1
в контакте моя страница вход на страницу без пароля и логина;2000000;11;60;9888;6;1;6;6;commercial;1
перевод с русского на английский по фото с телефона онлайн бесплатно;1000000;11;68;5267;6;1;6;6;commercial;2
рассылка сообщений телеграмм;9000;3;28;734;6;1;6;6;commercial;1
название шрифта по картинке бесплатно определить;1000000;6;48;7;5;1;6;6;commercial;1
если спрос превышает предложение то цена;897000;6;40;48;5;1;6;6;commercial;1
найти по картинке и купить;2000000;5;26;22;5;1;6;6;commercial;1
лучшие платформы для интернет магазина;795000;5;38;143;5;1;6;6;commercial;1
сбор семантики онлайн бесплатно;2000000;4;31;6;5;1;6;6;commercial;4
парсер сайта бесплатно;1000000;3;22;150;5;1;6;6;commercial;1
бесплатное приложение для фотошопа лица;2000000;5;39;75;5;1;6;6;commercial;1
как происходит продажа;884000;3;22;9133;5;1;6;6;commercial;1
трелло вход в личный кабинет войти;2000000;6;34;5;5;1;6;6;commercial;1
как государство помогает бизнесу;1000000;4;32;101;5;1;6;6;commercial;1
от чего зависит рыночная цена товара услуги;1000000;7;43;88;5;1;6;6;commercial;14
курсы по управлению бизнесом для начинающих;2000000;6;43;7;5;1;6;6;commercial;1
сделать онлайн опрос бесплатно для рассылки;2000000;6;43;5;5;1;6;6;commercial;4
сервисы для рассылки;887000;3;20;2780;5;1;6;6;commercial;1
переводчик с английского на русский через камеру бесплатно без скачивания;2000000;10;73;3071;5;1;6;6;commercial;1
реакция в телеграм;8000;3;18;20661;5;1;6;6;commercial;1
сервисы обучения;2000000;2;16;9512;5;1;6;6;commercial;1
заказать по фото;1000000;3;16;8160;5;1;6;6;commercial;2
в контакте моя страница вход на страницу без пароля и логина войти;3000000;12;66;6618;5;1;6;6;commercial;1
классификация клиентов в продажах;543000;4;33;22;5;1;6;6;commercial;1
агрегатор мессенджеров бесплатно;1000000;3;32;15;5;1;6;6;commercial;1
дисконтный магазин что это;462000;4;26;12;5;1;6;6;commercial;16
бесплатная рассылка смс через интернет бесплатно;2000000;6;48;33;5;1;6;6;commercial;1
ментальные карты бесплатно;2000000;3;26;509;5;1;6;6;commercial;1
раздача интернета с телефона бесплатно;2000000;5;38;559;5;1;6;6;commercial;1
отработки возражений в продажах;389000;4;31;1057;5;1;6;6;commercial;1
войти вконтакте на свою страницу по номеру телефона без пароля и логина;3000000;12;71;145;5;1;6;6;commercial;1
программа для дизайна интерьера квартиры бесплатно на русском;2000000;8;61;23;5;1;6;6;commercial;1
устная оферта гк рф;1000000;4;19;9;5;1;6;6;commercial;1
экосистемы в бизнесе;715000;3;20;1000;5;1;6;6;commercial;1
получить деньги от государства на бизнес безвозмездно;2000000;7;53;992;4;1;6;6;commercial;1
что обязательно должно быть в бизнес плане;1000000;7;42;6;4;1;6;6;commercial;1
сервисы для проведения онлайн опросов;2000000;5;37;105;4;1;6;6;commercial;4
как правильно купить криптовалюту;361000;4;33;30;4;1;6;6;commercial;1
добавить компанию на яндекс карты бесплатно;198000;6;43;31;4;1;6;6;commercial;1
бизнес план пункт выдачи заказов;1000000;5;32;63;4;1;6;6;commercial;1
кп в договоре это;420000;4;17;44;4;1;6;6;commercial;1
вк моя страница вход на страницу без пароля и логина по номеру телефона вконтакте бесплатно;3000000;15;91;66;4;1;6;6;commercial;1
как войти в вк по id если забыл пароль и логин;990000;11;46;12;4;1;6;6;commercial;1
озон интернет магазин открыть пункт;1000000;5;35;27;4;1;6;6;commercial;1
что такое договор аутсорсинга;326000;4;29;22;4;1;6;6;commercial;9
файл менеджер на андроид;723000;4;24;437;4;1;6;6;commercial;1
разница в ценах на товар;987000;5;24;507;4;1;6;6;commercial;1
программа для создания анимации бесплатно;2000000;5;41;288;4;1;6;6;commercial;1
вк вход на мою страницу без пароля и логина и номера;2000000;11;52;607;4;1;6;6;commercial;1
официальная оферта;591000;2;18;354;4;1;6;6;commercial;1
бизнес выставка;1000000;2;15;2240;4;1;6;6;commercial;1
перевод с камеры телефона онлайн бесплатно с английского;3000000;8;56;2690;4;1;6;6;commercial;4
страница вконтакте вход на мою страницу без пароля войти;2000000;9;56;7684;4;1;6;6;commercial;1
фотошоп для телефона бесплатно;2000000;4;30;1029;4;1;6;6;commercial;1
техники в продажах;759000;3;18;11118;4;1;6;6;commercial;1
трудовой договор самозанятого;443000;3;29;8381;4;1;6;6;commercial;1
категорийному менеджеру;127000;2;23;6576;4;1;6;6;commercial;1
потребность в товарах и услугах;627000;5;31;1975;4;1;6;6;commercial;1
хостинг для сервера бесплатно;2000000;4;29;1683;4;1;6;6;commercial;1
стоимость привлечения клиента это;474000;4;33;95;4;1;6;6;commercial;1
фотобанки бесплатно;1000000;2;19;1441;4;1;6;6;commercial;1
цена в маркетинге;766000;3;17;1272;4;1;6;6;commercial;1
планировка помещения программа бесплатно;2000000;4;40;99;4;1;6;6;commercial;1
человек который вкладывает деньги в бизнес;1000000;6;42;98;4;1;6;6;commercial;8
как работать с возражениями в продажах;46000;6;38;184;4;1;6;6;commercial;1
мемы для бизнеса;901000;3;16;86;4;1;6;6;commercial;1
сервисы подбора ключевых слов;1000000;4;29;173;4;1;6;6;commercial;1
рекламный кабинет ок;1000000;3;20;198;4;1;6;6;commercial;1
что такое ниша бизнеса;660000;4;22;200;4;1;6;6;commercial;9
вк вход на мою страницу без пароля по номеру телефона бесплатно;3000000;11;63;241;4;1;6;6;commercial;1
что продавать в интернет магазине;1000000;5;33;239;4;1;6;6;commercial;1
наиболее известная и распространенная в т ч в россии методика составления бизнес планирования;2000000;13;93;127;4;1;6;6;commercial;1
вк моя страница вход на страницу без пароля и логина по номеру телефона вконтакте;2000000;14;81;126;4;1;6;6;commercial;1
присоединение к договору оферты;447000;4;31;214;4;1;6;6;commercial;1
что означает оферта договора;546000;4;28;138;4;1;6;6;commercial;1
что такое современный сетевой бизнес своими словами;1000000;7;51;4;4;1;6;6;commercial;9
составить бизнес план самостоятельно образец;1000000;5;44;4;4;1;6;6;commercial;7
вордстат онлайн работать бесплатно;2000000;4;34;4;4;1;6;6;commercial;4
база емайл адресов для рассылки бесплатно;2000000;6;41;4;4;1;6;6;commercial;1
бизнес баннер;2000000;2;13;403;4;1;6;6;commercial;1
как работает менеджер маркетплейсов;1000000;4;35;204;4;1;6;6;commercial;1
музыка для коммерческого использования бесплатно;2000000;5;48;213;4;1;6;6;commercial;1
создать электронную почту яндекс регистрация на русском языке бесплатно на телефоне андроид пошагово;3000000;13;100;9;4;1;6;6;commercial;1
высокая себестоимость может быть обусловлена;740000;5;44;7;4;1;6;6;commercial;1
на каком движке лучше сделать интернет магазин;2000000;7;46;9;4;1;6;6;commercial;1
что означает sale в магазинах;641000;5;29;12;4;1;6;6;commercial;1
должности топ менеджеров названия;1000000;4;33;9;4;1;6;6;commercial;1
самые популярные почтовые сервисы в мире;2000000;6;40;7;4;1;6;6;commercial;1
менеджер стилист;923000;2;16;64;3;1;6;6;commercial;1
сделать презентацию онлайн бесплатно яндекс;2000000;5;43;7;3;1;6;6;commercial;4
обработка фото для интернет магазина;1000000;5;36;10;3;1;6;6;commercial;1
найти товар по фото онлайн бесплатно без регистрации;3000000;8;52;160;3;1;6;6;commercial;2
как переключить на бизнес аккаунт в инсте;1000000;7;41;92;3;1;6;6;commercial;1
смм менеджер должностная инструкция;344000;4;35;33;3;1;6;6;commercial;1
вход на мою страницу вконтакте без логина и пароля;2000000;9;50;9944;3;1;6;6;commercial;1
бесплатно бот в телеграм;2000000;4;24;6828;3;1;6;6;commercial;1
хостинг онлайн бесплатно;1000000;3;24;105;3;1;6;6;commercial;4
навыки контент менеджера;643000;3;24;42;3;1;6;6;commercial;1
пр акция это;2000000;3;12;39;3;1;6;6;commercial;1
как купить хостинг для сайта;2000000;5;28;31;3;1;6;6;commercial;1
приложение для сторис в инстаграм бесплатно;2000000;6;43;35;3;1;6;6;commercial;1
бесплатные сервисы для создания чат ботов;2000000;6;41;35;3;1;6;6;commercial;1
цена товара снизится если предложение товара останется неизменным а спрос сократится;1000000;11;84;35;3;1;6;6;commercial;14
девиз для магазина;523000;3;18;47;3;1;6;6;commercial;1
приложение для редактирования фото на андроид бесплатно на русском языке;3000000;10;72;48;3;1;6;6;commercial;1
раскрутка телеграм бесплатно;6000;3;28;58;3;1;6;6;commercial;1
фотосток бесплатно без регистрации на русском языке;2000000;7;51;19;3;1;6;6;commercial;1
сделать почту яндекс зарегистрироваться бесплатно на телефон создать;3000000;8;68;17;3;1;6;6;commercial;1
известные почтовые сервисы;1000000;3;26;14;3;1;6;6;commercial;1
ментальная карта онлайн создать бесплатно на русском языке;2000000;8;58;16;3;1;6;6;commercial;4
как поменять бизнес аккаунт в инстаграм;1000000;6;39;283;3;1;6;6;commercial;1
набор стикеров бесплатно;2000000;3;24;438;3;1;6;6;commercial;1
договор аферы;234000;2;13;297;3;1;6;6;commercial;1
сфера ресторанного бизнеса;896000;3;26;347;3;1;6;6;commercial;1
от чего зависит цена товара;924000;5;27;370;3;1;6;6;commercial;14
стоимость зависит от;569000;3;20;18240;3;1;6;6;commercial;1
переводчик с английского по камере телефона онлайн бесплатно;2000000;8;60;15401;3;1;6;6;commercial;4
регистрация пользователей;2000000;2;25;25638;3;1;6;6;commercial;1
простая оферта;1000000;2;14;14970;3;1;6;6;commercial;1
магазины в вк;918000;3;13;6076;3;1;6;6;commercial;1
программы для удаленного доступа к компьютеру бесплатно;2000000;7;55;848;3;1;6;6;commercial;0
бизнес партнеры это;2000000;3;19;1670;3;1;6;6;commercial;18
войти в контакт на свою страницу по номеру телефона без пароля и логина вконтакте;3000000;14;81;120;3;1;6;6;commercial;1
шрифты для дизайна бесплатно;1000000;4;28;124;3;1;6;6;commercial;1
обучение монтажу видео бесплатно;3000000;4;32;112;3;1;6;6;commercial;19
что такое реакция в телеграмме;8000;5;30;93;3;1;6;6;commercial;9
crm маркетинга что это;233000;4;22;92;3;1;6;6;commercial;16
убрать прыщи на фото бесплатно;2000000;5;30;222;3;1;6;6;commercial;2
оплата после получения товара в договоре;590000;6;40;132;3;1;6;6;commercial;14
создать интеллект карту бесплатно;2000000;4;33;182;3;1;6;6;commercial;1
электронная почта яндекс регистрация бесплатно;3000000;5;46;1180;3;1;6;6;commercial;1
желание и возможность потребителя купить конкретный товар или получить услугу по данной цене это;2000000;14;96;3;3;1;6;6;commercial;1
программа для голосования онлайн бесплатно;2000000;5;42;6;3;1;6;6;commercial;4
web crm erp системой это что;2000000;6;28;5;3;1;6;6;commercial;1
как называется в сетевой экономике купля продажа товаров и услуг и их оплата через интернет;3000;15;91;6;3;1;6;6;commercial;1
дзен войти в личный кабинет как автор;3000000;7;37;6;3;1;6;6;commercial;1
восстановить аккаунт вк по номеру телефона через смс бесплатно на телефоне;3000000;11;74;6;3;1;6;6;commercial;1
зайти на свою страницу в контакте по номеру телефона без пароля и логина;2000000;13;72;6;3;1;6;6;commercial;1
landing page создать бесплатно;2000000;4;30;4;3;1;6;6;commercial;1
программа почистить ноутбук чтобы не тормозил бесплатно;2000000;7;55;3;3;1;6;6;commercial;1
программы на развитие малого бизнеса с нуля от государства;1000000;9;58;3;3;1;6;6;commercial;1
равновесная цена когда увеличивается и уменьшается;852000;6;50;4;3;1;6;6;commercial;1
как войти на сайт по qr коду с телефона;3000000;9;39;4;3;1;6;6;commercial;1
вк без пароля и логина;2000000;5;22;7427;3;1;6;6;commercial;1
сервис постинга в социальные сети;2000000;5;33;14;3;1;6;6;commercial;1
сервис массовой рассылки смс;1000000;4;28;10;3;1;6;6;commercial;1
если цена товара выше точки пересечения кривой спроса и кривой предложения то возникнет;2000000;13;87;8;3;1;6;6;commercial;14
api для отправки email;1000000;4;22;6;3;1;6;6;commercial;1
как отправить заказное письмо электронно;1000000;5;40;525;3;1;6;6;commercial;1
что нужно чтобы открыть озон пункт выдачи заказов;1000000;8;49;10;3;1;6;6;commercial;1
создать социальный опрос онлайн бесплатно;2000000;5;41;9;3;1;6;6;commercial;4
сервис для конкурса в инстаграм;866000;5;31;9;3;1;6;6;commercial;1
когда равновесная цена уменьшается;622000;4;34;27;2;1;6;6;commercial;1
списать видео с ютуба бесплатно;3000000;5;31;3;2;1;6;6;commercial;19
спрос и предложение равновесная цена;783000;5;36;3390;2;1;6;6;commercial;1
сайт для онлайн магазина;3000000;4;24;286;2;1;6;6;commercial;4
как купить рекламу в телеграмме правильно;6000;6;41;7;2;1;6;6;commercial;1
понятие бизнес процесс;913000;3;22;481;2;1;6;6;commercial;1
стикеры посмотреть бесплатно;2000000;3;28;7;2;1;6;6;commercial;1
обязанности менеджера по рекламе и маркетингу;840000;6;45;30;2;1;6;6;commercial;1
как открыть интернет магазин в вк;2000000;6;33;9;2;1;6;6;commercial;1
спрос предложение и равновесная цена;694000;5;36;3390;2;1;6;6;commercial;1
smtp api;109000;2;8;72;2;1;6;6;commercial;1
себестоимость продаж в балансе это;471000;5;34;4;2;1;6;6;commercial;1
как заключается оферта;134000;3;22;61;2;1;6;6;commercial;1
бесплатное приложение для дизайн проекта;2000000;5;40;92;2;1;6;6;commercial;1
википедия интернет магазин;762000;3;26;100;2;1;6;6;commercial;1
смс рассылка на номер телефона;2000000;5;30;76;2;1;6;6;commercial;1
сервисы по созданию инфографики;1000000;4;31;29;2;1;6;6;commercial;1
цена на товар повысилась предложение товара при этом;935000;8;52;8;2;1;6;6;commercial;14
что такое веб кабинет;341000;4;21;32;2;1;6;6;commercial;9
сервисы для записи звонков;1000000;4;26;45;2;1;6;6;commercial;1
программа для анкетирования и проведения опросов бесплатно;2000000;7;58;4;2;1;6;6;commercial;1
оформление бизнес аккаунта в инстаграм;1000000;5;38;4;2;1;6;6;commercial;1
бизнес моделей;847000;2;14;31822;2;1;6;6;commercial;1
возможности телеграмма для бизнеса;7000;4;34;49;2;1;6;6;commercial;1
crm маркетинг что это такое;1000000;5;27;5;2;1;6;6;commercial;16
как называется список услуг с ценами;952000;6;36;4;2;1;6;6;commercial;1
сделать блог бесплатно;2000000;3;22;40;2;1;6;6;commercial;11
сервис донатов для рутуба;2000000;4;25;39;2;1;6;6;commercial;1
отличия стартапа от малого бизнеса;1000000;5;34;5;2;1;6;6;commercial;1
спрос падает равновесная цена;1000000;4;29;43;2;1;6;6;commercial;1
чат бот бесплатно для телеграм;2000000;5;30;271;2;1;6;6;commercial;1
создать бота бесплатно навсегда;2000000;4;31;41;2;1;6;6;commercial;1
как привлечь покупателей в интернет магазин;989000;6;43;19;2;1;6;6;commercial;1
как искать заказы на фрилансе;744000;5;29;12;2;1;6;6;commercial;1
как написать бизнес модель;324000;4;26;12;2;1;6;6;commercial;1
цена и качество продукции;2000000;4;25;605;2;1;6;6;commercial;1
что такое аудит магазина;423000;4;24;15;2;1;6;6;commercial;9
сервисы проверки текста;3000;3;23;546;2;1;6;6;commercial;1
telegram для бизнеса возможности;12000;4;32;12;2;1;6;6;commercial;1
вконтакте моя страница открыть без логина и пароля войти;3000000;9;56;422;2;1;6;6;commercial;1
сервис для анализа соцсетей;1000000;4;27;10;2;1;6;6;commercial;1
навыки для проджект менеджера;318000;4;29;26;2;1;6;6;commercial;1
3д моделирование онлайн бесплатно без регистрации;3000000;6;49;9;2;1;6;6;commercial;4
консультация покупателей;1000000;2;24;388;2;1;6;6;commercial;1
как переключиться на бизнес аккаунт инстаграм;1000000;6;45;427;2;1;6;6;commercial;1
личный кабинет пользователя на сайте;2000000;5;36;387;2;1;6;6;commercial;1
ретушь портретных фотографий онлайн бесплатно;2000000;5;45;9;2;1;6;6;commercial;4
кто является участником бизнес процесса;2000000;5;39;11;2;1;6;6;commercial;12
электронные письма личный кабинет;1000000;4;33;443;2;1;6;6;commercial;10
дистрибьюторский бизнес;1000000;2;23;78;2;1;6;6;commercial;1
создать онлайн анкету для сбора информации бесплатно;3000000;7;52;2;2;1;6;6;commercial;4
вход в вк моя страница без пароля и логина войти;3000000;10;48;2520;2;1;6;6;commercial;1
яндекс документы регистрация;290000;3;28;181;2;1;6;6;commercial;1
бирюзовый бизнес что это;753000;4;24;2;2;1;6;6;commercial;16
вход в вк моя страница по номеру телефона без пароля и логина;2000000;12;61;182;2;1;6;6;commercial;1
картинки которые можно использовать без нарушения авторских прав бесплатно;2000000;9;74;2;2;1;6;6;commercial;1
как написать магазин;1000000;3;20;8998;2;1;6;6;commercial;1
как выглядит бизнес аккаунт в инстаграм;1000000;6;39;2;2;1;6;6;commercial;1
выгодно ли открывать пункт выдачи озон или валберис;376000;8;51;2;2;1;6;6;commercial;1
вконтакте моя страница полная версия открыть войти без пароля;2000000;9;61;2;2;1;6;6;commercial;1
инфографер бесплатно;1000000;2;20;2;2;1;6;6;commercial;1
как отправить письмо через личный кабинет почты россии;2000000;8;54;135;2;1;6;6;commercial;1
направление оферты договора;633000;3;27;135;2;1;6;6;commercial;1
программа для интерьера комнаты бесплатно;2000000;5;41;103;2;1;6;6;commercial;1
как запретить онлайн кредиты физическим лицам на госуслугах;2000000;8;59;2;2;1;6;6;commercial;4
фотостоки для коммерческого использования бесплатно;2000000;5;51;151;2;1;6;6;commercial;1
стоимость одного клика;2000000;3;22;89;2;1;6;6;commercial;1
создать презентацию в powerpoint бесплатно;2000000;5;42;151;2;1;6;6;commercial;1
заработок на рассылках в телеграмме;1000000;5;35;2;2;1;6;6;commercial;1
курсы smm менеджера инстаграм;638000;4;29;2;2;1;6;6;commercial;1
отправка заказной корреспонденции;757000;3;33;93;2;1;6;6;commercial;1
коммерческая себестоимость это;2000000;3;30;113;2;1;6;6;commercial;1
сервисы для скачивания;830000;3;22;2812;2;1;6;6;commercial;1
t shaping;750000;2;9;1864;2;1;6;6;commercial;1
файловый менеджер для телефона;1000000;4;30;121;2;1;6;6;commercial;1
как высчитать средний чек в магазине;470000;6;36;3;2;1;6;6;commercial;1
создать емайл электронную почту e mail регистрация бесплатно;2000000;8;60;3;2;1;6;6;commercial;1
вк вход на мою страницу без пароля и логина;2000000;9;43;3756;2;1;6;6;commercial;1
чьи интересы учитываются при разработке бизнес плана;1000000;7;52;3;2;1;6;6;commercial;1
переводчик с английского на русский с камерой онлайн с телефона бесплатно;3000000;11;73;15626;2;1;6;6;commercial;4
прога для скачивания видео с любого сайта бесплатно;3000000;8;51;3;2;1;6;6;commercial;1
проверить позиции сайта в поисковиках бесплатно;3000000;6;47;3;2;1;6;6;commercial;1
производственная себестоимость это в экономике;421000;5;46;3;2;1;6;6;commercial;1
составление бизнес плана семейной фирмы;1000000;5;39;4;2;1;6;6;commercial;1
менеджер по продажам в маркетплейсах;985000;5;36;55;2;1;6;6;commercial;1
маркетинг в бизнес планировании;623000;4;31;123;2;1;6;6;commercial;1
приложение для фото на андроид бесплатно;1000000;6;40;2043;2;1;6;6;commercial;2
сервисы для создания чат ботов;91000;5;30;186;2;1;6;6;commercial;1
какое название придумать для магазина;895000;5;37;191;2;1;6;6;commercial;1
сайты для создания инфографики бесплатно;3000000;5;40;62;2;1;6;6;commercial;1
письмо оферта пишется с целью;731000;5;29;1;1;1;6;6;commercial;1
оформление инстаграмма для бизнеса;1000000;4;34;1;1;1;6;6;commercial;1
в случае роста спроса на труд цена труда обычно снижается;1000000;10;57;1;1;1;6;6;commercial;1
максимальная цена товара определяется тест;906000;5;42;1;1;1;6;6;commercial;14
когда предложение увеличивается равновесная цена;867000;5;48;2;1;1;6;6;commercial;1
цена которая устанавливается продавцом с учетом конъюнктуры рынка;973000;8;65;1;1;1;6;6;commercial;1
семантическое ядро онлайн сервис на русском;3000000;6;43;1;1;1;6;6;commercial;4
упражнения на выявление потребностей в продажах;480000;6;47;1;1;1;6;6;commercial;1
полезные сайты для изучения английского языка бесплатно;3000000;7;55;1;1;1;6;6;commercial;1
рассылка клиентам напоминание о себе пример;463000;6;43;1;1;1;6;6;commercial;1
какие сервисы служат для online общения;2000000;6;39;1;1;1;6;6;commercial;1
матрица экрана бизнеса general electric;1000000;5;39;1;1;1;6;6;commercial;1
зайти на свою страницу вконтакте по номеру телефона без пароля и логина;2000000;12;71;1;1;1;6;6;commercial;1
chatgpt4 бесплатно на русском;4000000;4;29;71;1;1;6;6;commercial;1
получить грант на бизнес от государства;2000000;6;39;1216;1;1;6;6;commercial;1
аутсорсинг сервисов;1000000;2;19;433;1;1;6;6;commercial;1
оферта содержит;452000;2;15;396;1;1;6;6;commercial;1
раскрутка ютуб бесплатно;1000000;3;24;25;1;1;6;6;commercial;1
чат бот магазина;734000;3;16;336;1;1;6;6;commercial;1
сделать 3д анимацию бесплатно;4000000;4;29;38;1;1;6;6;commercial;11
3д визуализация бесплатно;2000000;3;25;319;1;1;6;6;commercial;1
стоимость чат бота;593000;3;18;317;1;1;6;6;commercial;1
приложения для создания анимации бесплатно;2000000;5;42;319;1;1;6;6;commercial;1
оферта требования;17000;2;17;391;1;1;6;6;commercial;1
нейросеть для создания текста песен на русском бесплатно;2000000;8;56;366;1;1;6;6;commercial;1
lets enhance бесплатно;290000;3;22;35;1;1;6;6;commercial;1
реклама в бизнесе это;1000000;4;21;361;1;1;6;6;commercial;1
как заказать рекламу у блогера;2000000;5;30;34;1;1;6;6;commercial;1
открыть мою страницу вконтакте без логина и пароля;2000000;8;50;805;1;1;6;6;commercial;1
сегменты ресторанного бизнеса;937000;3;29;19;1;1;6;6;commercial;1
инфографика сервисы;954000;2;19;706;1;1;6;6;commercial;1
государственная поддержка малого бизнеса это;2000000;5;44;18;1;1;6;6;commercial;1
банк возражений в продажах;660000;4;26;15;1;1;6;6;commercial;1
себестоимость это сумма постоянных издержек;426000;5;43;17;1;1;6;6;commercial;1
цена товара возрастет если;981000;4;26;554;1;1;6;6;commercial;14
бесплатная платформа для интернет магазина;2000000;5;42;21;1;1;6;6;commercial;1
распознать шрифт по картинке бесплатно;2000000;5;38;20;1;1;6;6;commercial;1
сайт для создания опроса бесплатно;194000;5;34;21;1;1;6;6;commercial;1
специалист по crm маркетингу;984000;4;28;21;1;1;6;6;commercial;1
вк моя страница вход на страницу без пароля и логина и номера;2000000;12;61;607;1;1;6;6;commercial;1
нейросеть дорисовывает фото онлайн бесплатно;3000000;5;44;199;1;1;6;6;commercial;4
как формируется рыночная цена;464000;4;29;91;1;1;6;6;commercial;1
скопировать видео с ютуба на компьютер бесплатно;3000000;7;48;104;1;1;6;6;commercial;19
базовые бизнес модели;1000000;3;21;100;1;1;6;6;commercial;1
создать канал на ютубе бесплатно;3000000;5;32;105;1;1;6;6;commercial;1
целевая аудитория бизнеса это;723000;4;29;105;1;1;6;6;commercial;1
розыгрыш вк по репостам бесплатно;2000000;5;33;99;1;1;6;6;commercial;1
инфографика для магазина;1000000;3;24;79;1;1;6;6;commercial;1
если рыночная цена ниже равновесной то возникает дефицит товаров;918000;9;64;85;1;1;6;6;commercial;1
если цена товара ниже точки пересечения кривой спроса и кривой предложения то;1000000;12;77;82;1;1;6;6;commercial;14
фотошоп в телефоне бесплатно;2000000;4;28;155;1;1;6;6;commercial;1
взаимодействие спроса и предложения равновесная цена;963000;6;52;148;1;1;6;6;commercial;1
файловый менеджер на android;671000;4;28;111;1;1;6;6;commercial;1
методы управления бизнес проектами;2000000;4;34;162;1;1;6;6;commercial;1
создание интеллект карты бесплатно;2000000;4;34;122;1;1;6;6;commercial;1
вид деятельности бизнес план;1000000;4;28;171;1;1;6;6;commercial;1
лучшее приложение для фотошопа бесплатно;2000000;5;40;120;1;1;6;6;commercial;1
сервис смс рассылок бесплатно;2000000;4;29;47;1;1;6;6;commercial;1
приложение менеджер файлов;1000000;3;26;261;1;1;6;6;commercial;1
магазины с партнерскими программами;1000000;4;35;54;1;1;6;6;commercial;1
btl акция это;2000000;3;13;48;1;1;6;6;commercial;1
сервис для маркетинга;768000;3;21;284;1;1;6;6;commercial;1
консультация продавца;1000000;2;21;313;1;1;6;6;commercial;1
продвижение телеграмма бесплатно;6000;3;32;228;1;1;6;6;commercial;1
сервисы для создания диаграмм;922000;4;29;68;1;1;6;6;commercial;1
сервисы для инфографики для маркетплейсов;908000;5;41;66;1;1;6;6;commercial;1
что произойдет с ценами на товары если предложение;1000000;8;50;224;1;1;6;6;commercial;1
aliexpress бизнес;233000;2;17;54;1;1;6;6;commercial;1
продвижение ютуб бесплатно;2000000;3;26;70;1;1;6;6;commercial;1
социальная ответственность менеджера;863000;3;36;62;1;1;6;6;commercial;1
fragment продажа ников;513000;3;22;61;1;1;6;6;commercial;1
протокол организует работу почтовых сервисов;2000000;5;44;6;1;1;6;6;commercial;1
договор аутсорсинга на оказание услуг что это;621000;7;45;2;1;1;6;6;commercial;1
ответ на заказной отзыв;1000000;4;23;6;1;1;6;6;commercial;1
флаер магазина;1000000;2;14;4163;1;1;6;6;commercial;1
какие задачи можно решить с помощью сервиса trello;2000000;8;50;2;1;1;6;6;commercial;1
как изменится спрос и равновесная цена на данном рынке если вырастет число потребителей;2000000;13;87;7;1;1;6;6;commercial;1
в контакте вход на мою страницу без пароля и логина войти;3000000;11;57;6618;1;1;6;6;commercial;1
делать анимации на компьютере бесплатно;1000000;5;39;4;1;1;6;6;commercial;1
поиск в телеграмме по номеру телефона без регистрации бесплатно;6000;9;63;4;1;1;6;6;commercial;1
какие функции выполняет менеджер проекта;1000000;5;40;12;1;1;6;6;commercial;1
бесплатные стикеры в тг бесплатно;1000000;5;33;1566;1;1;6;6;commercial;1
если цена товара ниже точки пересечения кривой спроса и кривой предложения то возникает ответ тест;2000000;15;98;2;1;1;6;6;commercial;14
студсервис договор оферты;263000;3;25;2;1;1;6;6;commercial;1
стоимость дизайна страницы сайта;2000000;4;32;15;1;1;6;6;commercial;1
онлайн сервис ментальных карт;2000000;4;29;13;1;1;6;6;commercial;4
разделы в магазине;679000;3;18;3065;1;1;6;6;commercial;1
почему возникают возражения в продажах;965000;5;38;2;1;1;6;6;commercial;1
раздача мобильного интернета на другие устройства бесплатно;2000000;7;59;9;1;1;6;6;commercial;1
разделы бизнес плана и их содержание кратко;1000000;7;43;8;1;1;6;6;commercial;1
виртуальный номер регистрация;2000000;3;29;3528;1;1;6;6;commercial;1
бизнес партнеров;1000000;2;16;27299;1;1;6;6;commercial;1
ретушь фотографий в фотошопе бесплатно онлайн;2000000;6;45;2;1;1;6;6;commercial;4
рассылочный сервис бесплатно;669000;3;28;2;1;1;6;6;commercial;1
величина спроса показывает сколько товара хочет купить;2000000;7;54;3;0;1;6;6;commercial;14
как называется цена по которой покупатели желают и могут приобрести товары а продавцы готовы;1000000;14;92;4;0;1;6;6;commercial;1
telegram для бизнеса скачать;9000;4;28;3;0;1;6;6;commercial;19
инстаграм менеджер обучение бесплатно;2000000;4;37;3;0;1;6;6;commercial;1
6 что такое интернет магазин;2000000;5;28;4;0;1;6;6;commercial;9
курсы ведения инстаграм бесплатно;2000000;4;33;6;0;1;6;6;commercial;1
реклама услуг в интернете бесплатно;2000000;5;35;8;0;1;6;6;commercial;1
популярные сервисы рассылок;2000000;3;27;8;0;1;6;6;commercial;1
вконтакте зайти по номеру телефона на мою страницу без пароля и логина моя страница;2000000;14;83;5;0;1;6;6;commercial;1
рассылка смс по своей базе бесплатно через интернет бесплатно;1000000;9;61;8;0;1;6;6;commercial;1
восстановить аккаунт вк по номеру телефона через смс бесплатно;3000000;9;62;6;0;1;6;6;commercial;1
парсер софт бесплатно;1000000;3;21;5;0;1;6;6;commercial;1
закрытие магазина одежды ликвидация;1000000;4;35;5;0;1;6;6;commercial;1
основной раздел бизнес плана это;1000000;5;32;1;0;1;6;6;commercial;1
программа чтобы фотошопить бесплатно;2000000;4;36;1;0;1;6;6;commercial;1
при заключении договора оферта должна содержать;1000000;6;47;1;0;1;6;6;commercial;1
база видео для монтажа бесплатно;3000000;5;32;1;0;1;6;6;commercial;1
какие магазины не относятся к розничной торговле;450000;7;48;1;0;1;6;6;commercial;1
назначение и функции интернет магазина;1000000;5;38;1;0;1;6;6;commercial;1
маркетинг план в бизнес плане необходим для;1000000;7;43;1;0;1;6;6;commercial;1
chat gtp 4 бесплатно;3000000;4;20;1;0;1;6;6;commercial;1
сервисы донатов для rutube;907000;4;26;1;0;1;6;6;commercial;1
что такое tts сервис;982000;4;20;1;0;1;6;6;commercial;9
проверить позицию сайта в поиске бесплатно;3000000;6;42;3;0;1;6;6;commercial;1
цена следования за лидером это;573000;5;30;3;0;1;6;6;commercial;1
chat got 4 бесплатно;3000000;4;20;2;0;1;6;6;commercial;1
чем выше цена тем ниже предложения товаров и услуг на рынке;1000000;11;59;2;0;1;6;6;commercial;1
ценностным предложением для потребительского сегмента в бизнес модели могут выступать;2000000;10;85;2;0;1;6;6;commercial;1
сервис по отслеживанию позиций сайта;2000000;5;36;2;0;1;6;6;commercial;1
бизнес план это документ который;1000000;5;32;91;0;1;6;6;commercial;1
состав бизнес плана кратко;1000000;4;26;2;0;1;6;6;commercial;1
социальная ответственность бизнеса экономические аспекты;1000000;5;56;2;0;1;6;6;commercial;1
смс рассылка viber;88000;3;18;2;0;1;6;6;commercial;1
облачные сервисы сообщение;1000000;3;26;78;0;1;6;6;commercial;1
бизнес имидж компании;1000000;3;21;84;0;1;6;6;commercial;1
от чего зависит стоимость товара;513000;5;32;80;0;1;6;6;commercial;14
картинки без авторских прав бесплатно для сайта;3000000;7;47;80;0;1;6;6;commercial;1
сервис для записи клиентов бесплатно;2000000;5;36;125;0;1;6;6;commercial;1
сервис ключевых запросов;928000;3;24;142;0;1;6;6;commercial;1
моя страница в вконтакте открыть без пароля войти;3000000;8;49;144;0;1;6;6;commercial;1
сделать бесплатно ретушь фото;2000000;4;29;121;0;1;6;6;commercial;2
персональный кабинет пользователя;929000;3;33;112;0;1;6;6;commercial;1
проводник файл менеджер;645000;3;23;115;0;1;6;6;commercial;1
онлайн сервис рассылок;1000000;3;22;52;0;1;6;6;commercial;4
добавить свой бизнес в яндекс карты;2000000;6;35;55;0;1;6;6;commercial;1
дзен личный кабинет автора вход яндекс;2000000;6;38;43;0;1;6;6;commercial;1
этапы управления продажами;837000;3;26;65;0;1;6;6;commercial;1
интерактивная карта создать бесплатно;2000000;4;37;67;0;1;6;6;commercial;1
план оказания услуг в бизнес плане;1000000;6;34;74;0;1;6;6;commercial;1
постоплата в договоре поставки;359000;4;30;58;0;1;6;6;commercial;1
интернет магазин в вконтакте;2000000;4;28;59;0;1;6;6;commercial;1
ксо в бизнесе;47000;3;13;62;0;1;6;6;commercial;1
как придумать логин для яндекса;719000;5;31;61;0;1;6;6;commercial;1
категории интернет магазинов;2000000;3;28;697;0;1;6;6;commercial;1
программы для скачивания видео с сайтов бесплатно;4000000;7;49;645;0;1;6;6;commercial;0
фотошоп для телефона бесплатно на русском;2000000;6;41;619;0;1;6;6;commercial;1
основной раздел бизнес плана;2000000;4;28;488;0;1;6;6;commercial;1
речевые сервисы;993000;2;15;456;0;1;6;6;commercial;1
имидж бизнеса;791000;2;13;440;0;1;6;6;commercial;1
приложения для бесплатной обработки фото на айфон;3000000;7;49;452;0;1;6;6;commercial;2
платформы облачных сервисов;903000;3;27;450;0;1;6;6;commercial;1
составляющие бизнес процесса;1000000;3;28;426;0;1;6;6;commercial;1
вк вход на мою страницу без пароля и логина и номера телефона;3000000;12;61;593;0;1;6;6;commercial;1
электронной кошелек регистрация;2000000;3;31;527;0;1;6;6;commercial;1
ассортимент магазина это;2000000;3;24;516;0;1;6;6;commercial;1
вк моя страница вход на мою страницу без пароля войти;2000000;10;53;3157;0;1;6;6;commercial;1
бизнес экосистемы;1000000;2;17;3000;0;1;6;6;commercial;1
вк страница вход на мою страницу без пароля и логина;2000000;10;52;3758;0;1;6;6;commercial;1
войти в контакт на мою страницу без пароля и логина моя страница;2000000;12;64;6769;0;1;6;6;commercial;1
бот для телеграмм бесплатно;2000000;4;27;8247;0;1;6;6;commercial;1
контакт моя страница войти без пароля сразу;3000000;7;43;4986;0;1;6;6;commercial;1
программу для дизайна интерьера бесплатно на русском;2000000;7;52;1393;0;1;6;6;commercial;1
слоган для магазинов;478000;3;20;1099;0;1;6;6;commercial;1
резюме для работы шаблон бесплатно;2000000;5;34;1164;0;1;6;6;commercial;1
искусственный интеллект сервисы;1000000;3;31;2044;0;1;6;6;commercial;1
сервисы создания инфографики;1000000;3;28;227;0;1;6;6;commercial;1
бесплатная подписка на книги приложение;2000000;5;39;214;0;1;6;6;commercial;1
вк моя страница войти без пароля и логина бесплатно открыть;3000000;10;59;207;0;1;6;6;commercial;1
виды бизнеса торговый;1000000;3;21;159;0;1;6;6;commercial;17
онлайн сервисы инфографика;2000000;3;26;212;0;1;6;6;commercial;4
если спрос увеличивается то равновесная цена увеличится;725000;7;55;155;0;1;6;6;commercial;1
если увеличивается цена на товар то спрос на товар;836000;9;50;152;0;1;6;6;commercial;1
сколько можно получить от государства на бизнес;2000000;7;47;175;0;1;6;6;commercial;1
переводчик с английского на русский онлайн по камере без регистрации бесплатно;3000000;11;78;149;0;1;6;6;commercial;4
вконтакте моя страница войти без пароля по номеру телефона прямо на страницу вход;3000000;13;81;165;0;1;6;6;commercial;1
онлайн сервисы для перевода;2000000;4;27;181;0;1;6;6;commercial;4
информационное развитие бизнеса;1000000;3;31;342;0;1;6;6;commercial;1
найти человека по номеру телефона бесплатно телеграмм;3000000;7;53;308;0;1;6;6;commercial;1
демпингуют ценами;685000;2;17;320;0;1;6;6;commercial;1
себестоимость реализации продукции это;300000;4;38;392;0;1;6;6;commercial;1
зайти вк на мою страницу без пароля и логина;2000000;9;44;233;0;1;6;6;commercial;1
раздача интернета с телефона на телефон бесплатно;2000000;7;49;260;0;1;6;6;commercial;1
онлайн переводчик по камере телефона онлайн бесплатно без регистрации;3000000;9;69;234;0;1;6;6;commercial;4
какое название магазина придумать;806000;4;33;298;0;1;6;6;commercial;1
менеджер продаж на маркетплейсах;992000;4;32;268;0;1;6;6;commercial;1
хорошие приложения для редактирования фото на андроид бесплатно;2000000;8;63;15;0;1;6;6;commercial;2
что относится к облачным сервисам;1000000;5;33;13;0;1;6;6;commercial;1
проверка стилистики текста онлайн бесплатно;2000000;5;43;17;0;1;6;6;commercial;4
оценка качества товаров в магазине;2000000;5;34;18;0;1;6;6;commercial;1
личный кабинет просто и удобно;1000000;5;30;18;0;1;6;6;commercial;1
куда обращаться за поддержкой малого бизнеса;4000;6;44;16;0;1;6;6;commercial;1
цена и ценовая политика в маркетинге;1000000;6;36;10;0;1;6;6;commercial;1
бухгалтерский сервис для ип;918000;4;27;9;0;1;6;6;commercial;1
как вести инстаграм для бизнеса обучение;1000000;6;40;10;0;1;6;6;commercial;1
нарисовать себя в нейросети бесплатно онлайн;2000000;6;44;10;0;1;6;6;commercial;4
создать свой квиз бесплатно;2000000;4;27;10;0;1;6;6;commercial;1
контакт моя страница зайти сразу на страницу без пароля и логина;2000000;11;64;9;0;1;6;6;commercial;1
пример разработки интернет магазина;1000000;4;35;12;0;1;6;6;commercial;1
почему с помощью метода бережливого производства можно повысить эффективность бизнеса;2000000;10;85;11;0;1;6;6;commercial;1
назначение бизнес плана это;999000;4;27;11;0;1;6;6;commercial;1
идеальная бизнес модель;1000000;3;23;32;0;1;6;6;commercial;1
фотошоп для андроид бесплатно онлайн;2000000;5;36;32;0;1;6;6;commercial;4
дорожная карта бизнес пример;2000000;4;28;32;0;1;6;6;commercial;1
выложить свой сайт в интернет бесплатно;3000000;6;39;31;0;1;6;6;commercial;1
какие процессы выделяют в бизнес процессах;1000000;6;42;33;0;1;6;6;commercial;1
спрос растет а равновесная цена;1000000;5;31;33;0;1;6;6;commercial;1
фотомонтаж для андроид бесплатно;795000;4;32;29;0;1;6;6;commercial;1
подать статью бесплатно;2000000;3;23;28;0;1;6;6;commercial;1
ретушь портретов онлайн бесплатно;2000000;4;33;30;0;1;6;6;commercial;4
переводчик с английского по картинке онлайн бесплатно через камеру;2000000;9;66;40;0;1;6;6;commercial;4
если спрос падает равновесная цена;732000;5;34;41;0;1;6;6;commercial;1
предложение заключить договор содержащее все существенные условия называется;374000;8;76;43;0;1;6;6;commercial;1
государственная поддержка бизнеса это;2000000;4;37;41;0;1;6;6;commercial;1
trello личный кабинет;636000;3;21;34;0;1;6;6;commercial;1
хостинг провайдер бесплатно;1000000;3;27;35;0;1;6;6;commercial;1
сервисы для проведения конкурсов;1000000;4;32;37;0;1;6;6;commercial;1
качества проджект менеджера;1000000;3;27;20;0;1;6;6;commercial;1
ad blocker бесплатно;1000000;3;20;23;0;1;6;6;commercial;1
кабинет;2000000;1;7;52000317;9756;1;7;7;commercial;1
яндекс формы вход в личный кабинет;2000000;6;34;5590;4069;1;7;7;commercial;1
заказные электронные письма;525000;3;27;17692;2790;1;7;7;commercial;10
электронные заказные письма;611000;3;27;17183;2690;1;7;7;commercial;10
заказное ру;1000000;2;11;14499;2179;1;7;7;commercial;1
почта россии заказные электронные письма;396000;5;40;8384;1860;1;7;7;commercial;10
регистрация почты яндекс;2000000;3;24;29823;1807;1;7;7;commercial;1
яндекс регистрация почты;2000000;3;24;29823;1807;1;7;7;commercial;1
электронное заказное письмо;1000000;3;27;17183;1594;1;7;7;commercial;1
заказное электронное письмо;614000;3;27;17692;1643;1;7;7;commercial;1
отправить электронное заказное письмо почта россии;2000000;6;50;1831;1372;1;7;7;commercial;1
почта россии отправить электронное заказное письмо;2000000;6;50;1831;1372;1;7;7;commercial;1
электронное заказное письмо почта россии;1000000;5;40;8384;1207;1;7;7;commercial;1
почта россии заказное;2000000;3;21;78724;1070;1;7;7;commercial;1
отправка электронных заказных писем почта россии;2000000;6;48;1584;971;1;7;7;commercial;1
создать яндекс почту новую для себя бесплатно;3000000;7;45;2599;938;1;7;7;commercial;1
анонимный просмотр историй в инстаграме бесплатно;2000000;6;49;3093;925;1;7;7;commercial;1
заказное онлайн почта;2000000;3;21;7337;784;1;7;7;commercial;4
контакт моя страница вход на мою страницу в контакте без логина и пароля войти сразу;3000000;15;84;4178;790;1;7;7;commercial;1
почта россии заказные письма;2000000;4;28;75008;649;1;7;7;commercial;10
яндекс форма вход в личный кабинет;2000000;6;34;6025;622;1;7;7;commercial;1
заказные письма онлайн почта россии;3000000;5;35;4578;624;1;7;7;commercial;10
заказное почта россии онлайн;2000000;4;28;5465;618;1;7;7;commercial;4
купить по фото;2000000;3;14;8442;597;1;7;7;commercial;2
почта россии заказные письма онлайн;2000000;5;35;4465;602;1;7;7;commercial;10
почта россии заказное онлайн;3000000;4;28;5155;593;1;7;7;commercial;4
отправить письмо заказное;857000;3;25;25393;597;1;7;7;commercial;1
создать почту яндекс регистрация;2000000;4;32;10056;587;1;7;7;commercial;1
создать почтовый ящик на яндексе регистрация бесплатно;3000000;7;54;915;583;1;7;7;commercial;1
просмотр сторис в инстаграм анонимно онлайн без регистрации бесплатно;3000000;9;69;718;577;1;7;7;commercial;4
отправить электронное заказное письмо;1000000;4;37;2995;501;1;7;7;commercial;1
создать логотип нейросеть бесплатно;2000000;4;35;2628;453;1;7;7;commercial;1
создать почту на яндексе новую бесплатно;3000000;6;40;3772;453;1;7;7;commercial;1
войти в почту outlook com;3000000;5;25;1093;459;1;7;7;commercial;13
промо акция;1000000;2;11;13994;444;1;7;7;commercial;1
отправить заказное письмо электронно почта россии;2000000;6;49;2314;441;1;7;7;commercial;1
создать почту на яндексе регистрация бесплатно;3000000;6;46;1267;383;1;7;7;commercial;1
почта яндекс регистрация почтового ящика;2000000;5;40;4820;377;1;7;7;commercial;1
смотреть сторис инстаграм анонимно онлайн бесплатно без регистрации;3000000;8;67;3697;377;1;7;7;commercial;4
яндекс почта зарегистрироваться бесплатно;2000000;4;41;1670;376;1;7;7;commercial;1
отправить заказное письмо почтой россии онлайн;3000000;6;46;1104;374;1;7;7;commercial;4
вконтакте моя страница вход без пароля и логина по номеру телефона;3000000;11;66;1937;377;1;7;7;commercial;1
распознавание по фото онлайн бесплатно;3000000;5;38;2560;371;1;7;7;commercial;2
yandex почта регистрация;2000000;3;24;947;370;1;7;7;commercial;1
создать яндекс почту бесплатно;2000000;4;30;14765;358;1;7;7;commercial;1
смотреть инстаграм анонимно бесплатно;2000000;4;37;12264;355;1;7;7;commercial;1
промоакция;9000000;1;10;4076;353;1;7;7;commercial;1
создать почту яндекс бесплатно;3000000;4;30;14765;358;1;7;7;commercial;1
зарегистрировать яндекс почту бесплатно;2000000;4;39;1020;346;1;7;7;commercial;1
зарегистрировать почту яндекс бесплатно;2000000;4;39;1020;346;1;7;7;commercial;1
почта заказное письмо онлайн;2000000;4;28;5279;347;1;7;7;commercial;4
деньги на бизнес от государства;2000000;5;31;9039;330;1;7;7;commercial;1
создать новую яндекс почту регистрация бесплатно;3000000;6;48;3214;319;1;7;7;commercial;1
аутлук войти;1000000;2;12;5991;320;1;7;7;commercial;1
контакт моя страница войти без пароля;3000000;6;37;13452;312;1;7;7;commercial;1
вк моя страница вход на страницу без пароля и логина по номеру телефона;3000000;13;71;547;310;1;7;7;commercial;1
заказное почта ру официальный;2000000;4;29;896;294;1;7;7;commercial;1
повер поинт бесплатно сделать презентацию;2000000;5;41;470;298;1;7;7;commercial;1
контакт моя страница войти без пароля и логина по номеру телефона;2000000;11;65;1455;289;1;7;7;commercial;1
перевести с английского на русский по фото онлайн бесплатно с телефона переводчик через камеру;3000000;14;94;299;290;1;7;7;commercial;2
вишлист онлайн бесплатно;2000000;3;24;1347;283;1;7;7;commercial;4
программа для планировки квартиры бесплатно;2000000;5;43;895;285;1;7;7;commercial;1
музыка для магазина без авторских прав;2000000;6;38;306;280;1;7;7;commercial;1
электронное заказное письмо почта;1000000;4;33;9278;273;1;7;7;commercial;1
зарегистрировать почту на яндексе бесплатно;2000000;5;43;558;269;1;7;7;commercial;1
электронное заказное;423000;2;20;18001;260;1;7;7;commercial;1
crm маркетинг это;2000000;3;17;442;253;1;7;7;commercial;1
яндекс регистрация почты бесплатно;2000000;4;34;6802;235;1;7;7;commercial;1
электронная почта яндекс регистрация;2000000;4;36;1863;233;1;7;7;commercial;1
моя страница вконтакте без пароля и логина вход;2000000;8;47;11389;231;1;7;7;commercial;1
одностраничный сайт бесплатно создать;3000000;4;37;475;228;1;7;7;commercial;1
файл менеджер;623000;2;13;9359;223;1;7;7;commercial;1
консалтинговые услуги для бизнеса;1000000;4;33;405;214;1;7;7;commercial;1
сделать логотип нейросеть бесплатно;2000000;4;35;1161;217;1;7;7;commercial;1
стоки фотографий бесплатно;2000000;3;26;844;217;1;7;7;commercial;1
яндекс формы вход в личный кабинет войти;3000000;7;40;745;213;1;7;7;commercial;1
менеджер маркетплейсов это;2000000;3;26;2042;212;1;7;7;commercial;1
создать сайт для интернет магазина;3000000;5;34;501;210;1;7;7;commercial;1
в контакте моя страница без пароля и логина;2000000;8;43;13813;203;1;7;7;commercial;1
нейросети текст бесплатно;2000000;3;25;121449;205;1;7;7;commercial;1
рассылка смс по своей базе;1000000;5;26;792;203;1;7;7;commercial;1
отправка заказных писем онлайн;2000000;4;30;721;200;1;7;7;commercial;4
купить рекламу телеграм;9000;3;23;1216;197;1;7;7;commercial;1
вконтакте моя страница вход на мою страницу без пароля и логина бесплатно с телефона бесплатно;3000000;15;94;1778;191;1;7;7;commercial;1
создать почтовый ящик на яндексе бесплатно;2000000;6;42;1310;190;1;7;7;commercial;1
нейросеть фотошоп онлайн бесплатно;2000000;4;34;764;188;1;7;7;commercial;4
регистрация яндекс директ;240000;3;25;608;182;1;7;7;commercial;1
яндекс директ регистрация;1000000;3;25;608;182;1;7;7;commercial;1
вконтакте моя страница вход на мою страницу без пароля и логина в контакте войти;3000000;14;80;2967;184;1;7;7;commercial;1
бизнес мероприятия;1000000;2;18;11334;182;1;7;7;commercial;1
менеджер проекта это;3000000;3;20;2545;177;1;7;7;commercial;1
купить по фотографии товар;1000000;4;26;301;174;1;7;7;commercial;1
смотреть истории инстаграмма анонимно бесплатно;2000000;5;47;265;170;1;7;7;commercial;1
почта outlook com войти;3000000;4;23;1318;173;1;7;7;commercial;13
войти в контакт на свою страницу без пароля и логина по номеру телефона;3000000;13;71;356;166;1;7;7;commercial;1
регистрация на почте яндекс;2000000;4;27;3091;167;1;7;7;commercial;1
вконтакте моя страница войти без пароля и логина бесплатно с телефона;3000000;11;69;1468;167;1;7;7;commercial;1
страница в контакте моя страница вход без пароля и логина;2000000;10;57;11625;164;1;7;7;commercial;1
красивые шрифты бесплатно;2000000;3;25;12237;163;1;7;7;commercial;1
вк для бизнеса;1000000;3;14;2797;160;1;7;7;commercial;1
vk бизнес;953000;2;9;3324;162;1;7;7;commercial;1
дизайн интерьера бесплатно программа;2000000;4;36;5575;157;1;7;7;commercial;1
дизайн интерьера программа бесплатно;2000000;4;36;5575;157;1;7;7;commercial;1
сервис ху из;2000000;3;12;175;154;1;7;7;commercial;1
гугл анкета создать бесплатно онлайн;3000000;5;36;179;152;1;7;7;commercial;4
квиз создать онлайн бесплатно;397000;4;29;264;152;1;7;7;commercial;4
менеджер файлов для андроид;715000;4;27;963;148;1;7;7;commercial;1
бизнес телеграмм аккаунт;8000;3;24;1400;148;1;7;7;commercial;1
искусственный интеллект онлайн бесплатно на русском языке без регистрации в хорошем качестве;3000000;12;92;260;145;1;7;7;commercial;4
как сделать бизнес аккаунт;2000000;4;26;9969;141;1;7;7;commercial;11
придумать название магазина;831000;3;27;2746;138;1;7;7;commercial;1
приложение для дизайна интерьера бесплатно;2000000;5;42;1242;139;1;7;7;commercial;1
резюме бесплатно образец;2000000;3;24;9737;138;1;7;7;commercial;1
инфографика для маркетплейсов бесплатно;2000000;4;39;3704;134;1;7;7;commercial;1
генератор логотипов нейросеть бесплатно;2000000;4;39;335;134;1;7;7;commercial;1
скачивать видео с ютуба бесплатно;3000000;5;33;40354;131;1;7;7;commercial;19
как получить деньги от государства на бизнес с нуля безвозмездно;2000000;10;64;294;127;1;7;7;commercial;1
нейросеть в телеграмме бесплатно;2000000;4;32;1731;127;1;7;7;commercial;1
купить рекламу в тг канале;2000000;5;26;452;126;1;7;7;commercial;1
как войти в архив в телеграмме;2000000;6;30;304;124;1;7;7;commercial;1
дорисовать фото онлайн бесплатно в хорошем качестве;3000000;7;51;154;124;1;7;7;commercial;4
переводчик с немецкого на русский по фото с телефона через камеру бесплатно без скачивания;3000000;14;90;212;117;1;7;7;commercial;2
электронно заказные письма почта россии;2000000;5;39;9832;116;1;7;7;commercial;10
переводчик с турецкого на русский по фото с телефона через камеру бесплатно без скачивания;3000000;14;90;157;113;1;7;7;commercial;2
приложение для дизайна квартиры бесплатно;2000000;5;41;837;111;1;7;7;commercial;1
яндекс формы войти в аккаунт;88000;5;28;224;112;1;7;7;commercial;1
создание инфографики онлайн бесплатно;2000000;4;37;200;110;1;7;7;commercial;4
вход в контакт на мою страницу без пароля и логина;2000000;10;50;9860;111;1;7;7;commercial;1
рекламный менеджер;973000;2;18;2165;110;1;7;7;commercial;1
бесплатные почтовые сервисы;2000000;3;27;757;109;1;7;7;commercial;1
в контакте вход моя страница войти без пароля и логина;3000000;10;54;7368;108;1;7;7;commercial;1
лучший файловый менеджер для андроид;2000000;5;36;393;108;1;7;7;commercial;1
fabula нейросеть фото онлайн бесплатно;2000000;5;38;121;106;1;7;7;commercial;4
создать инфографику онлайн бесплатно на русском языке;3000000;7;53;113;104;1;7;7;commercial;4
создать электронную почту на яндексе бесплатно;3000000;6;46;3295;101;1;7;7;commercial;1
моя страница вконтакте войти прямо на страницу без пароля;3000000;9;57;891;101;1;7;7;commercial;1
онлайн переводчик с английского на русский онлайн бесплатно через камеру;3000000;10;72;17013;101;1;7;7;commercial;4
найти шрифт по фото онлайн бесплатно;3000000;6;36;225;98;1;7;7;commercial;2
найти шрифт по фото бесплатно онлайн;3000000;6;36;225;98;1;7;7;commercial;2
сайты для изучения английского языка бесплатно;3000000;6;46;525;98;1;7;7;commercial;1
грант на открытие бизнеса от государства как получить;2000000;8;53;225;98;1;7;7;commercial;1
сайт магазина;2000000;2;13;3244197;94;1;7;7;commercial;1
как получить деньги от государства на бизнес безвозмездно;2000000;8;57;976;92;1;7;7;commercial;1
переводчик через камеру телефона онлайн бесплатно;3000000;6;49;17651;91;1;7;7;commercial;4
электронный кошелек создать бесплатно;2000000;4;37;381;89;1;7;7;commercial;1
проверить позиции сайта бесплатно;3000000;4;33;394;87;1;7;7;commercial;1
бесплатное приложение для дизайна интерьера;1000000;5;43;1230;86;1;7;7;commercial;1
бесплатно проверить позиции сайта;3000000;4;33;397;86;1;7;7;commercial;1
скопировать видео с ютуба бесплатно;2000000;5;35;243;80;1;7;7;commercial;19
перевести на русский с английского по фото с телефона бесплатно онлайн;3000000;11;70;754;78;1;7;7;commercial;2
чат на сайт бесплатно;3000000;4;21;706;77;1;7;7;commercial;1
вконтакте моя страница войти без пароля и логина бесплатно;3000000;9;58;2963;74;1;7;7;commercial;1
телеграмм для бизнеса как настроить;8000;5;35;99;73;1;7;7;commercial;1
сервис позиции сайта в поисковиках;3000000;5;34;79;74;1;7;7;commercial;1
гугл анкета создать бесплатно;2000000;4;29;271;72;1;7;7;commercial;1
бланки онлайн сервис;2000000;3;20;382;72;1;7;7;commercial;4
сгенерировать свое фото в нейросети бесплатно;2000000;6;45;245;72;1;7;7;commercial;2
логотип магазина;1000000;2;16;11608;71;1;7;7;commercial;1
контакт моя страница войти без пароля по номеру телефона;3000000;9;56;1763;69;1;7;7;commercial;1
стоковые фото бесплатно без авторских прав;3000000;6;42;165;68;1;7;7;commercial;1
создать интернет магазин бесплатно самому с нуля;3000000;7;48;206;69;1;7;7;commercial;1
деньги для бизнеса от государства;1000000;5;33;1099;68;1;7;7;commercial;1
войти инкогнито в яндексе;2000000;4;25;1264;67;1;7;7;commercial;1
программа для создания сайта бесплатно на русском языке с шаблонами;3000000;10;67;73;68;1;7;7;commercial;1
почта яндекс создать почтовый ящик бесплатно;3000000;6;44;2248;67;1;7;7;commercial;1
магазин контакт;2000000;2;15;33603;67;1;7;7;commercial;1
блогинг или блоггинг;5000;3;20;94;66;1;7;7;commercial;1
прямая продажа;1000000;2;14;8935;65;1;7;7;commercial;1
создать опрос бесплатно;2000000;3;23;3351;65;1;7;7;commercial;1
нейросеть chatgpt бесплатно;1000000;3;27;1651;65;1;7;7;commercial;1
дизайн проект бесплатно;2000000;3;23;7085;64;1;7;7;commercial;1
как войти в режим инкогнито в яндекс браузере на компьютере;2000000;10;59;64;64;1;7;7;commercial;1
сервис проверки позиций сайта поисковиках;3000000;5;41;127;63;1;7;7;commercial;1
музыка без авторских прав бесплатно;2000000;5;35;3941;63;1;7;7;commercial;1
если рыночная цена ниже равновесной то;893000;6;38;224;62;1;7;7;commercial;1
создать яндекс почта регистрация нового ящика бесплатно;3000000;7;55;2138;61;1;7;7;commercial;1
заказные письма в электронном виде почта россии;2000000;7;47;522;60;1;7;7;commercial;10
хостинг сайта бесплатно;3000000;3;23;3856;60;1;7;7;commercial;1
виртуальный номер бесплатно для звонков;2000000;5;39;385;60;1;7;7;commercial;1
сервис позиции сайта по запросам;3000000;5;32;139;60;1;7;7;commercial;1
виртуальный номер для звонков бесплатно;2000000;5;39;385;60;1;7;7;commercial;1
переводчик с китайского на русский с камеры телефона бесплатно;2000000;9;62;3325;59;1;7;7;commercial;1
заказные онлайн;2000000;2;15;11441;58;1;7;7;commercial;4
бизнес вконтакте;1000000;2;16;4050;58;1;7;7;commercial;1
создать почту на яндекс регистрация;2000000;5;35;1379;57;1;7;7;commercial;1
клиентская база crm;448000;3;19;357;58;1;7;7;commercial;1
сервис онлайн психологов;2000000;3;24;476;56;1;7;7;commercial;4
программы для дизайна интерьера бесплатно на русском для начинающих;3000000;9;67;445;56;1;7;7;commercial;0
как взять деньги на бизнес от государства;2000000;7;41;159;55;1;7;7;commercial;1
вк маил почта войти в почту;2000000;6;27;76;54;1;7;7;commercial;1
создать аудио из текста онлайн бесплатно;2000000;6;40;64;54;1;7;7;commercial;4
гугл календарь для бизнеса;2000000;4;26;61;54;1;7;7;commercial;1
дзен личный кабинет автора;2000000;4;26;227;53;1;7;7;commercial;1
приложения для бизнеса;1000000;3;22;10540;53;1;7;7;commercial;1
аналоги фотошопа бесплатно на русском;2000000;5;37;131;52;1;7;7;commercial;1
распознать шрифт онлайн с картинки бесплатно;2000000;6;44;61;52;1;7;7;commercial;4
почта россии электронные письма личный кабинет;2000000;6;46;164;51;1;7;7;commercial;10
моя почта электронная показать на экране телефона по номеру телефона бесплатно без регистрации;2000000;13;94;305;50;1;7;7;commercial;1
почта россии отправить заказное;2000000;4;31;8664;50;1;7;7;commercial;1
вк моя страница вход на страницу без пароля и логина войти;3000000;11;58;2686;50;1;7;7;commercial;1
приложение для анимации на пк бесплатно;2000000;6;39;737;50;1;7;7;commercial;1
регистрация на рутубе;1000000;3;21;30989;50;1;7;7;commercial;1
нейросеть улучшающая качество фото бесплатно;2000000;5;44;3305;50;1;7;7;commercial;2
создать бота телеграм бесплатно;6000;4;31;771;49;1;7;7;commercial;1
смотреть сторис бесплатно;2000000;3;25;7746;49;1;7;7;commercial;1
скачивание видео с ютуба бесплатно;3000000;5;34;2776;49;1;7;7;commercial;19
приложения для обработки фото на айфон бесплатно;3000000;7;48;465;47;1;7;7;commercial;2
как купить ник в телеграм;1000000;5;25;79;47;1;7;7;commercial;1
переводчик с китайского на русский с камеры телефона онлайн бесплатно онлайн без регистрации по фото;3000000;15;100;75;47;1;7;7;commercial;4
как войти в аутлук на рабочую почту;2000000;7;35;204;47;1;7;7;commercial;1
гугл таблицы обучение бесплатно с нуля самостоятельно;1000000;7;53;47;46;1;7;7;commercial;1
как правильно составить бизнес план для малого бизнеса самому образец;2000000;10;69;66;46;1;7;7;commercial;7
электронные заказные письма госуслуги;916000;4;37;431;46;1;7;7;commercial;10
магазин в вк;1000000;3;12;6076;46;1;7;7;commercial;1
как купить виртуальную сим карту;1000000;5;32;227;46;1;7;7;commercial;1
вконтакте вход моя страница войти без пароля сразу;3000000;8;50;4024;46;1;7;7;commercial;1
вишлист на день рождения онлайн бесплатно;3000000;6;41;255;45;1;7;7;commercial;4
массовая рассылка писем по e mail;1000000;6;33;73;45;1;7;7;commercial;1
нейросеть улучшает качество фото бесплатно;2000000;5;42;3326;45;1;7;7;commercial;2
создать эл почту яндекс регистрация бесплатно;3000000;6;45;51;44;1;7;7;commercial;1
менеджеры маркетплейсов;162000;2;23;66897;44;1;7;7;commercial;1
как добавить свой магазин на яндекс карту;2000000;7;41;63;44;1;7;7;commercial;1
переводчик с английского на русский онлайн с камеры телефона бесплатно;2000000;10;70;17032;44;1;7;7;commercial;4
смотреть истории бесплатно;2000000;3;26;278622;44;1;7;7;commercial;1
курсы по инфографике для маркетплейсов бесплатно;2000000;6;48;400;44;1;7;7;commercial;1
запись видео с ютуба на компьютер бесплатно;3000000;7;43;64;43;1;7;7;commercial;19
завести почтовый ящик на яндексе регистрация бесплатно;2000000;7;54;56;43;1;7;7;commercial;1
онлайн бухгалтерия бесплатно;2000000;3;28;2067;43;1;7;7;commercial;4
модели бизнеса;673000;2;14;32054;43;1;7;7;commercial;1
отработка возражений в продажах по телефону;1000000;6;43;77;43;1;7;7;commercial;1
дизайн комнаты программа бесплатно;2000000;4;34;1340;43;1;7;7;commercial;1
сервис хуиз;64000;2;11;44;43;1;7;7;commercial;1
файловые менеджеры для андроид;260000;4;30;4996;42;1;7;7;commercial;1
составить бизнес план для открытия собственного дела образец;2000000;8;60;71;42;1;7;7;commercial;7
интересные видео на ютубе на разные темы бесплатно;3000000;8;50;58;42;1;7;7;commercial;1
купить рекламу телеграмм;10000;3;24;2112;42;1;7;7;commercial;1
как получить грант на бизнес от государства;2000000;7;43;906;41;1;7;7;commercial;1
как войти в вк если забыл пароль;2000000;7;32;349;41;1;7;7;commercial;1
открыть новую почту на яндексе регистрация бесплатно;901000;7;52;72;41;1;7;7;commercial;1
тг каналы про бизнес;2000000;4;20;190;41;1;7;7;commercial;1
вход в вк моя страница без пароля и логина;2000000;9;42;2753;40;1;7;7;commercial;1
зарегистрировать почту в яндексе бесплатно;2000000;5;42;44;40;1;7;7;commercial;1
где купить по фото;2000000;4;18;581;40;1;7;7;commercial;2
who is сервис;1000000;3;13;62;40;1;7;7;commercial;1
бизнес модели какие бывают;1000000;4;26;94;39;1;7;7;commercial;1
нейронка для логотипов бесплатно;1000000;4;32;161;39;1;7;7;commercial;1
оферта это в гражданском праве;1000000;5;30;53;39;1;7;7;commercial;1
зарегистрироваться на почте яндекс бесплатно;2000000;5;44;397;39;1;7;7;commercial;1
телеграмм бот создать бесплатно;2000000;4;31;3481;38;1;7;7;commercial;1
чат джипити 4 бесплатно;3000000;4;23;87;38;1;7;7;commercial;1
создать сайт интернет магазин;3000000;4;29;1183;38;1;7;7;commercial;1
заказное онлайн отправить;2000000;3;25;2179;38;1;7;7;commercial;4
интернет магазин сайт создать;2000000;4;29;1160;37;1;7;7;commercial;1
вконтакте моя страница войти без пароля и логина бесплатно прямо сейчас;4000000;11;71;52;37;1;7;7;commercial;1
войти как инкогнито в яндекс;2000000;5;28;1049;37;1;7;7;commercial;1
оутлуку почта войти;2000000;3;19;1277;37;1;7;7;commercial;1
определить шрифт по картинке бесплатно;2000000;5;38;115;37;1;7;7;commercial;1
почта яндекс создать почтовый ящик регистрация бесплатно;3000000;7;56;2072;36;1;7;7;commercial;1
субсидии для малого бизнеса на что можно потратить;2000000;8;50;54;36;1;7;7;commercial;1
как придумать название магазина;832000;4;31;487;36;1;7;7;commercial;1
выбрать победителя по комментариям в инстаграм бесплатно;2000000;7;56;51;35;1;7;7;commercial;1
курс инфографика для маркетплейсов бесплатно;2000000;5;44;575;36;1;7;7;commercial;1
ютуб канал бесплатно;3000000;3;20;4915;35;1;7;7;commercial;1
переводчик с английского на русский с телефона через камеру бесплатно онлайн;3000000;11;76;16650;35;1;7;7;commercial;4
цеховая себестоимость это;2000000;3;25;93;35;1;7;7;commercial;1
сервисы для рассылок;880000;3;20;2780;35;1;7;7;commercial;1
анкетирование онлайн бесплатно создать;2000000;4;38;38;35;1;7;7;commercial;4
онлайн переводчик с английского на русский по картинке бесплатно через камеру;3000000;11;77;40;35;1;7;7;commercial;4
видео переводчик с английского на русский с камеры телефона онлайн бесплатно;2000000;11;76;46;35;1;7;7;commercial;4
оформить письмо онлайн почта россии заказное;3000000;6;44;51;35;1;7;7;commercial;4
создать онлайн анкетирование бесплатно;2000000;4;38;37;34;1;7;7;commercial;4
создать почту на яндекс ру зарегистрироваться бесплатно;3000000;7;55;56;35;1;7;7;commercial;1
заказное точка почта ру;2000000;4;23;99;34;1;7;7;commercial;1
переводчик с китайского на русский с камеры телефона онлайн бесплатно онлайн без регистрации;3000000;13;92;217;34;1;7;7;commercial;4
сделать почту на яндексе регистрация бесплатно;3000000;6;46;56;34;1;7;7;commercial;1
что значит оборот в бизнесе;1000000;5;27;48;34;1;7;7;commercial;1
вк моя страница войти без пароля и логина бесплатно;3000000;9;51;558;34;1;7;7;commercial;1
как взять денег у государства на бизнес;2000000;7;39;576;34;1;7;7;commercial;1
создать магазин онлайн;2000000;3;22;899;33;1;7;7;commercial;4
яндекс документы вход в личный кабинет;2000000;6;38;139;33;1;7;7;commercial;1
как заказать рекламу в телеграмме;9000;5;33;71;33;1;7;7;commercial;1
перевести с немецкого на русский по фото с телефона бесплатно;3000000;10;61;61;33;1;7;7;commercial;2
нейросети для создания текстов бесплатно;2000000;5;40;4184;33;1;7;7;commercial;1
помощь для бизнеса от государства;2000000;5;33;638;33;1;7;7;commercial;1
сайт с заказами для фрилансеров;161000;5;31;117;32;1;7;7;commercial;1
бизнес аналитик что должен знать;97000;5;32;67;32;1;7;7;commercial;1
ретушировать лицо на фото онлайн бесплатно;3000000;6;42;36;32;1;7;7;commercial;4
как добавить свой бизнес в яндекс карты;1000000;7;39;50;32;1;7;7;commercial;1
канбан доска онлайн на русском бесплатно;3000000;6;40;32;32;1;7;7;commercial;4
создать квиз бесплатно;2000000;3;22;377;32;1;7;7;commercial;1
регистрация электронной почты на яндексе бесплатно;3000000;6;50;803;32;1;7;7;commercial;1
купить по фото в интернете;2000000;5;26;400;32;1;7;7;commercial;2
как получить субсидию от государства на развитие бизнеса;2000000;8;56;116;32;1;7;7;commercial;1
помощь в бизнесе от государства;2000000;5;31;2278;31;1;7;7;commercial;1
оферта что означает;276000;3;19;880;31;1;7;7;commercial;1
перевести с английского на русский онлайн по фото телефона бесплатно;3000000;10;68;754;31;1;7;7;commercial;2
создать бот в тг бесплатно;716000;5;26;1563;31;1;7;7;commercial;1
литрес подписка яндекс плюс;386000;4;27;138;31;1;7;7;commercial;1
дизайн бесплатно;2000000;2;16;87839;31;1;7;7;commercial;1
обязанности менеджера маркетплейса;245000;3;34;805;31;1;7;7;commercial;1
программы по очистке компьютера от мусора бесплатно на русском;2000000;9;62;41;30;1;7;7;commercial;1
английский язык изучение самостоятельно бесплатно;2000000;5;49;1769;31;1;7;7;commercial;1
создать баннер для озон онлайн бесплатно;2000000;6;40;30;30;1;7;7;commercial;4
как назвать компанию для успеха в продажах;1000000;7;42;39;30;1;7;7;commercial;1
создать одностраничный сайт бесплатно самому;3000000;5;44;176;30;1;7;7;commercial;1
создать анкету онлайн для опроса бесплатно;2000000;6;42;57;30;1;7;7;commercial;4
найти по фото товар в интернет магазине;2000000;7;39;49;30;1;7;7;commercial;2
сервис оплаты;1000000;2;13;29072;30;1;7;7;commercial;1
удаленный доступ к компьютеру программы бесплатно;2000000;6;49;1051;30;1;7;7;commercial;1
как отправить электронное заказное письмо через госуслуги;994000;7;57;34;29;1;7;7;commercial;1
переводчик с английского на русский онлайн по камере телефона бесплатно;3000000;10;71;16774;29;1;7;7;commercial;4
регистрация в яндексе электронной почты;2000000;5;39;155;29;1;7;7;commercial;1
sms сервисы;871000;2;11;1640;29;1;7;7;commercial;1
маркетинг обучение с нуля бесплатно;2000000;5;35;142;29;1;7;7;commercial;1
курьерские службы для интернет магазинов;2000000;5;40;136;29;1;7;7;commercial;1
как получить помощь от государства на открытие бизнеса;2000000;8;54;136;28;1;7;7;commercial;1
перевести на русский по фото с телефона онлайн бесплатно без регистрации;3000000;11;72;142;28;1;7;7;commercial;2
постоплата и предоплата;82000;3;23;481;28;1;7;7;commercial;1
бизнес план на открытие пвз озон;1000000;6;32;96;28;1;7;7;commercial;1
регистрация электронной почты яндекс;2000000;4;36;1863;28;1;7;7;commercial;1
яндекс регистрация аккаунта почта;2000000;4;33;558;28;1;7;7;commercial;1
электронная почта регистрация с телефона бесплатно;3000000;6;50;421;28;1;7;7;commercial;1
моя страница вконтакте войти прямо на страницу без пароля и логина бесплатно;3000000;12;76;377;28;1;7;7;commercial;1
создать бот в телеграмме на русском бесплатно;3000000;7;45;245;28;1;7;7;commercial;1
регистрация почты на яндекс;2000000;4;27;3091;28;1;7;7;commercial;1
телеграмм для бизнеса возможности;6000;4;33;44;28;1;7;7;commercial;1
определить победителя в вк по репостам бесплатно;2000000;7;48;28;28;1;7;7;commercial;1
менеджер маркетплейсов что такое;822000;4;32;294;28;1;7;7;commercial;9
подарок партнеру по бизнесу;2000000;4;27;371;28;1;7;7;commercial;2
маркетинг обучение бесплатно с нуля онлайн;2000000;6;42;54;28;1;7;7;commercial;4
контакты моя страница войти на свою страницу без пароля и логина;3000000;11;64;548;28;1;7;7;commercial;1
ссылка для скачивания с ютуба бесплатно;2000000;6;39;125;27;1;7;7;commercial;1
приложение для фотошопа на телефон бесплатно;2000000;6;44;159;27;1;7;7;commercial;1
skillbox тест на профориентацию бесплатно;2000000;5;41;34;27;1;7;7;commercial;1
программа для планировки помещений бесплатно;2000000;5;44;70;27;1;7;7;commercial;1
создать электронный адрес на яндексе бесплатно;2000000;6;46;100;27;1;7;7;commercial;1
яндекс бизнес рекламный кабинет;1000000;4;31;84;27;1;7;7;commercial;1
гранты от государства на бизнес;1000000;5;31;2323;27;1;7;7;commercial;1
поставить точку на яндекс карте бесплатно;1000000;6;41;63;27;1;7;7;commercial;1
истинные и ложные возражения в продажах;608000;6;39;43;27;1;7;7;commercial;1
гугл тест создать онлайн бесплатно;3000000;5;34;75;27;1;7;7;commercial;4
chatgpt в россии бесплатно;2000000;4;26;383;26;1;7;7;commercial;1
как создать магазин вк;1000000;4;22;364;26;1;7;7;commercial;1
сервис онлайн опросов;2000000;3;21;548;26;1;7;7;commercial;4
таблицы гугл войти таблица;2000000;4;26;3815;26;1;7;7;commercial;1
статистика яндекс бизнес;1000000;3;24;178;26;1;7;7;commercial;1
как купить никнейм в телеграмме;2000000;5;31;33;26;1;7;7;commercial;1
как войти инкогнито;2000000;3;19;2550;26;1;7;7;commercial;1
равновесная цена и спрос зависимость;830000;5;36;138;26;1;7;7;commercial;1
сайт для онлайн записи клиентов бесплатно;3000000;6;41;33;26;1;7;7;commercial;4
как прописывается самозанятый в договоре;362000;5;40;67;26;1;7;7;commercial;1
определить вещь по фото онлайн бесплатно;3000000;6;40;28;26;1;7;7;commercial;2
смотреть сторис онлайн анонимно без регистрации бесплатно;3000000;7;57;3733;26;1;7;7;commercial;4
рекламный кабинет яндекс бизнес;1000000;4;31;86;26;1;7;7;commercial;1
гугл таблицы регистрация;2000000;3;24;197;26;1;7;7;commercial;1
почта яндекс создать почтовый ящик регистрация бесплатно на русском языке;3000000;10;73;65;25;1;7;7;commercial;1
сделать бота в тг бесплатно;2000000;5;27;511;25;1;7;7;commercial;11
сервис для рассылки смс по своей базе;1000000;7;37;26;25;1;7;7;commercial;1
как отправить заказное письмо с уведомлением через госуслуги;1000000;8;60;29;25;1;7;7;commercial;1
создать чат бота бесплатно;2000000;4;26;1578;25;1;7;7;commercial;1
сколько заказных писем можно отправить за один раз на почте;351000;10;59;32;25;1;7;7;commercial;1
перевод с корейского на русский по фото с телефона онлайн бесплатно;3000000;11;67;41;25;1;7;7;commercial;2
какие данные самозанятого нужны для договора;2000000;6;44;151;25;1;7;7;commercial;1
категории менеджеров;749000;2;20;1536;25;1;7;7;commercial;1
улучшить качество лица на фото онлайн бесплатно;3000000;7;47;28;24;1;7;7;commercial;4
рассылка коммерческих предложений по электронной почте;1000000;6;54;45;24;1;7;7;commercial;1
зарегистрироваться в яндекс почте бесплатно онлайн;3000000;6;50;39;24;1;7;7;commercial;4
фрипик бесплатно на русском;2000000;4;27;164;24;1;7;7;commercial;1
как работает яндекс бизнес реклама;2000000;5;34;172;24;1;7;7;commercial;1
гранты от государства на открытие бизнеса;1000000;6;41;999;24;1;7;7;commercial;1
дизайн договора;913000;2;15;3397;24;1;7;7;commercial;1
опрос онлайн создать бесплатно с результатами;2000000;6;45;59;24;1;7;7;commercial;4
закупить рекламу в телеграм;11000;4;27;127;24;1;7;7;commercial;1
как рассчитывается стоимость привлечения клиента;65000;5;48;44;23;1;7;7;commercial;1
таблицы для ведения бизнеса;977000;4;27;252;24;1;7;7;commercial;1
trello вход в личный кабинет;1000000;5;28;28;23;1;7;7;commercial;1
бизнес форумы москва;2000000;3;20;1459;23;1;7;7;commercial;1
в чем заключается работа менеджера маркетплейсов;1000000;6;48;126;23;1;7;7;commercial;1
как описать бизнес процесс;1000000;4;26;497;23;1;7;7;commercial;1
оформление бизнес плана;1000000;3;23;725;23;1;7;7;commercial;1
сервис супа;1000000;2;11;256;23;1;7;7;commercial;1
сервис для инфографики;910000;3;22;330;23;1;7;7;commercial;1
сервисы психологической помощи;2000000;3;30;276;23;1;7;7;commercial;1
оферта что;2000000;2;10;34970;23;1;7;7;commercial;1
задачи смм менеджера;362000;3;20;60;23;1;7;7;commercial;1
vk com войти на мою страницу без пароля и логина по номеру телефона моя страница;3000000;15;80;331;23;1;7;7;commercial;1
менеджер активных продаж это;779000;4;28;56;23;1;7;7;commercial;1
завести электронную почту на яндексе бесплатно на телефон;2000000;8;57;153;23;1;7;7;commercial;1
программа для планировки квартиры бесплатно на русском;3000000;7;54;147;23;1;7;7;commercial;1
разместить организацию на яндекс картах бесплатно;3000000;6;49;41;22;1;7;7;commercial;1
интернет магазин в вк как создать;2000000;6;33;43;22;1;7;7;commercial;1
бесплатное приложение для планировки квартиры;2000000;5;45;188;22;1;7;7;commercial;1
создать почту на яндекс бесплатно;2000000;5;33;7924;22;1;7;7;commercial;1
заказать рекламу у блоггеров;2000000;4;28;55;22;1;7;7;commercial;1
единый кабинет для маркетплейсов;1000000;4;32;35;22;1;7;7;commercial;1
что должен уметь менеджер маркетплейсов;800000;5;39;55;22;1;7;7;commercial;1
психолог онлайн сервис;2000000;3;22;478;22;1;7;7;commercial;4
государство дает деньги на открытие бизнеса;2000000;6;43;403;22;1;7;7;commercial;1
условия оплаты постоплата как прописать в договоре;1000000;7;50;26;21;1;7;7;commercial;1
договора с самозанятыми на что обратить внимание;4000;7;48;48;21;1;7;7;commercial;1
яндекс таблицы онлайн войти;3000000;4;27;21;21;1;7;7;commercial;4
стоковые фото бесплатно для коммерческого использования;2000000;6;55;45;21;1;7;7;commercial;1
магазин логотип;1000000;2;15;11608;21;1;7;7;commercial;1
договор о неразглашении nda;441000;4;27;111;21;1;7;7;commercial;1
менеджер по маркетплейсам обязанности;285000;4;37;247;21;1;7;7;commercial;1
помощь на бизнес от государства как получить;2000000;7;44;700;21;1;7;7;commercial;1
сделать инфографику бесплатно;2000000;3;29;595;21;1;7;7;commercial;11
делать анимации бесплатно;2000000;3;25;510;21;1;7;7;commercial;1
категорийные менеджеры;120000;2;22;6576;21;1;7;7;commercial;1
моя страница в контакте войти без пароля;2000000;7;40;10519;21;1;7;7;commercial;1
обучение на маркетолога бесплатно;2000000;4;33;80;21;1;7;7;commercial;1
что такое cr в продажах;466000;5;23;28;20;1;7;7;commercial;9
кто такой пр менеджер;230000;4;21;26;20;1;7;7;commercial;12
рассылка смс цена;1000000;3;17;112;20;1;7;7;commercial;1
как переключить аккаунт на бизнес;1000000;5;33;1270;20;1;7;7;commercial;1
google tag manager войти;2000000;4;24;25;20;1;7;7;commercial;1
сервис gamma;2000000;2;12;300;20;1;7;7;commercial;1
гугл таблицы бесплатно;2000000;3;22;2318;20;1;7;7;commercial;1
как отправить письмо через почту россии через личный кабинет;2000000;9;60;135;20;1;7;7;commercial;1
какие существуют бизнес модели;616000;4;30;83;20;1;7;7;commercial;1
программа для очистки пк бесплатно;2000000;5;34;548;20;1;7;7;commercial;1
бизнес телеграм каналы;10000;3;22;1613;20;1;7;7;commercial;1
если растет спрос то равновесная цена;628000;6;37;34;19;1;7;7;commercial;1
какие есть менеджеры для общения;2000000;5;32;42;19;1;7;7;commercial;1
фотошоп в айфоне бесплатно;2000000;4;26;44;19;1;7;7;commercial;1
behance регистрация;2000000;2;19;48;19;1;7;7;commercial;1
как создать магазин в вк по шагово;2000000;7;34;37;19;1;7;7;commercial;1
заказать email рассылку;2000000;3;23;96;19;1;7;7;commercial;1
создать свой интернет магазин бесплатно самому;3000000;6;46;27;19;1;7;7;commercial;1
моя страница вконтакте войти прямо на страницу без пароля и логина бесплатно без регистрации войти;2000000;15;98;20;19;1;7;7;commercial;1
заказные письма госуслуги;724000;3;25;1859;19;1;7;7;commercial;10
создать аккаунт яндекс почта новый регистрация на сайте бесплатно;3000000;9;65;19;19;1;7;7;commercial;1
программа для анимации бесплатно;2000000;4;32;2308;19;1;7;7;commercial;1
блокировать рекламу в гугл хром бесплатно;2000000;6;41;19;19;1;7;7;commercial;1
войти по кьюар коду;2000000;4;19;1461;19;1;7;7;commercial;1
эмблема магазина;487000;2;16;1539;19;1;7;7;commercial;1
программы для дизайна квартиры бесплатно;2000000;5;40;1927;19;1;7;7;commercial;0
мл магазин;991000;2;10;2457;19;1;7;7;commercial;1
менеджер рекламы;1000000;2;16;9801;19;1;7;7;commercial;1
логин для почты яндекс придумать;1000000;5;32;100;19;1;7;7;commercial;1
почта россии электронное заказное;2000000;4;33;8494;19;1;7;7;commercial;1
онлайн переводчик по фото с английского на русский онлайн бесплатно яндекс телефона через камеру;3000000;14;96;41;19;1;7;7;commercial;4
регистрация на почте яндекс бесплатно;2000000;5;37;2050;19;1;7;7;commercial;1
сделать карточку товара онлайн бесплатно;2000000;5;40;71;19;1;7;7;commercial;4
как переключиться на бизнес аккаунт в инстаграме;1000000;7;48;413;19;1;7;7;commercial;1
договор на постоплату;307000;3;21;378;19;1;7;7;commercial;1
менеджеры которые отвечают за реализацию конкретных задач и проектов;1000000;9;68;59;19;1;7;7;commercial;1
опросник сделать онлайн бесплатно;2000000;4;33;56;18;1;7;7;commercial;4
обучение гугл таблицам бесплатно на русском;3000000;6;43;28;18;1;7;7;commercial;1
контакт моя страница войти на свою страницу без пароля и логина мобильная;2000000;12;73;48;18;1;7;7;commercial;1
техники отработки возражений в продажах;601000;5;39;43;18;1;7;7;commercial;1
менеджер паролей для бизнеса;1000000;4;28;31;18;1;7;7;commercial;1
записать видео с ютуба на компьютер бесплатно;3000000;7;45;34;18;1;7;7;commercial;19
определить шрифт онлайн с картинки бесплатно на русском;2000000;8;55;18;18;1;7;7;commercial;4
зачем бизнес план нужен;1000000;4;23;43;18;1;7;7;commercial;1
бизнес модель как составить;1000000;4;27;103;18;1;7;7;commercial;7
просмотр сторис онлайн бесплатно;2000000;4;32;748;18;1;7;7;commercial;4
дорожная карта бизнеса;2000000;3;22;788;18;1;7;7;commercial;1
предоплата или постоплата;58000;3;25;329;18;1;7;7;commercial;1
если спрос уменьшается то равновесная цена;616000;6;42;69;18;1;7;7;commercial;1
вк моя страница открыть сразу мою страницу без пароля и логина в контакте;1000000;13;73;260;18;1;7;7;commercial;1
распознать по фото онлайн бесплатно без регистрации предмет;2000000;8;59;120;18;1;7;7;commercial;2
сервисы рассылки;835000;2;16;7856;18;1;7;7;commercial;1
заказное письмо госуслуги;1000000;3;25;1859;18;1;7;7;commercial;1
обязанности smm менеджера;494000;3;25;78;18;1;7;7;commercial;1
регистрация компании на яндекс картах;2000000;5;37;27;18;1;7;7;commercial;1
вконтакте вход на мою страницу войти сразу без пароля и логина в контакте;3000000;13;73;2661;18;1;7;7;commercial;1
лучший файловый менеджер для android;2000000;5;36;55;18;1;7;7;commercial;1
постоплата или предоплата;70000;3;25;329;18;1;7;7;commercial;1
бесплатный почтовый сервис;2000000;3;26;757;18;1;7;7;commercial;1
онлайн опросы бесплатно;2000000;3;23;1889;18;1;7;7;commercial;4
распознать предмет по фото онлайн бесплатно без регистрации на русском;3000000;10;70;18;18;1;7;7;commercial;2
трафик менеджер что делает;657000;4;26;34;17;1;7;7;commercial;1
стоимость открытия пункта выдачи вайлдберриз;810000;5;44;34;17;1;7;7;commercial;1
crm стратегия;297000;2;13;203;17;1;7;7;commercial;1
стоимость привлечения клиента формула;634000;4;37;31;17;1;7;7;commercial;1
api отправка смс;459000;3;16;152;17;1;7;7;commercial;1
перевести с английского на русский фото с телефона через камеру бесплатно;3000000;11;73;1807;17;1;7;7;commercial;2
онлайн перевод через камеру телефона онлайн бесплатно;3000000;7;53;3721;17;1;7;7;commercial;4
что нужно для получения денег на открытие бизнеса от государства;2000000;10;64;21;17;1;7;7;commercial;1
гугл тег менеджер войти;3000000;4;23;21;17;1;7;7;commercial;1
раскрутка телеграмм канала живыми подписчиками бесплатно;8000;6;56;32;17;1;7;7;commercial;1
программа для интерьера квартиры бесплатно;2000000;5;42;512;17;1;7;7;commercial;1
фотошоп на айфоне бесплатно;2000000;4;27;934;17;1;7;7;commercial;1
переводчик с французского на русский по фото онлайн бесплатно без регистрации по фото через камеру;3000000;15;98;17;17;1;7;7;commercial;2
сервис рассылки писем;955000;3;21;594;17;1;7;7;commercial;1
оферта или аферта как;280000;4;21;71;17;1;7;7;commercial;1
какие почтовые сервисы существуют;394000;4;33;104;17;1;7;7;commercial;1
база фотографий бесплатно;2000000;3;25;93;17;1;7;7;commercial;1
отправка смс api;502000;3;16;149;17;1;7;7;commercial;1
про кабинет;1000000;2;11;46088;16;1;7;7;commercial;1
заказное письмо почта ру;2000000;4;24;183;16;1;7;7;commercial;1
что такое оплата инвойса;291000;4;24;113;16;1;7;7;commercial;9
заработать бесплатно;2000000;2;20;27076;16;1;7;7;commercial;5
как сделать сайт интернет магазин;2000000;5;33;169;16;1;7;7;commercial;11
вхоис сервис;1000000;2;12;16;16;1;7;7;commercial;1
смотреть сторис онлайн бесплатно;2000000;4;32;5169;16;1;7;7;commercial;4
письмо с уведомлением о вручении цена почта россии;2000000;8;50;81;16;1;7;7;commercial;1
завести эл почту в яндексе бесплатно;2000000;6;36;17;16;1;7;7;commercial;1
бизнес для бизнеса b2b;3000000;4;22;494;16;1;7;7;commercial;1
нейросети для генерации изображений бесплатно на русском;2000000;7;56;6301;16;1;7;7;commercial;1
api для отправки смс;444000;4;20;46;16;1;7;7;commercial;1
фотосток бесплатно без регистрации;2000000;4;34;399;16;1;7;7;commercial;1
как создать магазин в вк по шагово и продвигать;2000000;9;47;16;16;1;7;7;commercial;1
сайты для создания 3д моделей бесплатно;3000000;6;39;48;16;1;7;7;commercial;1
сервисы для проведения опросов;1000000;4;30;223;16;1;7;7;commercial;1
яндекс переводчик по фото с китайского на русский по фото онлайн бесплатно;3000000;12;74;183;16;1;7;7;commercial;2
контакт моя страница вход на мою страницу без пароля войти;3000000;10;58;8081;15;1;7;7;commercial;1
электронная почта яндекс регистрация бесплатно с телефона создать почтовый ящик на яндексе бесплатно;3000000;13;100;34;15;1;7;7;commercial;1
описание бизнес процессов организации;1000000;4;37;281;15;1;7;7;commercial;1
linkedin личный кабинет;31000;3;23;191;15;1;7;7;commercial;1
как сделать онлайн магазин;2000000;4;26;331;15;1;7;7;commercial;11
написать себе письмо в будущее бесплатно;2000000;6;40;42;15;1;7;7;commercial;1
аналоги фотошопа бесплатно;2000000;3;26;1275;15;1;7;7;commercial;1
лпр расшифровка в продажах;567000;4;26;317;15;1;7;7;commercial;1
программа для создания интерьера бесплатно;2000000;5;42;787;15;1;7;7;commercial;1
бесплатная рассылка смс;2000000;3;23;672;15;1;7;7;commercial;1
картинки для коммерческого использования бесплатно;2000000;5;50;305;15;1;7;7;commercial;1
государственное финансирование малого бизнеса;1000000;4;45;89;15;1;7;7;commercial;1
как считать выручку от продаж в магазине;868000;7;40;19;15;1;7;7;commercial;1
yclients интеграция;45000;2;19;477;15;1;7;7;commercial;1
должностная инструкция менеджера маркетплейсов образец;405000;5;54;29;15;1;7;7;commercial;1
лпр в продажах расшифровка;458000;4;26;301;15;1;7;7;commercial;1
написать письмо себе в будущее бесплатно;2000000;6;40;42;15;1;7;7;commercial;1
как купить левый номер;999000;4;22;57;15;1;7;7;commercial;1
как войти в телеграм без кода подтверждения;2000000;7;43;55;14;1;7;7;commercial;1
какие есть бизнес модели;2000000;4;24;171;14;1;7;7;commercial;1
приложение менеджер паролей;1000000;3;27;209;14;1;7;7;commercial;1
сервис с психологами;2000000;3;20;209;14;1;7;7;commercial;1
бизнес ютуб;2000000;2;11;1544;14;1;7;7;commercial;1
регистрация на rutube;1000000;3;21;2583;14;1;7;7;commercial;1
конкуренция в бизнесе;808000;3;21;1153;14;1;7;7;commercial;1
отправить заказное письмо через госуслуги;1000000;5;41;258;14;1;7;7;commercial;1
войти в вк по номеру телефона без пароля на свою страницу;3000000;11;57;198;14;1;7;7;commercial;1
база фотографий высокого разрешения бесплатно;2000000;5;45;16;14;1;7;7;commercial;1
самозанятый как писать в договоре;712000;5;33;194;14;1;7;7;commercial;1
как войти в режиме инкогнито;2000000;5;28;1590;14;1;7;7;commercial;1
как зайти в контакт на свою страницу без пароля и логина с телефона;2000000;13;67;34;14;1;7;7;commercial;1
стоковые сайты картинок бесплатно;3000000;4;33;25;14;1;7;7;commercial;1
как создать бизнес план для малого бизнеса;2000000;7;42;55;14;1;7;7;commercial;1
онлайн переводчик с английского на русский через камеру без скачивания бесплатно;3000000;11;80;1416;14;1;7;7;commercial;4
провести онлайн опрос бесплатно;2000000;4;31;17;14;1;7;7;commercial;4
заказное письмо в электронном виде почта россии;1000000;7;47;551;14;1;7;7;commercial;1
создание магазина в вк;1000000;4;22;38;13;1;7;7;commercial;1
создать анкету бесплатно;2000000;3;24;1061;13;1;7;7;commercial;1
сайт для создания опросов бесплатно;3000000;5;35;21;13;1;7;7;commercial;1
чат для сайта бесплатно;3000000;4;23;319;13;1;7;7;commercial;1
бизнес модель виды;1000000;3;18;729;13;1;7;7;commercial;17
трудовой договор между ип и самозанятым;497000;6;39;28;13;1;7;7;commercial;1
сервисы для онлайн записи клиентов;2000000;5;34;211;13;1;7;7;commercial;4
вконтакте моя страница войти на мою страницу без пароля и логина бесплатно;3000000;12;74;2410;13;1;7;7;commercial;1
gpt 4 бесплатно онлайн;3000000;4;22;128;13;1;7;7;commercial;4
телеграм для бизнеса как установить;9000;5;35;18;13;1;7;7;commercial;1
функции менеджера проекта;1000000;3;25;785;13;1;7;7;commercial;1
электронные заказные письма что это;475000;5;35;528;13;1;7;7;commercial;10
создать почту на яндекс регистрация бесплатно электронную;3000000;7;57;519;13;1;7;7;commercial;1
майнд карты бесплатно;2000000;3;21;485;13;1;7;7;commercial;1
типы покупателей в магазине;840000;4;27;511;13;1;7;7;commercial;1
как оформить заказное письмо на сайте почты россии и оплатить в отделении;3000000;12;73;13;13;1;7;7;commercial;1
создать презентацию бесплатно powerpoint;2000000;4;40;300;13;1;7;7;commercial;1
создать html письмо онлайн бесплатно;2000000;5;36;13;13;1;7;7;commercial;4
конкурентная оплата труда что это;396000;5;33;14;13;1;7;7;commercial;16
реакция телеграмм;10000;2;17;61410;13;1;7;7;commercial;1
программа для дизайна помещения 3d бесплатно;4000000;6;44;19;13;1;7;7;commercial;1
проверить сайт на посещаемость онлайн бесплатно;3000000;6;47;20;13;1;7;7;commercial;4
моя страница в вк войти прямо на страницу без пароля и логина;3000000;12;61;15;13;1;7;7;commercial;1
лучший файловый менеджер андроид;2000000;4;32;444;13;1;7;7;commercial;1
войти в телеграмм по смс на телефон;3000000;7;35;106;13;1;7;7;commercial;1
курьерская доставка для интернет магазинов;2000000;5;42;105;13;1;7;7;commercial;1
дизайн квартиры программа бесплатно;2000000;4;35;2987;12;1;7;7;commercial;1
смм менеджер обязанности и функции;629000;5;34;17;12;1;7;7;commercial;1
маркетплейс менеджер это;2000000;3;24;2042;13;1;7;7;commercial;1
шаблоны документов для бизнеса;1000000;4;30;48;13;1;7;7;commercial;1
купить рекламу в тг канал;1000000;5;25;430;12;1;7;7;commercial;1
фото с фильтрами для iphone бесплатно приложения;2000000;7;48;22;12;1;7;7;commercial;2
создать электронную почту yandex ru зарегистрироваться бесплатно;2000000;7;64;12;12;1;7;7;commercial;1
создание опросов онлайн бесплатно;2000000;4;33;63;12;1;7;7;commercial;4
емейл почта регистрация;2000000;3;23;120;12;1;7;7;commercial;1
виртуальный номер подключить бесплатно;665000;4;38;113;12;1;7;7;commercial;1
я в контакте моя страница вход без логина и пароля войти на мою страницу вконтакте;3000000;15;82;12;12;1;7;7;commercial;1
совокупность бизнес процессов связанных одной конечной целью сбыт продукции и получение прибыли;2000000;12;95;14;12;1;7;7;commercial;1
квиз сделать бесплатно;2000000;3;22;180;12;1;7;7;commercial;11
сервисы смс рассылки;1000000;3;20;839;12;1;7;7;commercial;1
как работает интернет магазин подробно;2000000;5;38;12;12;1;7;7;commercial;1
придумать название для магазина;816000;4;31;1134;12;1;7;7;commercial;1
надеемся на взаимовыгодное сотрудничество письмо;530000;5;48;51;12;1;7;7;commercial;1
планировка квартиры программа бесплатно;2000000;4;39;1148;12;1;7;7;commercial;1
создать почту яндекс ру бесплатно;2000000;5;33;186;12;1;7;7;commercial;1
fragment купить номер;1000000;3;21;84;12;1;7;7;commercial;1
бизнес модель компании это;1000000;4;26;781;12;1;7;7;commercial;1
службы доставки для интернет магазинов;2000000;5;38;255;12;1;7;7;commercial;1
войти а телеграмм;6000;3;17;707;12;1;7;7;commercial;1
раскрутка канала ютуб бесплатно;2000000;4;31;16;12;1;7;7;commercial;1
войти в режиме инкогнито яндекс;2000000;5;31;707;12;1;7;7;commercial;1
сервисы для аналитики соцсетей;1000000;4;30;20;12;1;7;7;commercial;1
сервис для опросов;884000;3;18;1096;12;1;7;7;commercial;1
получить деньги от государства на открытие бизнеса безвозмездно;1000000;8;63;286;12;1;7;7;commercial;1
cr в продажах;403000;3;13;373;12;1;7;7;commercial;1
отправка заказного письма почта россии в электронном виде;2000000;8;57;386;12;1;7;7;commercial;10
регистрация яндекс почта новый ящик;3000000;5;35;4347;12;1;7;7;commercial;1
это платная услуга;2000000;3;18;5321;12;1;7;7;commercial;18
программа для дизайна бесплатно;2000000;4;31;10150;12;1;7;7;commercial;1
fragment купить;1000000;2;15;1634;12;1;7;7;commercial;1
переводчик онлайн с китайского на русский по камере бесплатно;3000000;9;61;1943;12;1;7;7;commercial;4
как войти в аккаунт в телеграмме без кода;3000000;8;41;155;12;1;7;7;commercial;1
chat gpt4 бесплатно;7000;3;19;37;11;1;7;7;commercial;1
шортс на ютубе смотреть онлайн бесплатно;3000000;6;40;45;11;1;7;7;commercial;4
корпоративный телеграмм аккаунт;1000000;3;31;35;11;1;7;7;commercial;1
облачные сервисы это что;3000000;4;24;242;11;1;7;7;commercial;1
как перевести инстаграм в бизнес профиль;1000000;6;40;83;11;1;7;7;commercial;1
магазин в вконтакте как сделать;2000000;5;31;17;11;1;7;7;commercial;11
вконтакте вход на страницу на мою без пароля и логина войти;3000000;11;59;5597;11;1;7;7;commercial;1
перевести с английского на русский по фото с телефона бесплатно онлайн переводчик;3000000;12;81;370;11;1;7;7;commercial;2
какие есть бизнес процессы;2000000;4;26;551;11;1;7;7;commercial;1
тильда сделать сайт бесплатно самому;3000000;5;36;36;11;1;7;7;commercial;1
создать опрос онлайн бесплатно с результатом;3000000;6;44;56;11;1;7;7;commercial;4
приложение файловый менеджер;860000;3;28;714;11;1;7;7;commercial;1
нейросеть которая рисует по словам бесплатно и без регистрации;3000000;9;62;11;11;1;7;7;commercial;1
как сделать ссылку короткой сервис сокращения ссылок;2000000;7;52;12;11;1;7;7;commercial;11
ансплэш картинки бесплатно;2000000;3;26;11;11;1;7;7;commercial;1
методы продвижения интернет магазина;102000;4;36;14;11;1;7;7;commercial;1
какие файловые менеджеры вы знаете;563000;5;34;20;11;1;7;7;commercial;1
онлайн чистка компьютера от мусора бесплатно;283000;6;44;13;11;1;7;7;commercial;4
создать канал на ютубе регистрация бесплатно прямо сейчас;4000000;8;57;13;11;1;7;7;commercial;1
доп продажа;1000000;2;11;4640;11;1;7;7;commercial;1
сервис для оплаты;1000000;3;17;8276;11;1;7;7;commercial;1
партнер в бизнесе;2000000;3;17;5729;11;1;7;7;commercial;1
анонимный просмотр историй в инстаграме бесплатно без регистрации;3000000;8;65;1915;11;1;7;7;commercial;1
из текста в аудио онлайн на русском бесплатно;3000000;8;45;411;11;1;7;7;commercial;4
какие бывают бизнес процессы в компании;1000000;6;39;12;11;1;7;7;commercial;1
бесплатные сервисы для записи клиентов;2000000;5;38;123;11;1;7;7;commercial;1
бизнес на телеграмм каналах;9000;4;27;117;11;1;7;7;commercial;1
что такое crm в маркетинге;276000;5;26;20;10;1;7;7;commercial;9
программа дизайн интерьера бесплатно для новичков;3000;6;49;51;10;1;7;7;commercial;1
что значит менеджер маркетплейсов;414000;4;33;34;10;1;7;7;commercial;1
идентификация по фото онлайн бесплатно;2000000;5;38;60;10;1;7;7;commercial;2
сервис для хранения паролей;2000000;4;27;61;10;1;7;7;commercial;1
электронная почта зарегистрироваться бесплатно через телефон;2000000;6;60;61;10;1;7;7;commercial;1
2 гис добавить организацию бесплатно;4000000;5;36;313;10;1;7;7;commercial;1
мой электронный адрес показать его на телефоне забыл пароль и логин;2000000;11;67;14;10;1;7;7;commercial;1
постоплата как прописать в договоре поставки;443000;6;44;26;10;1;7;7;commercial;1
smm менеджер должностная инструкция;583000;4;35;19;10;1;7;7;commercial;1
как купить и продать криптовалюту;700000;5;33;106;10;1;7;7;commercial;1
временная электронная почта без регистрации бесплатно;2000000;6;53;13;10;1;7;7;commercial;1
музыка с бесплатной лицензией для коммерческого использования;3000000;7;61;10;10;1;7;7;commercial;1
переводчик с камерой с английского на русский онлайн бесплатно;3000000;9;62;16607;10;1;7;7;commercial;4
программа для дизайнеров интерьера с возможностью визуализации бесплатно на русском;3000000;10;83;10;10;1;7;7;commercial;1
в контакте моя страница вход на мою страницу одноклассники вконтакте открыть без пароля и логина;2000000;15;96;10;10;1;7;7;commercial;1
почему работодателю выгодно текучка кадров;737000;5;42;10;10;1;7;7;commercial;1
государство дает деньги на бизнес;2000000;5;33;812;10;1;7;7;commercial;1
деньги у государства на бизнес;1000000;5;30;958;10;1;7;7;commercial;1
бесплатное приложение для анимации;2000000;4;34;1643;10;1;7;7;commercial;1
задачи менеджера проекта;584000;3;24;1057;10;1;7;7;commercial;1
бизнес модель организации;2000000;3;25;1199;10;1;7;7;commercial;1
создать электронную почту в яндексе бесплатно;2000000;6;45;465;10;1;7;7;commercial;1
crm интеграция с 1с;4000000;4;19;235;10;1;7;7;commercial;1
перевести с камеры телефона на русский онлайн бесплатно;3000000;8;55;481;10;1;7;7;commercial;4
сделать аватарку нейросетью бесплатно;2000000;4;37;430;10;1;7;7;commercial;11
сервисы для создания опросов;1000000;4;28;439;10;1;7;7;commercial;1
разница между себестоимостью и ценой;855000;5;36;186;10;1;7;7;commercial;1
контакт моя страница вход на мою страницу в контакте без логина;2000000;11;63;9927;10;1;7;7;commercial;1
сток фото бесплатно без авторских прав;3000000;6;38;57;10;1;7;7;commercial;1
как получить гранд на бизнес от государства безвозмездно;2000000;8;56;207;10;1;7;7;commercial;1
нейросети для создания логотипов бесплатно на русском;2000000;7;53;205;10;1;7;7;commercial;1
сервисы по рассылке смс;1000000;4;23;182;10;1;7;7;commercial;1
сервис для обмена файлами;1000000;4;25;108;10;1;7;7;commercial;1
условия постоплаты в договоре;134000;4;29;150;9;1;7;7;commercial;1
стоимость целевого действия;594000;3;27;275;9;1;7;7;commercial;1
genially регистрация на русском;2000000;4;31;19;9;1;7;7;commercial;1
контакт моя страница войти на свою страницу по номеру телефона без пароля;3000000;12;73;294;9;1;7;7;commercial;1
личный ый кабинет;906000;3;17;215;9;1;7;7;commercial;1
сервис supa бесплатно;1000000;3;21;17;9;1;7;7;commercial;1
сток фотографий без авторских прав бесплатно;2000000;6;44;17;9;1;7;7;commercial;1
заказное письмо через госуслуги в электронном виде;175000;7;50;44;9;1;7;7;commercial;1
дизайн проект приложение бесплатно;2000000;4;34;190;9;1;7;7;commercial;1
смотреть сториз в инстаграме анонимно бесплатно;2000000;6;47;27;9;1;7;7;commercial;1
функционал менеджера по маркетплейсам;192000;4;37;50;9;1;7;7;commercial;1
добавить объект на яндекс карты бесплатно;3000000;6;41;37;9;1;7;7;commercial;1
создание онлайн опроса бесплатно;2000000;4;32;63;9;1;7;7;commercial;4
корпоративный емайл;407000;2;19;58;9;1;7;7;commercial;1
как отправлять заказные письма от организации почта россии;2000000;8;58;56;9;1;7;7;commercial;10
навыки проджект менеджера;277000;3;25;65;9;1;7;7;commercial;1
сервис для создания диаграмм;823000;4;28;68;9;1;7;7;commercial;1
cms для интернет магазина бесплатные;2000000;5;36;33;9;1;7;7;commercial;1
дизайн программа бесплатно;2000000;3;26;16495;9;1;7;7;commercial;1
менеджером маркетплейсов;249000;2;24;66897;9;1;7;7;commercial;1
регистрация виртуального номера;2000000;3;31;3537;9;1;7;7;commercial;1
создай свой магазин;1000000;3;19;2735;9;1;7;7;commercial;1
договор оферты простыми словами;1000000;4;31;2739;9;1;7;7;commercial;6
яндекс wordstat официальный сайт войти на сайт;3000000;7;46;9;9;1;7;7;commercial;1
согласование с заказчиком;104000;3;25;4561;9;1;7;7;commercial;1
фото для коммерческого использования бесплатно;2000000;5;46;253;9;1;7;7;commercial;2
телеграмм для бизнеса скачать;7000;4;29;36;9;1;7;7;commercial;19
полевые и кабинетные исследования;188000;4;33;89;9;1;7;7;commercial;1
войти на свою страницу в контакте без пароля и логина прямо сейчас;1000000;12;66;13;9;1;7;7;commercial;1
сервис отправки сообщений;1000000;3;25;473;9;1;7;7;commercial;1
менеджер по маркетингу и рекламе обязанности;1000000;6;44;30;9;1;7;7;commercial;1
хочу создать электронную почту бесплатно на яндексе;3000000;7;51;12;9;1;7;7;commercial;1
али бизнес;907000;2;10;776;9;1;7;7;commercial;1
яндекс почта зарегистрироваться бесплатно создать электронную;3000000;6;61;927;9;1;7;7;commercial;1
сайт для рекламы бесплатно;3000000;4;26;1307;9;1;7;7;commercial;1
раздача интернета бесплатно;2000000;3;27;2009;9;1;7;7;commercial;1
улучшение видео нейросетью бесплатно;3000000;4;36;795;9;1;7;7;commercial;19
регистрация электронной почты на яндексе;2000000;5;40;871;9;1;7;7;commercial;1
приложение менеджер;1000000;2;19;5722;8;1;7;7;commercial;1
лучшие книги о продажах и маркетинге;2000000;6;36;8;8;1;7;7;commercial;1
профессия менеджер по рекламе;1000000;4;29;121;8;1;7;7;commercial;1
рекламный кабинет mytarget;229000;3;26;33;8;1;7;7;commercial;1
создать онлайн магазин бесплатно;3000000;4;32;197;8;1;7;7;commercial;4
для бизнес идеи достаточно представления о том кто будет являться целевым клиентом;558000;12;82;10;8;1;7;7;commercial;12
гугл календарь онлайн войти;3000000;4;27;8;8;1;7;7;commercial;4
как вести бизнес аккаунт в вконтакте;1000000;6;36;8;8;1;7;7;commercial;1
в связи закрытием магазина;2000000;4;26;649;8;1;7;7;commercial;1
высота кассы в магазине;702000;4;23;9;8;1;7;7;commercial;1
войс сервис проверка сайтов;2000000;4;27;8;8;1;7;7;commercial;1
как купить криптовалюту за наличные;625000;5;35;14;8;1;7;7;commercial;1
создание майнд карты онлайн бесплатно;448000;5;37;9;8;1;7;7;commercial;4
при подготовке к продажам используется;705000;5;38;12;8;1;7;7;commercial;1
госпочта заказное;768000;2;17;71;8;1;7;7;commercial;1
если предложение уменьшается то равновесная цена увеличится или уменьшится;873000;9;74;21;8;1;7;7;commercial;1
сервисы с ии;1000000;3;12;1920;8;1;7;7;commercial;1
донаты бесплатно;2000000;2;16;26871;8;1;7;7;commercial;1
спрос увеличивается равновесная цена увеличивается;721000;5;50;562;8;1;7;7;commercial;1
бизнес в контакте;1000000;3;17;4755;8;1;7;7;commercial;1
открой файловый менеджер;952000;3;24;774;8;1;7;7;commercial;1
менеджер по маркетплейсам что это обязанности и функции;870000;8;55;8;8;1;7;7;commercial;16
создать блог бесплатно самому для заработка;2000000;6;43;8;8;1;7;7;commercial;1
прайс стоимость услуг;964000;3;21;1336;8;1;7;7;commercial;1
картинка без авторских прав бесплатно;2000000;5;37;1384;8;1;7;7;commercial;1
как войти в телеграм через смс код;2000000;7;34;21;8;1;7;7;commercial;1
анализ конкурентов онлайн бесплатно;2000000;4;35;44;8;1;7;7;commercial;4
название дешевых магазинов;806000;3;26;299;8;1;7;7;commercial;1
как войти в инкогнито на пк;2000000;6;27;231;8;1;7;7;commercial;1
создать почту яндекс новую для себя бесплатно без регистрации бесплатно;3000000;10;71;50;8;1;7;7;commercial;1
стоимость просмотра;2000000;2;19;1626;7;1;7;7;commercial;1
инфографика онлайн бесплатно обучение;2000000;4;37;116;8;1;7;7;commercial;4
бесплатные сервисы сокращения ссылок;2000000;4;36;20;7;1;7;7;commercial;1
нейросеть для создания лого бесплатно;2000000;5;37;18;7;1;7;7;commercial;1
как заказать рекламу в инстаграме;324000;5;33;16;7;1;7;7;commercial;1
форматы магазинов розничной торговли;581000;4;36;19;7;1;7;7;commercial;1
заказные письма на расстоянии клика почта россии;2000000;7;48;7;7;1;7;7;commercial;10
смс api;315000;2;7;400;7;1;7;7;commercial;1
бесплатное приложение для интерьера;2000000;4;35;1741;7;1;7;7;commercial;1
invalid api key;232000;3;15;480;7;1;7;7;commercial;1
файлы менеджер;601000;2;14;9356;7;1;7;7;commercial;1
чат бот сделать самому бесплатно;2000000;5;32;13;7;1;7;7;commercial;1
получение денег на бизнес от государства безвозмездно;1000000;7;53;11;7;1;7;7;commercial;1
сервисы для массовой рассылки писем на email;2000000;7;44;8;7;1;7;7;commercial;1
самый лучший файловый менеджер для андроид;2000000;6;42;9;7;1;7;7;commercial;1
создать интернет магазин онлайн бесплатно;2000000;5;41;10;7;1;7;7;commercial;4
альтернативные вопросы в продажах для выявления потребностей;1000000;7;60;10;7;1;7;7;commercial;1
crm каналы;2000000;2;10;266;7;1;7;7;commercial;1
удаленный рабочий стол программы бесплатно;2000000;5;42;67;7;1;7;7;commercial;0
господдержка мой бизнес;524000;3;23;71;7;1;7;7;commercial;1
как описать бизнес процессы в компании;1000000;6;38;52;7;1;7;7;commercial;1
менеджер андроид;160000;2;16;14517;7;1;7;7;commercial;1
ментальная карта онлайн бесплатно на русском;3000000;6;44;54;7;1;7;7;commercial;4
создать своего персонажа бесплатно;2000000;4;34;510;7;1;7;7;commercial;1
забыл логин и пароль вк;1000000;5;23;656;7;1;7;7;commercial;1
курс маркетолога бесплатно;2000000;3;26;434;7;1;7;7;commercial;1
возражения при продажах;83000;3;23;461;7;1;7;7;commercial;1
программа для создания дизайна интерьера бесплатно;2000000;6;50;469;7;1;7;7;commercial;1
vk com моя страница войти без пароля по номеру телефона на мою страницу;3000000;13;71;699;7;1;7;7;commercial;1
сервис для доната в игры;2000000;5;24;78;7;1;7;7;commercial;1
купить рекламу в телеграмм каналах;8000;5;34;338;7;1;7;7;commercial;1
функции проектного менеджера;695000;3;28;71;7;1;7;7;commercial;1
программа для создания логотипа на русском бесплатно;3000000;7;52;277;7;1;7;7;commercial;1
бот для телеграмма бесплатно;2000000;4;28;8247;7;1;7;7;commercial;1
как государство поддерживает малый бизнес;1000000;5;41;24;7;1;7;7;commercial;1
войти в вконтакте на свою страницу по номеру телефона без пароля и логина;3000000;13;73;128;7;1;7;7;commercial;1
автоматизация адаптации сотрудников;336000;3;35;24;7;1;7;7;commercial;1
сервисы для финансового учета;2000000;4;29;107;7;1;7;7;commercial;1
самая низкая цена на товар устанавливается на стадии цикла;2000000;9;58;34;7;1;7;7;commercial;1
простое заказное письмо без уведомления;1000000;5;39;32;7;1;7;7;commercial;1
файловый менеджер для андроид рейтинг;706000;5;37;27;7;1;7;7;commercial;1
почта яндекс зарегистрироваться бесплатно создать;430000;5;49;1138;7;1;7;7;commercial;1
форма резюме бесплатно;123000;3;22;350;7;1;7;7;commercial;1
сервис для создания опросов бесплатно;2000000;5;37;33;6;1;7;7;commercial;1
сканер переводчик с английского на русский через камеру телефона бесплатно без регистрации онлайн;3000000;13;97;6;6;1;7;7;commercial;4
программы для дизайна интерьера в 3д бесплатно на русском;4000000;9;57;29;6;1;7;7;commercial;0
психология цвета в продажах;706000;4;27;32;6;1;7;7;commercial;1
как перевести страницу инстаграм в бизнес аккаунт;1000000;7;49;7;6;1;7;7;commercial;1
как получить деньги на открытие малого бизнеса;2000000;7;46;62;6;1;7;7;commercial;1
проверить семантическое ядро сайта онлайн бесплатно;3000000;6;51;6;6;1;7;7;commercial;4
онлайн доставка заказных писем госуслуги;2000000;5;40;7;6;1;7;7;commercial;4
как складывается цена на товар;938000;5;30;20;6;1;7;7;commercial;1
техника впа в продажах расшифровка;591000;5;34;6;6;1;7;7;commercial;1
демографические характеристики целевой аудитории;372000;4;48;80;6;1;7;7;commercial;1
если предложение падает то цена;768000;5;31;58;6;1;7;7;commercial;1
стандарты бизнес планирования;814000;3;29;97;6;1;7;7;commercial;1
бесплатное приложение для создания сторис;2000000;5;41;59;6;1;7;7;commercial;1
как войти в аккаунт вк без номера телефона и пароля войти;3000000;11;57;53;6;1;7;7;commercial;1
оплата инвойса что это;302000;4;22;184;6;1;7;7;commercial;16
конкурентная оплата труда;560000;3;25;70;6;1;7;7;commercial;1
обязанности менеджера маркетплейсов что входит;76000;5;46;50;6;1;7;7;commercial;1
форумы бизнесменов и предпринимателей;378000;4;37;50;6;1;7;7;commercial;1
управление продажами на маркетплейсах;790000;4;37;164;6;1;7;7;commercial;1
ясно стоимость;351000;2;14;1546;6;1;7;7;commercial;1
специалист по рассылкам;1000000;3;23;169;6;1;7;7;commercial;1
сервисы для дистанционного обучения;1000000;4;35;121;6;1;7;7;commercial;1
что нужно знать менеджеру маркетплейсов;928000;5;39;40;6;1;7;7;commercial;1
блокировщик рекламы бесплатно установить;2000000;4;40;145;6;1;7;7;commercial;1
как государство поддерживает бизнес;1000000;4;35;44;6;1;7;7;commercial;1
google search console войти;3000000;4;27;10;6;1;7;7;commercial;1
телеграм каналы для бизнеса;10000;4;27;529;6;1;7;7;commercial;1
сервисы с искусственным интеллектом;924000;4;35;623;6;1;7;7;commercial;1
что за знак по фото онлайн бесплатно;2000000;7;36;11;6;1;7;7;commercial;2
сервисы для эдо;1000000;3;15;392;6;1;7;7;commercial;1
что нужно чтобы купить биткоин;1000000;5;30;10;6;1;7;7;commercial;1
дизайн квартиры программа бесплатно на русском;3000000;6;46;1164;6;1;7;7;commercial;1
перевод текста в аудио бесплатно;2000000;5;32;1525;6;1;7;7;commercial;1
купить рассылку;1000000;2;15;1872;6;1;7;7;commercial;1
оборот в бизнесе;739000;3;16;1474;6;1;7;7;commercial;1
вконтакте моя страница войти по номеру телефона без пароля и логина вход;3000000;12;72;1465;6;1;7;7;commercial;1
почта яндекс регистрация почтового ящика бесплатно;2000000;6;50;2237;6;1;7;7;commercial;1
зарегистрировать емайл почту бесплатно;2000000;4;38;11;6;1;7;7;commercial;1
договор с клиентом;557000;3;18;9684;6;1;7;7;commercial;1
программа для дизайна квартиры бесплатно на русском;3000000;7;51;939;6;1;7;7;commercial;1
интеграция геткурс;47000;2;18;302;6;1;7;7;commercial;1
создать организацию на яндекс картах бесплатно;3000000;6;46;6;6;1;7;7;commercial;1
вордстат войти;1000000;2;14;290;6;1;7;7;commercial;1
бесплатные сервисы для создания инфографики;2000000;5;43;43;5;1;7;7;commercial;1
поддержка государством малого бизнеса;1000000;4;37;2434;5;1;7;7;commercial;1
подписка смс;726000;2;12;6521;5;1;7;7;commercial;1
зарегистрировать яндекс почту бесплатно создать электронную;3000000;6;59;28;5;1;7;7;commercial;1
бизнес модель проекта это;1000000;4;25;48;5;1;7;7;commercial;1
обязанности менеджера по работе с маркетплейсами;1000000;6;48;47;5;1;7;7;commercial;1
сервис по подбору цветов;2000000;4;24;48;5;1;7;7;commercial;1
facetune онлайн бесплатно;2000000;3;25;43;5;1;7;7;commercial;4
партнеры по бизнесу это;1000000;4;23;253;5;1;7;7;commercial;18
скачивать видео с ютуба по ссылке бесплатно;3000000;7;43;8697;5;1;7;7;commercial;19
термины менеджера по продажам;576000;4;29;176;5;1;7;7;commercial;1
сервис для скачивания с ютуба;830000;5;29;282;5;1;7;7;commercial;1
удаленное управление компьютером бесплатно;2000000;4;42;79;5;1;7;7;commercial;1
бизнес модель организации это;1000000;4;29;105;5;1;7;7;commercial;1
менеджер по трафику;960000;3;19;106;5;1;7;7;commercial;1
автоматизация рекрутинга лучшие программы;2000000;4;41;5;5;1;7;7;commercial;0
настройка crm системы;880000;3;21;225;5;1;7;7;commercial;1
приложения для создания инфографики бесплатно;2000000;5;45;94;5;1;7;7;commercial;1
как создать сайт интернет магазина;2000000;5;34;203;5;1;7;7;commercial;1
как войти в новый коллектив;3000000;5;27;98;5;1;7;7;commercial;1
как получить субсидию на малый бизнес;2000000;6;37;249;5;1;7;7;commercial;1
иконки для слайдов в презентации бесплатно;530000;6;42;5;5;1;7;7;commercial;1
автоматическая рассылка смс;471000;3;27;65;5;1;7;7;commercial;1
камера переводчик с английского на русский онлайн бесплатно текстов;3000000;9;67;67;5;1;7;7;commercial;4
яндекс переводчик с китайского на русский по фото онлайн бесплатно без регистрации;3000000;12;82;118;5;1;7;7;commercial;2
фото для онлайн магазина;2000000;4;24;60;5;1;7;7;commercial;4
как изменится предложение и равновесная цена на данном рынке в условиях появления нового крупного;3000000;14;97;21;5;1;7;7;commercial;1
android лучший файловый менеджер;2000000;4;32;63;5;1;7;7;commercial;1
цена товара возрастет если спрос останется неизменным а предложение сократится;1000000;10;78;20;5;1;7;7;commercial;14
яндекс почта регистрация создать почтовый ящик бесплатно на русском;3000000;9;67;71;5;1;7;7;commercial;1
фото для интернет магазина;1000000;4;26;3179;5;1;7;7;commercial;2
бесплатный сервис онлайн записи клиентов;3000000;5;40;122;5;1;7;7;commercial;4
бизнес культура;1000000;2;15;5515;5;1;7;7;commercial;1
дорожная карта проекта онлайн бесплатно;3000000;5;39;22;5;1;7;7;commercial;4
сервисы для ип;1000000;3;14;1340;5;1;7;7;commercial;1
покупка и продажа криптовалюты заработок;684000;5;40;16;5;1;7;7;commercial;1
sms менеджер;303000;2;12;87;5;1;7;7;commercial;1
заказное письмо с электронным уведомлением;601000;5;42;294;5;1;7;7;commercial;1
купля продажа криптовалюты;53000;3;26;455;5;1;7;7;commercial;1
сервис мониторинга сайтов;2000000;3;25;395;5;1;7;7;commercial;1
возражения клиентов в продажах;662000;4;30;585;5;1;7;7;commercial;1
контакт моя страница войти на свою страницу без пароля;2000000;9;54;578;5;1;7;7;commercial;1
назначение бизнес плана;1000000;3;23;293;5;1;7;7;commercial;1
сервис эзп почта россии;2000000;4;23;25;5;1;7;7;commercial;1
как открыть магазин в контакте;2000000;5;30;26;5;1;7;7;commercial;1
продажа на алиэкспресс;437000;3;22;343;5;1;7;7;commercial;1
скопировать с ютуба бесплатно;2000000;4;29;311;5;1;7;7;commercial;1
как сделать сайт магазин;2000000;4;24;385;5;1;7;7;commercial;11
потенциальный заказчик;104000;2;22;950;5;1;7;7;commercial;1
теория поколений в продажах;446000;4;27;9;5;1;7;7;commercial;1
картинки для сайта бесплатно;3000000;4;28;719;5;1;7;7;commercial;1
леонардо нейросеть бесплатно онлайн;2000000;4;35;108;4;1;7;7;commercial;4
эдо тарифы операторов;1000000;3;21;52;4;1;7;7;commercial;1
сервис онлайн психологии;2000000;3;24;30;4;1;7;7;commercial;4
лучшие движки для интернет магазинов;480000;5;36;36;4;1;7;7;commercial;1
как создать магазин на маркетплейсе;1000000;5;35;28;4;1;7;7;commercial;1
какие бизнес процессы существуют в организации;1000000;6;46;27;4;1;7;7;commercial;1
перспективы реализации бизнес плана;1000000;4;35;29;4;1;7;7;commercial;1
реклама у блоггеров заказать;2000000;4;28;55;4;1;7;7;commercial;1
подписка на библиотеку электронных книг;52000;5;39;30;4;1;7;7;commercial;1
рассылка голосовых сообщений;631000;3;28;57;4;1;7;7;commercial;1
фильтр для фотографий бесплатно на телефон;2000000;6;42;43;4;1;7;7;commercial;1
сайты для создания инфографики на русском бесплатно;3000000;7;51;16;4;1;7;7;commercial;1
макет резюме бесплатно;1000000;3;22;16;4;1;7;7;commercial;1
категории магазинов розничной торговли;1000000;4;38;15;4;1;7;7;commercial;1
обязанности менеджера маркетплейса удаленно;181000;4;43;13;4;1;7;7;commercial;1
как купить биткоин в телеграмме;1000000;5;31;13;4;1;7;7;commercial;1
я в контакте моя страница вход без логина и пароля;2000000;10;50;26;4;1;7;7;commercial;1
написать себе письмо в будущее бесплатно самому себе;2000000;8;52;19;4;1;7;7;commercial;1
трафик в продажах;557000;3;17;575;4;1;7;7;commercial;1
цена на рынке формируется;785000;4;25;283;4;1;7;7;commercial;1
по договору оферты;3000000;3;18;3496;4;1;7;7;commercial;1
войти в вк без пароля;2000000;5;21;4580;4;1;7;7;commercial;1
создать карту бесплатно;2000000;3;23;4283;4;1;7;7;commercial;1
посмотреть историю инстаграм анонимно без регистрации бесплатно;3000000;7;63;920;4;1;7;7;commercial;1
сервис для обучения;2000000;3;19;1798;4;1;7;7;commercial;1
цена и ценообразование;573000;3;22;2053;4;1;7;7;commercial;1
добавить бизнес в яндекс;2000000;4;24;1593;4;1;7;7;commercial;1
курс по интернет маркетингу бесплатно;2000000;5;37;89;4;1;7;7;commercial;1
зарегистрироваться на электронной почте бесплатно на телефоне;2000000;7;61;1420;4;1;7;7;commercial;1
общение с клиентами по продажам;849000;5;31;98;4;1;7;7;commercial;1
бриф с заказчиком;105000;3;17;86;4;1;7;7;commercial;1
файловый менеджер для андроид без рекламы;693000;6;41;74;4;1;7;7;commercial;1
стоимость клиента формула;391000;3;25;68;4;1;7;7;commercial;1
раскрутка телеграмм бесплатно;7000;3;29;191;4;1;7;7;commercial;1
если предложение увеличилось то равновесная цена;996000;6;48;166;4;1;7;7;commercial;1
сохранить видео с ютуба бесплатно;3000000;5;33;234;4;1;7;7;commercial;19
бесплатное продвижение в телеграм;8000;4;33;129;4;1;7;7;commercial;1
почистить компьютер от мусора windows 7 бесплатно автоматически онлайн;3000000;9;70;4;4;1;7;7;commercial;4
раскрутка тг каналов бесплатно;2000000;4;30;146;4;1;7;7;commercial;1
как составить свой бизнес план и с чего начинать;2000000;9;48;4;4;1;7;7;commercial;7
база номеров телефонов для рассылки бесплатно;2000000;6;45;4;4;1;7;7;commercial;1
бесит коллега по работе в одном кабинете что делать;1000000;9;51;4;4;1;7;7;commercial;1
создать дизайн квартиры бесплатно;2000000;4;33;531;4;1;7;7;commercial;1
анимация рисовать бесплатно;1000000;3;27;242;4;1;7;7;commercial;1
телеграмм моя страница перейти на свою страницу без пароля и логина войти;3000000;12;73;4;4;1;7;7;commercial;1
зарегистрироваться в электронной почте e mail бесплатно на телефоне;3000000;9;67;4;4;1;7;7;commercial;1
дизайнер интерьера курс бесплатно;2000000;4;33;569;4;1;7;7;commercial;1
когда тарифы снижаются цены на импорт обычно растут жизненный уровень внутри страны снижается;2000000;13;93;9;4;1;7;7;commercial;1
менеджер по рекламе все о профессии;1000000;6;35;10;4;1;7;7;commercial;1
бот для просмотра историй телеграмм бесплатно;3000000;6;45;8;4;1;7;7;commercial;1
создание интеллект карты онлайн на русском бесплатно;2000000;7;52;9;4;1;7;7;commercial;4
перевод с английского на русский по камере на телефоне онлайн бесплатно без скачивания и регистрации;209000;15;100;6;4;1;7;7;commercial;4
прибыль входит в себестоимость;2000000;4;30;138;3;1;7;7;commercial;1
что обозначает баланс обеспечения безопасности и целей бизнес процессов;2000000;9;71;7;4;1;7;7;commercial;1
создать интеллект карты онлайн бесплатно;3000000;5;40;156;3;1;7;7;commercial;4
3д моделирование онлайн бесплатно программа;3000000;5;43;85;3;1;7;7;commercial;4
если предложение увеличится то равновесная цена;288000;6;47;166;3;1;7;7;commercial;1
цена лида формула;1000000;3;17;8;3;1;7;7;commercial;1
gpt 4 в россии бесплатно;3000000;5;24;37;3;1;7;7;commercial;1
облачные сервисы что это такое;1000000;5;30;99;3;1;7;7;commercial;16
себестоимость продукции это затраты на производство и реализацию продукции;501000;9;74;168;3;1;7;7;commercial;1
себестоимость и издержки;37000;3;24;717;3;1;7;7;commercial;1
приложение по дизайну квартиры бесплатно;2000000;5;40;45;3;1;7;7;commercial;1
отметить организацию на карте яндекс бесплатно;182000;6;46;46;3;1;7;7;commercial;1
купить биткоин в телеграм;1000000;4;25;32;3;1;7;7;commercial;1
открыть электронную почту на яндексе бесплатно регистрация;3000000;7;58;32;3;1;7;7;commercial;1
фильтр для лица приложение бесплатно;750000;5;36;32;3;1;7;7;commercial;1
основная функция менеджера проекта;2000000;4;34;73;3;1;7;7;commercial;1
пожизненная стоимость клиента;972000;3;29;35;3;1;7;7;commercial;1
функции бренд менеджера;747000;3;23;57;3;1;7;7;commercial;1
через цены осуществляется связь между производством и потреблением предложением и спросом цена здесь выполняет;2000000;14;110;19;3;1;7;7;commercial;1
как войти на страницу в вк без номера телефона и пароля;2000000;11;55;19;3;1;7;7;commercial;1
войти во временную почту;992000;4;24;19;3;1;7;7;commercial;1
из чего формируется цена товара;771000;5;31;16;3;1;7;7;commercial;14
добавить место на яндекс карты бесплатно;3000000;6;40;25;3;1;7;7;commercial;1
бриф заказчика;64000;2;14;453;3;1;7;7;commercial;1
скопировать видео бесплатно;3000000;3;27;679;3;1;7;7;commercial;19
план маркетинга в бизнес плане;1000000;5;30;670;3;1;7;7;commercial;1
сервис для дизайнеров;2000000;3;21;286;3;1;7;7;commercial;1
перекрестная продажа;1000000;2;20;424;3;1;7;7;commercial;1
сервис скачивания с ютуба;1000000;4;25;347;3;1;7;7;commercial;1
цена просмотра;2000000;2;14;5473;3;1;7;7;commercial;1
нейросеть создания логотипов бесплатно;2000000;4;38;2800;3;1;7;7;commercial;1
создать почтовый ящик на яндексе регистрация;2000000;6;44;926;3;1;7;7;commercial;1
сервисы для обучения;1000000;3;20;1798;3;1;7;7;commercial;1
создание анимации бесплатно;2000000;3;27;1355;3;1;7;7;commercial;1
крутые шрифты бесплатно;2000;3;23;81;3;1;7;7;commercial;1
что такое маркетинговый план в бизнес плане;1000000;7;43;78;3;1;7;7;commercial;9
что произойдет с ценами на товары если предложение их;1000000;9;53;207;3;1;7;7;commercial;1
бесплатное приложение редактировать фото;2000000;4;40;199;3;1;7;7;commercial;2
элементы бизнес модели;1000000;3;22;258;3;1;7;7;commercial;1
что такое активная продажа;678000;4;26;224;3;1;7;7;commercial;9
продажа ника телеграмм;1000000;3;22;234;3;1;7;7;commercial;1
личный кабинет как пишется;816000;4;26;142;3;1;7;7;commercial;1
почта создать почтовый ящик на яндексе бесплатно;2000000;7;48;234;3;1;7;7;commercial;1
сервисы для парсинга;966000;3;20;135;3;1;7;7;commercial;1
мерчендайзинг в магазине;502000;3;24;131;3;1;7;7;commercial;1
торговый вид бизнеса;1000000;3;20;165;3;1;7;7;commercial;1
топ почтовых сервисов в россии;2000000;5;30;5;3;1;7;7;commercial;1
как считается себестоимость продаж в отчете о финансовых результатах;1000000;9;68;3;3;1;7;7;commercial;1
заработок бесплатно без вложений;1000000;4;32;593;3;1;7;7;commercial;5
яндекс вордстат онлайн бесплатно без регистрации;3000000;6;48;6;3;1;7;7;commercial;4
проработка возражений клиента в продажах;718000;5;40;6;3;1;7;7;commercial;1
типы возражений клиентов в продажах;769000;5;35;3;3;1;7;7;commercial;1
кто такой менеджер по работе с маркетплейсами;919000;7;45;3;3;1;7;7;commercial;12
создать эмаил регистрация;2000000;3;25;3;3;1;7;7;commercial;1
самые популярные почтовые сервисы в россии;2000000;6;42;4;3;1;7;7;commercial;1
менеджер маркет;924000;2;15;1507;3;1;7;7;commercial;1
бесит коллега по работе в одном кабинете;899000;7;40;7;3;1;7;7;commercial;1
преодоление возражений в продажах;23000;4;33;12;3;1;7;7;commercial;1
что значит промо акция;601000;4;22;8;3;1;7;7;commercial;1
найти свою электронную почту по фамилии и имени на телефоне без регистрации бесплатно;3000000;13;85;3;3;1;7;7;commercial;1
почта россии отправление заказных писем;2000000;5;39;852;2;1;7;7;commercial;1
бизнес план понятие;1000000;3;19;505;2;1;7;7;commercial;1
email рассылка бесплатно;2000000;3;24;219;2;1;7;7;commercial;1
как сделать магазин в vk;1000000;5;24;9;2;1;7;7;commercial;11
составить бизнес план самостоятельно;510000;4;36;53;2;1;7;7;commercial;7
на чем лучше делать интернет магазин;2000000;6;36;21;2;1;7;7;commercial;1
оферта это кратко;320000;3;17;7;2;1;7;7;commercial;1
хост сервера бесплатно;1000000;3;22;1213;2;1;7;7;commercial;1
прислан личный кабинет;687000;3;22;1047;2;1;7;7;commercial;1
как настроить магазин вконтакте;1000000;4;31;8;2;1;7;7;commercial;1
демпинговая цена что это;644000;4;24;49;2;1;7;7;commercial;16
планирование квартиры 3d бесплатно;116000;4;34;4;2;1;7;7;commercial;1
войти в вк по id на свою страницу без пароля и логина;2000000;12;53;6;2;1;7;7;commercial;1
как оформить бизнес план образец;1000000;5;32;39;2;1;7;7;commercial;1
как оформлять бизнес план образец;1000000;5;33;39;2;1;7;7;commercial;1
пример оформления бизнес плана;1000000;4;30;39;2;1;7;7;commercial;1
как вести инстаграм для бизнеса с нуля;1000000;7;38;21;2;1;7;7;commercial;1
менеджер file commander;637000;3;23;12;2;1;7;7;commercial;1
как посчитать бизнес план самому;2000000;5;32;15;2;1;7;7;commercial;1
ключевые слова подбор онлайн бесплатно;2000000;5;38;14;2;1;7;7;commercial;4
бизнес план рекомендуется составлять на;1000000;5;39;9;2;1;7;7;commercial;1
иллюстрации для презентации бесплатно;8000;4;37;17;2;1;7;7;commercial;1
электронная почта регистрация яндекс зарегистрироваться бесплатно;3000000;6;65;10;2;1;7;7;commercial;1
бесплатное приложение для редактирования фото лица;3000000;6;50;26;2;1;7;7;commercial;2
смета расходов для бизнес плана;1000000;5;31;9;2;1;7;7;commercial;1
сроки бизнес плана;1000000;3;18;766;2;1;7;7;commercial;1
бизнес план расчеты;1000000;3;19;8054;2;1;7;7;commercial;1
анализ бизнес модели;1000000;3;20;822;2;1;7;7;commercial;1
найти по фото обувь где купить;2000000;6;30;2;2;1;7;7;commercial;2
структура бизнес плана обязательно должна включать;2000000;6;50;2;2;1;7;7;commercial;1
средняя стоимость привлечения клиента;616000;4;37;71;2;1;7;7;commercial;1
каким будет трафик в магазине если cr 33 а покупку совершили 1274 посетителя;1000000;13;76;2;2;1;7;7;commercial;1
бизнес модель деген не;3000000;4;22;2;2;1;7;7;commercial;1
как правильно построить бизнес план с нуля;1000000;7;42;2;2;1;7;7;commercial;1
бизнес процессы развития это;1000000;4;28;173;2;1;7;7;commercial;1
как завести почту на яндексе бесплатно регистрация;3000000;7;50;2;2;1;7;7;commercial;1
добавить организацию в гугл карты бесплатно с логотипом;3000000;8;55;2;2;1;7;7;commercial;1
где брать заказы на удаленную работу;2000000;6;36;2;2;1;7;7;commercial;15
желтый цвет в продажах;789000;4;22;107;2;1;7;7;commercial;1
letsenhance нейросеть бесплатно;2000000;3;31;2;2;1;7;7;commercial;1
название для бизнес команды;466000;4;27;87;2;1;7;7;commercial;1
бесплатный сервис рассылки email;2000000;4;32;87;2;1;7;7;commercial;1
трафик менеджер кто;961000;3;19;206;2;1;7;7;commercial;12
гугл календарь войти в аккаунт с телефона;3000000;7;41;3;2;1;7;7;commercial;1
гугл карты добавить организацию бесплатно;3000000;5;41;56;2;1;7;7;commercial;1
какое значение имеет бизнес план для предпринимателя;2000000;7;52;3;2;1;7;7;commercial;1
файлообменные сервисы;578000;2;21;59;2;1;7;7;commercial;1
гугл таблица регистрация;2000000;3;24;197;2;1;7;7;commercial;1
что такое клиентоориентированный сервис;1000000;4;39;3;2;1;7;7;commercial;9
ютуб канал онлайн бесплатно;3000000;4;27;1634;2;1;7;7;commercial;4
сайт с иконками для презентаций бесплатно;3000000;6;41;3;2;1;7;7;commercial;1
сервисная дифференциация это;2000000;3;28;3;2;1;7;7;commercial;1
webhook сервис;2000000;2;14;52;2;1;7;7;commercial;1
что закладывается в себестоимость продукции;133000;5;43;4;2;1;7;7;commercial;1
рассылка в телеграмм бесплатно;3000;4;30;183;2;1;7;7;commercial;1
если покупатели безразличны к товару услуге то товар услуга;763000;9;59;1;1;1;7;7;commercial;1
пиар менеджер что за профессия;198000;5;30;2;1;1;7;7;commercial;1
метка на яндекс картах для бизнеса;1000000;6;34;1;1;1;7;7;commercial;1
обучение копирайтингу бесплатно с практическими заданиями;1000000;6;57;1;1;1;7;7;commercial;1
личные продажи в магазине одежды что это;964000;7;40;1;1;1;7;7;commercial;16
приветствие в сообществе магазина;859000;4;33;1;1;1;7;7;commercial;1
выровнять зубы на фото онлайн бесплатно;2000000;6;39;1;1;1;7;7;commercial;4
выручка от реализации сократится если цена;1000000;6;42;1;1;1;7;7;commercial;1
ху ис сервис;2000000;3;12;1;1;1;7;7;commercial;1
ть с ютуба бесплатно;2000000;4;20;1;1;1;7;7;commercial;19
построить график рыночного равновесия на холодильники в магазине за день определите равновесную цену;2000000;13;100;1;1;1;7;7;commercial;1
каким разделом завершают бизнес план а резюме б финансовый план в маркетинговый план;2000000;13;84;1;1;1;7;7;commercial;1
составить семантическое ядро сайта онлайн сервис;2000000;6;48;1;1;1;7;7;commercial;7
возможности телеграмм канала для бизнеса;10000;5;40;1;1;1;7;7;commercial;1
продажа рекламы телеграмм;12000;3;25;220;1;1;7;7;commercial;1
подобрать шрифт по фото онлайн бесплатно;3000000;6;40;1;1;1;7;7;commercial;2
онлайн переводчик с английского на русский по камере онлайн бесплатно без регистрации;3000000;12;85;134;1;1;7;7;commercial;4
продажа на маркетплейсах бизнес план;1000000;5;36;95;1;1;7;7;commercial;1
сервисы рассылки email бесплатно;2000000;4;32;81;1;1;7;7;commercial;1
почему растет себестоимость;576000;3;27;15;1;1;7;7;commercial;1
переводчик с английского на русский по фото с телефона через камеру бесплатно без скачивания яндекс;3000000;15;99;1;1;1;7;7;commercial;2
контакт моя страница вход на мою страницу без пароля войти в вконтакте сразу;3000000;13;76;2770;1;1;7;7;commercial;1
перевод на русский с английского онлайн бесплатно на русский переводчик с русского на английский;956000;14;96;13513;1;1;7;7;commercial;4
вконтакте вход на страницу без пароля войти мою;3000000;8;47;7684;1;1;7;7;commercial;1
нейросеть рисует по фото людей онлайн бесплатно;3000000;7;47;1;1;1;7;7;commercial;2
вк вход без пароля и логина на мою страницу;1000000;9;43;3758;1;1;7;7;commercial;1
соц опрос онлайн создать бесплатно;2000000;5;34;1;1;1;7;7;commercial;4
продажа оффлайн это;2000000;3;19;48;1;1;7;7;commercial;1
вконтакте моя страница по номеру телефона без пароля войти прямо на страницу;3000000;12;76;405;1;1;7;7;commercial;1
переводчик с корейского на русский онлайн бесплатно по камере;3000000;9;61;46;1;1;7;7;commercial;4
как помогает государство на открытие бизнеса;1000000;6;44;3;1;1;7;7;commercial;1
вк забыл логин;1000000;3;14;774;1;1;7;7;commercial;1
лучшие файловые менеджеры андроид;2000000;4;33;444;1;1;7;7;commercial;1
создание интеллект карт онлайн бесплатно;2000000;5;40;30;1;1;7;7;commercial;4
как отредактировать сценарий;103000;3;28;25;1;1;7;7;commercial;1
бесплатный конструктор онлайн магазина;2000000;4;38;27;1;1;7;7;commercial;4
организация вебинаров на сайте;74000;4;30;25;1;1;7;7;commercial;1
инфографика на русском бесплатно;2000000;4;32;502;1;1;7;7;commercial;1
сервис онлайн оплаты на сайте;3000000;5;29;36;1;1;7;7;commercial;4
яндекс почта создать почтовый ящик бесплатно россия регистрация на русском;3000000;10;74;27;1;1;7;7;commercial;1
vk com моя страница вход на страницу без пароля и логина;2000000;11;56;471;1;1;7;7;commercial;1
бесплатные сервисы для изучения английского;2000000;5;43;40;1;1;7;7;commercial;1
цена товара снизится если предложение товара останется неизменным а спрос сократится снизится а;1000000;13;95;35;1;1;7;7;commercial;14
партнерские программы магазинов;1000000;3;31;368;1;1;7;7;commercial;0
сервисы для создания анкет;644000;4;26;34;1;1;7;7;commercial;1
genially регистрация;1000000;2;20;35;1;1;7;7;commercial;1
маркетинг онлайн бесплатно;2000000;3;26;704;1;1;7;7;commercial;4
публикация статей бесплатно;3000000;3;27;709;1;1;7;7;commercial;1
чат бот рассылка;458000;3;16;944;1;1;7;7;commercial;1
менеджеры файлов для андроид;540000;4;28;963;1;1;7;7;commercial;1
себестоимость продукции на предприятии представляет собой;818000;6;57;24;1;1;7;7;commercial;1
массовая рассылка смс с компьютера;633000;5;34;24;1;1;7;7;commercial;1
цифровые онлайн сервисы;2000000;3;23;577;1;1;7;7;commercial;4
vk com войти на мою страницу без пароля и логина;90000;10;48;585;1;1;7;7;commercial;1
как войти в анонимный режим;2000000;5;27;23;1;1;7;7;commercial;1
продажа никнеймов телеграмм;10000;3;27;96;1;1;7;7;commercial;1
сервис по отправке сообщений;1000000;4;28;101;1;1;7;7;commercial;1
сервисы для онлайн записи клиентов бесплатно;2000000;6;44;99;1;1;7;7;commercial;4
реклама на фасаде магазина;2000000;4;26;99;1;1;7;7;commercial;1
спрос повышается равновесная цена;1000000;4;33;81;1;1;7;7;commercial;1
автоматизация управления продажами;586000;3;34;87;1;1;7;7;commercial;1
демпинговым ценам это;2000000;3;21;165;1;1;7;7;commercial;18
парсер сайтов бесплатно;3000000;3;23;150;1;1;7;7;commercial;1
название магазина как назвать;1000000;4;29;155;1;1;7;7;commercial;1
сервис подбора цветов;1000000;3;21;151;1;1;7;7;commercial;1
как купить валюту телеграмм;1000000;4;27;157;1;1;7;7;commercial;1
движки для интернет магазина;535000;4;28;172;1;1;7;7;commercial;1
сайты с картинками без авторских прав бесплатно;3000000;7;47;53;1;1;7;7;commercial;1
на какие вопросы отвечает бизнес план;2000000;6;37;42;1;1;7;7;commercial;1
программы удаленного рабочего стола бесплатно;2000000;5;45;67;1;1;7;7;commercial;0
завести почтовый ящик на яндексе регистрация;1000000;6;44;57;1;1;7;7;commercial;1
ментальная карта бизнеса;1000000;3;24;57;1;1;7;7;commercial;1
создать новую электронную почту яндекс регистрация бесплатно;3000000;7;60;249;1;1;7;7;commercial;1
навыки менеджера проекта;983000;3;24;245;1;1;7;7;commercial;1
создать свой бизнес проект;2000000;4;26;60;1;1;7;7;commercial;1
войти в телегу по номеру телефона;3000000;6;33;6;1;1;7;7;commercial;1
5 возражений в продажах;3000000;4;23;62;1;1;7;7;commercial;1
создать 3д картинку онлайн бесплатно;4000000;5;36;5;1;1;7;7;commercial;4
важная составляющая социально ответственного бизнеса;2000000;5;52;2;1;1;7;7;commercial;1
почему государство поддерживает бизнес;1000000;4;38;3;1;1;7;7;commercial;1
программа для скачивания видео с интернета на компьютер бесплатно;2000000;9;65;3;1;1;7;7;commercial;1
вк ком вход на мою страницу без логина и пароля войти;3000000;11;53;3;1;1;7;7;commercial;1
аффинити в продажах;453000;3;19;2;1;1;7;7;commercial;1
риторический вопрос в продажах;1000000;4;30;4;1;1;7;7;commercial;1
рассылка смс по базе номеров;1000000;5;28;4;1;1;7;7;commercial;1
направить заказным письмом;345000;3;26;1627;1;1;7;7;commercial;1
программа для розыгрыша в инстаграм бесплатно;456000;6;45;11;1;1;7;7;commercial;1
смотреть истории инстаграм бесплатно без регистрации;3000000;6;52;1047;1;1;7;7;commercial;1
зависимость между ценой и количеством товара который покупатели могут и желают купить;2000000;12;85;13;1;1;7;7;commercial;14
сайты для рекламы бесплатно;3000000;4;27;1307;1;1;7;7;commercial;1
подобрать ключевые слова онлайн бесплатно;2000000;5;41;13;1;1;7;7;commercial;4
логотип от нейросети бесплатно;1000000;4;30;14;1;1;7;7;commercial;1
найти заказчиков;1000000;2;16;10481;1;1;7;7;commercial;1
вк моя страница войти без пароля сразу;3000000;7;38;2821;1;1;7;7;commercial;1
в структуру бюджетно налоговой политики входит купля продажа;3000000;8;60;8;1;1;7;7;commercial;1
полная себестоимость реализованной продукции представляет собой совокупность затрат связанных с;1000000;10;95;8;1;1;7;7;commercial;1
если реальная рыночная цена ниже равновесной то;1000000;7;47;8;1;1;7;7;commercial;1
сделать бота бесплатно;2000000;3;22;3296;1;1;7;7;commercial;11
мультиссылка для инстаграм бесплатно;2000000;4;36;2;1;1;7;7;commercial;1
удаленный доступ программа бесплатно;2000000;4;36;3536;1;1;7;7;commercial;1
дзен яндекс ру регистрация;3000000;4;26;2183;1;1;7;7;commercial;1
речевой модуль менеджера по продажам;65000;5;36;2;1;1;7;7;commercial;1
вконтакте моя страница войти на мою страницу без пароля и логина в контакт сразу;3000000;14;80;2666;1;1;7;7;commercial;1
стоимость привлечения;1000000;2;21;2586;1;1;7;7;commercial;1
двухпанельные файловые менеджеры для андроид;251000;5;44;9;1;1;7;7;commercial;1
основной бизнес процесс;1000000;3;23;2767;1;1;7;7;commercial;1
программа для проведения розыгрыша в инстаграм бесплатно;2000000;7;56;2;1;1;7;7;commercial;1
бесплатный сервис мультиссылок;2000000;3;30;10;1;1;7;7;commercial;1
фиолетовый цвет в бизнесе;996000;4;25;10;1;1;7;7;commercial;1
ава для бизнес аккаунта;981000;4;23;4;0;1;7;7;commercial;1
программа для фото с фильтрами андроид бесплатно;2000000;7;48;4;0;1;7;7;commercial;2
понятие бизнес процесс определяется;777000;4;35;4;0;1;7;7;commercial;1
приложение фотошоп лица для андроид бесплатно;592000;6;45;4;0;1;7;7;commercial;1
управление рассылками майл;634000;3;26;4;0;1;7;7;commercial;1
если товар залежался на прилавках магазинов то цена на него вероятнее всего выше равновесной;1000000;14;92;4;0;1;7;7;commercial;1
ниши инфобизнеса список;526000;3;23;7;0;1;7;7;commercial;1
рассылка смс по своей базе программа;1000000;6;36;6;0;1;7;7;commercial;1
критерием определения рынков совершенной и несовершенной конкуренции является цена;1000000;9;82;8;0;1;7;7;commercial;1
фильтры для съемки на телефон бесплатно;174000;6;39;5;0;1;7;7;commercial;1
roadmap для бизнеса;1000000;3;19;5;0;1;7;7;commercial;1
сервис проверки посещаемости сайта;3000000;4;34;6;0;1;7;7;commercial;1
редакция видеоматериалов;352000;2;24;5;0;1;7;7;commercial;1
ментальная карта онлайн бесплатно с расшифровкой;3000000;6;48;1;0;1;7;7;commercial;4
оферта это в экономике;2000000;4;22;1;0;1;7;7;commercial;1
перечислите виды облачных сервисов;1000000;4;34;1;0;1;7;7;commercial;17
сервис call tracking;1000000;3;20;1;0;1;7;7;commercial;1
статьи про интернет магазины;1000000;4;28;1;0;1;7;7;commercial;1
полная себестоимость отражает все затраты на производство и реализацию складывается из тест;1000000;12;91;1;0;1;7;7;commercial;1
величина спроса показывает сколько товара хочет купить потребитель ответы;2000000;9;73;1;0;1;7;7;commercial;14
раскрутка канала на ютубе бесплатно;2000000;5;35;1;0;1;7;7;commercial;1
производственная себестоимость включает затраты тест;709000;5;52;1;0;1;7;7;commercial;1
бизнес план организации его содержание и назначение;1000000;7;51;1;0;1;7;7;commercial;1
завести почтовый ящик в яндексе бесплатно;2000000;6;41;1;0;1;7;7;commercial;1
если рыночная цена ниже равновесной то образуется;955000;7;49;1;0;1;7;7;commercial;1
если на рынке не хватило товара всем покупателям то цена на него вероятнее всего;1000000;14;80;1;0;1;7;7;commercial;14
в себестоимость продукции включаются тест с ответами;661000;7;52;1;0;1;7;7;commercial;1
как называется лист с ценами на услуги;1000000;7;38;1;0;1;7;7;commercial;1
программа для создания ментальной карты на русском языке бесплатно;3000000;9;66;1;0;1;7;7;commercial;1
исправить губы на фото онлайн бесплатно;2000000;6;39;1;0;1;7;7;commercial;4
изменение потребления товаров вызванное ростом покупательной способности при постоянных ценах;2000000;10;93;1;0;1;7;7;commercial;1
если цена товара эластичного спроса выросла с 7 до 8 то выручка;2000000;12;63;1;0;1;7;7;commercial;14
если бизнес план составлен в виде резюме то от содержит;2000000;10;55;2;0;1;7;7;commercial;1
как написать план производства в бизнес плане;611000;7;45;2;0;1;7;7;commercial;1
более быстрая реакция на перемены спроса на рынке;969000;8;49;2;0;1;7;7;commercial;1
смс рассылка без договора;406000;4;25;3;0;1;7;7;commercial;1
цена должна обеспечивать возмещение всех затрат на производство и доход;1000000;10;71;3;0;1;7;7;commercial;1
цена включающая издержки и прибыль торговых организаций;1000000;7;55;2;0;1;7;7;commercial;1
полная себестоимость продукции определяется тест;1000000;5;48;2;0;1;7;7;commercial;1
плюсы и минусы бесплатного хостинга;2000000;5;35;2;0;1;7;7;commercial;1
маркетинг для сетевых магазинов;1000000;4;31;2;0;1;7;7;commercial;1
курсы интернет маркетинга бесплатно с сертификатом;2000000;6;50;2;0;1;7;7;commercial;1
менеджер по мерчендайзингу обязанности;164000;4;38;2;0;1;7;7;commercial;1
спарсить товары с сайта бесплатно;3000000;5;33;2;0;1;7;7;commercial;1
вход в вк моя страница без пароля и логина бесплатно войти;3000000;11;58;76;0;1;7;7;commercial;1
заработок в интернете онлайн бесплатно;2000000;5;38;80;0;1;7;7;commercial;4
согласие заключить договор на предложенных условиях;2000000;6;51;82;0;1;7;7;commercial;1
если увеличится цена на товар то спрос;773000;7;38;131;0;1;7;7;commercial;1
оформить инстаграм для бизнеса;1000000;4;30;128;0;1;7;7;commercial;1
рассылка сообщений в мессенджеры;604000;4;32;131;0;1;7;7;commercial;1
эмблемы для магазина;809000;3;20;147;0;1;7;7;commercial;1
онлайн переводчик с японского на русский через камеру онлайн бесплатно без регистрации;1000000;12;86;108;0;1;7;7;commercial;4
договор оказания услуг постоплата;659000;4;33;109;0;1;7;7;commercial;1
донат личный кабинет;635000;3;20;108;0;1;7;7;commercial;1
себестоимостью продукции называют;417000;3;33;119;0;1;7;7;commercial;1
субсидии бизнесу это;2000000;3;20;111;0;1;7;7;commercial;18
сервисы для поиска психолога;2000000;4;28;50;0;1;7;7;commercial;1
сервис чатов на сайт;3000000;4;20;55;0;1;7;7;commercial;1
настройки онлайн магазина;2000000;3;25;50;0;1;7;7;commercial;4
анкетирование создать бесплатно;2000000;3;31;46;0;1;7;7;commercial;1
формы объединения бизнеса;997000;3;25;48;0;1;7;7;commercial;1
рекламная бизнес модель;1000000;3;23;48;0;1;7;7;commercial;1
налогообложение в бизнесе это;806000;4;29;45;0;1;7;7;commercial;1
crm bitrix24 интеграция;2000000;3;23;48;0;1;7;7;commercial;1
определи стоимость по фотографии;790000;4;32;47;0;1;7;7;commercial;1
цена будет зависеть от объема;727000;5;29;47;0;1;7;7;commercial;1
моя страница вконтакте вход прямо на страницу без пароля и логина восстановить мою;2000000;13;82;69;0;1;7;7;commercial;1
добавить магазин на карту яндекс бесплатно;1000000;6;42;73;0;1;7;7;commercial;1
как купить криптовалюту телеграм;2000000;4;32;71;0;1;7;7;commercial;1
если цена на товар повышается то предложение;976000;7;44;73;0;1;7;7;commercial;1
создать свой ютуб канал бесплатно;3000000;5;33;62;0;1;7;7;commercial;1
установить камеру на телефон бесплатно;2000000;5;38;742;0;1;7;7;commercial;1
сервис с искусственным интеллектом;2000000;4;34;696;0;1;7;7;commercial;1
заработать деньги бесплатно без вложений;2000000;5;40;745;0;1;7;7;commercial;5
принципы бизнес процессов;1000000;3;25;680;0;1;7;7;commercial;1
программы для дизайна квартиры бесплатно на русском;2000000;7;51;939;0;1;7;7;commercial;0
карты делают бесплатно;2000000;3;22;831;0;1;7;7;commercial;1
бизнес в телеграмм канале;10000;4;25;587;0;1;7;7;commercial;1
вк моя страница вход без пароля бесплатно;2000000;7;41;525;0;1;7;7;commercial;1
бизнес потребитель;1000000;2;18;3107;0;1;7;7;commercial;1
создание логотипов нейросетью бесплатно;60000;4;39;2811;0;1;7;7;commercial;1
вконтакте моя страница вход на мою страницу без пароля и логина в контакте войти контакт;3000000;15;88;2954;0;1;7;7;commercial;1
вконтакте моя страница по номеру телефона без пароля и логина;2000000;10;61;2819;0;1;7;7;commercial;1
расчеты бизнес плана;355000;3;20;7964;0;1;7;7;commercial;1
пробовать бесплатно;1000000;2;19;4915;0;1;7;7;commercial;1
регистрация электронной почты яндекс бесплатно;3000000;5;46;1180;0;1;7;7;commercial;1
вконтакте вход по номеру телефона без пароля и логина;2000000;9;53;1941;0;1;7;7;commercial;1
зайти в контакт на свою страницу без пароля и логина;2000000;10;52;193;0;1;7;7;commercial;1
email рассылка программа;2000000;3;24;214;0;1;7;7;commercial;1
приложения к бизнес плану;1000000;4;25;208;0;1;7;7;commercial;1
понятие бизнес модели;1000000;3;21;156;0;1;7;7;commercial;1
email интернет магазин;2000000;3;22;181;0;1;7;7;commercial;1
определение интернет магазина;1000000;3;29;152;0;1;7;7;commercial;1
редактирование фото на айфоне бесплатно;2000000;5;39;332;0;1;7;7;commercial;2
инфографика программа для создания бесплатно;2000000;5;44;168;0;1;7;7;commercial;1
переводчик с английского на русский камера телефона онлайн бесплатно без регистрации;3000000;11;84;169;0;1;7;7;commercial;4
проект менеджер требования;1000000;3;26;331;0;1;7;7;commercial;1
добавить магазин на яндекс;2000000;4;26;351;0;1;7;7;commercial;1
контакт моя страница вход без пароля регистрация;2000000;7;48;306;0;1;7;7;commercial;1
программа для скачивания видео с сайта на компьютер бесплатно;3000000;9;61;365;0;1;7;7;commercial;1
к функциям менеджера проекта относят;1000000;5;36;365;0;1;7;7;commercial;1
матрица в продажах;480000;3;18;357;0;1;7;7;commercial;1
лучшие библиотеки электронных книг бесплатно;2000000;5;44;369;0;1;7;7;commercial;1
в контакте войти на свою страницу по номеру телефона без пароля;3000000;11;63;373;0;1;7;7;commercial;1
программа создания логотипов на русском бесплатно;3000000;6;49;284;0;1;7;7;commercial;1
приложения для красивых фото на андроид бесплатно;3000000;7;49;15;0;1;7;7;commercial;2
перевести текст по камере телефона онлайн бесплатно;3000000;7;51;15;0;1;7;7;commercial;4
программа для дистанционного управления компьютером бесплатно;2000000;6;61;13;0;1;7;7;commercial;1
найти шрифт по фотографии бесплатно;2000000;5;35;17;0;1;7;7;commercial;1
рассылка объявлений по группам;750000;4;30;17;0;1;7;7;commercial;1
как отрабатывать возражения в продажах по телефону;1000000;7;50;17;0;1;7;7;commercial;1
приложения для съемки видео на андроид бесплатно;3000000;7;48;18;0;1;7;7;commercial;1
как оформить ип и получить деньги на развитие малого бизнеса;2000000;10;60;10;0;1;7;7;commercial;1
обработка фото на телефоне бесплатно андроид;3000000;6;44;10;0;1;7;7;commercial;2
обработка фото лица онлайн бесплатно профессионально;3000000;6;52;9;0;1;7;7;commercial;4
создать рекламу в интернете бесплатно;3000000;5;37;9;0;1;7;7;commercial;1
облачное хранилище данных для бизнеса;2000000;5;37;9;0;1;7;7;commercial;1
программа для проектирования квартиры бесплатно на русском 3d;4000000;8;61;11;0;1;7;7;commercial;1
если цена товара растет то величина спроса;868000;7;42;12;0;1;7;7;commercial;14
программы для скачивания видео с любого сайта бесплатно по ссылке;3000000;10;65;11;0;1;7;7;commercial;0
чат с менеджером на сайте;2000000;5;25;11;0;1;7;7;commercial;1
файл менеджеры для android;862000;4;26;29;0;1;7;7;commercial;1
если рыночная цена ниже равновесной то появляются избытки товаров;1000000;9;65;40;0;1;7;7;commercial;1
переводчик по картинке с английского на русский онлайн бесплатно через камеру онлайн;3000000;12;84;40;0;1;7;7;commercial;4
помощь от государства на бизнес с нуля;1000000;7;38;43;0;1;7;7;commercial;1
ниша в инфобизнесе это;30000;4;22;36;0;1;7;7;commercial;1
курсы инстаграм бесплатно;2000000;3;25;37;0;1;7;7;commercial;1
зайти вк на мою страницу без пароля и логина сейчас прямо;4000000;11;57;37;0;1;7;7;commercial;1
бизнес план термин;873000;3;18;36;0;1;7;7;commercial;1
sms рассылка по базе;1000000;4;20;36;0;1;7;7;commercial;1
регистрация в гугл таблицах;2000000;4;27;35;0;1;7;7;commercial;1
понятие облачного сервиса;757000;3;25;21;0;1;7;7;commercial;1
тариф для смс рассылок;951000;4;22;22;0;1;7;7;commercial;1
продажи и маркетинг в бизнес плане;2000000;6;34;19;0;1;7;7;commercial;1
бизнес аккаунт в яндексе что это такое;1000000;7;38;26;0;1;7;7;commercial;16
стоимость sms рассылки;1000000;3;22;27;0;1;7;7;commercial;1
инструменты категорийного менеджера;381000;3;35;25;0;1;7;7;commercial;1
программа для дизайна комнаты с мебелью бесплатно;2000000;7;49;27;0;1;7;7;commercial;1
интернет маркетинг с нуля бесплатно;2000000;5;35;25;0;1;7;7;commercial;1
интеллектуальные карты онлайн бесплатно;2000000;4;39;27;0;1;7;7;commercial;4
службы доставки заказов интернет магазинов;2000000;5;42;27;0;1;7;7;commercial;1
яндекс почта регистрация;2000000;3;24;29823;11505;1;8;8;commercial;1
нейросеть бесплатно;2000000;2;19;970664;4255;1;8;8;commercial;1
переводчик с английского на русский по фото с телефона через камеру бесплатно онлайн точный перевод;3000000;15;99;3114;2953;1;8;8;commercial;2
контент менеджер;1000000;2;16;23954;2251;1;8;8;commercial;1
заказные электронные письма почта россии;2000000;5;40;8626;1932;1;8;8;commercial;10
электронные заказные письма почта россии;1000000;5;40;8384;1860;1;8;8;commercial;10
электронное заказное письмо почта россии отправить;2000000;6;50;1831;1372;1;8;8;commercial;1
переводчик с английского на русский по фото с телефона через камеру бесплатно онлайн фото;3000000;14;89;16359;1269;1;8;8;commercial;2
переводчик с английского на русский по фото с телефона через камеру бесплатно онлайн без скачивания;3000000;15;99;1191;1115;1;8;8;commercial;2
улучшить фото онлайн нейросеть бесплатно;3000000;5;40;4021;814;1;8;8;commercial;4
яндекс форма войти в личный кабинет;2000000;6;35;1698;776;1;8;8;commercial;1
создать почту яндекс новую для себя бесплатно на телефон;3000000;9;56;1571;737;1;8;8;commercial;1
перевод с английского на русский онлайн бесплатно по фото с телефона без скачивания;3000000;13;83;1488;655;1;8;8;commercial;2
перевод с английского на русский по фото с телефона через камеру бесплатно;3000000;12;74;4014;652;1;8;8;commercial;2
нейросеть бесплатно онлайн без регистрации;3000000;5;42;47294;646;1;8;8;commercial;4
whois сервис;1000000;2;12;1088;594;1;8;8;commercial;1
просмотр сторис в инстаграм анонимно бесплатно;2000000;6;46;1379;533;1;8;8;commercial;1
нейросети бесплатно;2000000;2;19;970667;528;1;8;8;commercial;1
бизнес форум;1000000;2;12;23188;515;1;8;8;commercial;1
форум бизнес;1000000;2;12;22600;502;1;8;8;commercial;1
в контакте моя страница вход без пароля и логина;2000000;9;48;11683;478;1;8;8;commercial;1
outlook com войти в почту;1000000;5;25;1099;440;1;8;8;commercial;13
нейросеть создать логотип бесплатно;2000000;4;35;2547;449;1;8;8;commercial;1
в контакте вход моя страница войти без пароля;3000000;8;45;8629;432;1;8;8;commercial;1
вконтакте моя страница войти без пароля и логина;3000000;8;48;9055;419;1;8;8;commercial;1
утилита для очистки пк от мусора и оптимизация работы компьютера бесплатно;2000000;11;74;411;383;1;8;8;commercial;1
перевести с английского на русский по фото с телефона бесплатно через камеру;3000000;12;76;1792;386;1;8;8;commercial;2
лпр в продажах это;1000000;4;18;906;385;1;8;8;commercial;1
создать электронную почту на яндексе бесплатно новую;3000000;7;52;1373;383;1;8;8;commercial;1
почта яндекс зарегистрироваться бесплатно;2000000;4;41;1670;376;1;8;8;commercial;1
яндекс бизнес добавить организацию на яндекс карты;2000000;7;50;480;367;1;8;8;commercial;1
nda договор;339000;2;11;1506;365;1;8;8;commercial;1
завести почту на яндексе новую почту бесплатно;3000000;7;46;513;359;1;8;8;commercial;1
создать бота в телеграмме бесплатно;3000000;5;35;2888;345;1;8;8;commercial;1
электронные заказные письма почты россии;2000000;5;40;9072;335;1;8;8;commercial;10
создать бота в тг бесплатно;1000000;5;27;1566;338;1;8;8;commercial;1
деньги от государства на бизнес;1000000;5;31;9039;330;1;8;8;commercial;1
договор nda;346000;2;11;1409;327;1;8;8;commercial;1
нейросеть на русском бесплатно;2000000;4;30;135090;316;1;8;8;commercial;1
заказная почта;770000;2;14;119176;302;1;8;8;commercial;1
шедеврум онлайн бесплатно;2000000;3;25;1042;304;1;8;8;commercial;4
как составить бизнес план для малого бизнеса;1000000;7;44;1032;294;1;8;8;commercial;7
gr что это в бизнесе;827000;5;20;313;290;1;8;8;commercial;16
купить товар по фото;1000000;4;20;614;281;1;8;8;commercial;2
лпр это в продажах расшифровка;411000;5;30;284;284;1;8;8;commercial;1
как открыть личный кабинет;1000000;4;26;11371;267;1;8;8;commercial;1
нейросеть логотип бесплатно;2000000;3;27;11737;259;1;8;8;commercial;1
менеджер файлов;622000;2;15;9357;251;1;8;8;commercial;1
создание логотипа с помощью нейросети бесплатно;575000;6;47;310;252;1;8;8;commercial;1
перевод с английского на русский онлайн бесплатно по фото с телефона без скачивания сфотографировать;3000000;14;100;244;239;1;8;8;commercial;2
вконтакте моя страница вход без пароля и логина;2000000;8;47;11458;241;1;8;8;commercial;1
регистрация яндекс почты бесплатно;2000000;4;34;6802;235;1;8;8;commercial;1
регистрация почты яндекс бесплатно;3000000;4;34;6802;235;1;8;8;commercial;1
интернет магазин создать бесплатно;2000000;4;34;1058;226;1;8;8;commercial;1
создать вишлист бесплатно;2000000;3;25;930;216;1;8;8;commercial;1
создание логотипа нейросеть бесплатно;2000000;4;37;2774;217;1;8;8;commercial;1
файловый менеджер андроид;233000;3;25;7373;215;1;8;8;commercial;1
нейросеть создание логотипа бесплатно;2000000;4;37;2800;212;1;8;8;commercial;1
моя почта электронная показать на экране телефона по номеру телефона бесплатно без регистрации найти;3000000;14;100;217;214;1;8;8;commercial;1
андроид файловый менеджер;206000;3;25;7337;212;1;8;8;commercial;1
создать видео с помощью ии бесплатно;3000000;6;36;1148;210;1;8;8;commercial;1
создать тг бота бесплатно;2000000;4;25;2268;212;1;8;8;commercial;1
как составить бизнес план для малого бизнеса самому образец;2000000;9;59;390;207;1;8;8;commercial;7
яндекс дзен личный кабинет;1000000;4;26;1159;208;1;8;8;commercial;1
программа для дизайна интерьера бесплатно на русском;3000000;7;52;1393;198;1;8;8;commercial;1
сделать видеоролик онлайн бесплатно;3000000;4;35;631;193;1;8;8;commercial;4
договор нда;228000;2;11;571;191;1;8;8;commercial;1
тильда создать сайт бесплатно самому с нуля;3000000;7;43;233;192;1;8;8;commercial;1
вк моя страница вход на страницу без пароля и логина войти сразу;3000000;12;64;2344;192;1;8;8;commercial;1
turbologo бесплатно создать логотип онлайн;2000000;5;42;196;188;1;8;8;commercial;4
переводчик с корейского на русский по фото с телефона через камеру бесплатно;3000000;12;76;357;189;1;8;8;commercial;2
ии сервисы;943000;2;10;7805;184;1;8;8;commercial;1
резюме шаблоны бесплатно;1000000;3;24;11038;186;1;8;8;commercial;1
как купить рекламу в телеграмме;8000;5;31;480;183;1;8;8;commercial;1
создать видео в нейросети онлайн бесплатно;3000000;6;42;295;178;1;8;8;commercial;4
регистрация яндекс почта создать почтовый ящик;2000000;6;46;4242;180;1;8;8;commercial;1
почта яндекс регистрация создать новый ящик;3000000;6;43;4283;180;1;8;8;commercial;1
улучшение качества фото нейросеть бесплатно;2000000;5;43;1704;178;1;8;8;commercial;2
фотостоки бесплатно;2000000;2;19;5533;172;1;8;8;commercial;1
создать почту яндекс новую бесплатно;2000000;5;36;7835;169;1;8;8;commercial;1
переводчик с английского на русский по фото с телефона бесплатно без регистрации онлайн по фото;2000000;15;95;534;168;1;8;8;commercial;2
моя страница вконтакте войти прямо на страницу без пароля и логина по номеру телефона бесплатно;3000000;15;95;319;165;1;8;8;commercial;1
где взять деньги на открытие бизнеса с нуля от государства;2000000;10;58;175;163;1;8;8;commercial;15
техники продаж для менеджеров;764000;4;29;759;161;1;8;8;commercial;1
программа дизайн интерьера бесплатно;645000;4;36;5579;160;1;8;8;commercial;1
создать аватарку онлайн бесплатно;2000000;4;33;1024;160;1;8;8;commercial;4
завести электронную почту на яндексе бесплатно;2000000;6;46;356;156;1;8;8;commercial;1
нейросети для написания текста бесплатно;2000000;5;40;3625;149;1;8;8;commercial;1
вконтакте моя страница зайти сразу на страницу без пароля и логина и пароля;2000000;13;75;604;148;1;8;8;commercial;1
создать логотип через нейросеть бесплатно онлайн;2000000;6;48;161;147;1;8;8;commercial;4
ментальная карта онлайн создать бесплатно;3000000;5;41;210;142;1;8;8;commercial;4
смотреть сторис анонимно инстаграм бесплатно;2000000;5;44;6340;143;1;8;8;commercial;1
дорисовать изображение онлайн бесплатно;2000000;4;39;324;143;1;8;8;commercial;4
наиболее известная и распространенная методика составления бизнес планирования это методика;1000000;10;91;339;144;1;8;8;commercial;1
в контакте вход моя страница войти без пароля и логина сразу;3000000;11;60;4595;141;1;8;8;commercial;1
переводчик с английского на русский по фото с телефона через камеру точный перевод бесплатно;2000000;14;92;3093;139;1;8;8;commercial;2
как получить деньги на бизнес;2000000;5;29;6064;139;1;8;8;commercial;1
электронные заказные письма почта россии что это;2000000;7;48;417;139;1;8;8;commercial;10
стикеры красивые бесплатно;2000000;3;26;5531;140;1;8;8;commercial;1
gpt 4 бесплатно;7000;3;15;2432;136;1;8;8;commercial;1
генератор логотипов бесплатно нейросеть;2000000;4;39;340;128;1;8;8;commercial;1
turbologo бесплатно создать логотип;2000000;4;35;328;127;1;8;8;commercial;1
инфографика бесплатно;2000000;2;21;11664;127;1;8;8;commercial;1
нейросети обучение бесплатно;2000000;3;28;3697;124;1;8;8;commercial;1
себистоимость или себестоимость;16000;3;31;238;122;1;8;8;commercial;1
сендер рассылка;625000;2;15;179;119;1;8;8;commercial;1
контакт моя страница вход на мою страницу без пароля и логина войти;3000000;12;67;7280;117;1;8;8;commercial;1
чат гпт 4 бесплатно;3000000;4;19;432;117;1;8;8;commercial;1
переводчик с немецкого на русский по фото с телефона через камеру бесплатно;3000000;12;75;350;116;1;8;8;commercial;2
электронные заказные письма почта;1000000;4;33;9278;115;1;8;8;commercial;10
найти шрифт по картинке бесплатно;3000000;5;33;251;113;1;8;8;commercial;1
нейросеть для текстов на русском бесплатно;3000000;6;42;7683;110;1;8;8;commercial;1
как восстановить аккаунт в вк если забыл логин и пароль и номер телефона;2000000;13;72;116;109;1;8;8;commercial;1
договор nda что это;278000;4;19;218;109;1;8;8;commercial;16
в контакте вход моя страница без пароля и логина войти;3000000;10;54;7368;108;1;8;8;commercial;1
создать электронную почту яндекс зарегистрироваться бесплатно с телефона сейчас;4000000;9;79;298;108;1;8;8;commercial;1
что произойдет с ценами на товары если предложение их при прочих равных условиях возрастет;2000000;14;90;198;106;1;8;8;commercial;1
яндекс карты регистрация;2000000;3;24;6195;105;1;8;8;commercial;1
контакт моя страница войти без пароля и логина на свою страницу;3000000;11;63;526;103;1;8;8;commercial;1
создание видео онлайн бесплатно;3000000;4;31;2298;103;1;8;8;commercial;4
сервисы смс;378000;2;11;11427;101;1;8;8;commercial;1
допродажа;4000;1;9;1974;98;1;8;8;commercial;1
найти шрифт онлайн по фото бесплатно;3000000;6;36;225;98;1;8;8;commercial;2
косты это что в бизнесе;952000;5;23;144;97;1;8;8;commercial;16
как сделать бизнес аккаунт личным в инстаграм;2000000;7;45;374;97;1;8;8;commercial;11
программа удаленного доступа бесплатно;2000000;4;38;3536;95;1;8;8;commercial;1
где разместить рекламу о своих услугах;2000000;6;38;120;94;1;8;8;commercial;15
что такое облачный сервис;839000;4;25;498;94;1;8;8;commercial;9
деньги на бизнес от государства безвозмездно как получить;2000000;8;57;964;93;1;8;8;commercial;1
регистрация емайл;2000000;2;17;1976;92;1;8;8;commercial;1
как от государства получить деньги на бизнес безвозмездно;2000000;8;57;976;92;1;8;8;commercial;1
почта яндекс регистрация создать новый ящик бесплатно;3000000;7;53;2138;92;1;8;8;commercial;1
создать почту на яндексе регистрация бесплатно новую;3000000;7;52;417;90;1;8;8;commercial;1
доставка для бизнеса;1000000;3;20;5415;90;1;8;8;commercial;1
сервис по подбору психолога;1000000;4;27;317;88;1;8;8;commercial;1
создать эл почту на яндексе бесплатно новую;2000000;7;43;107;88;1;8;8;commercial;1
эдо сервисы;2000000;2;11;2750;87;1;8;8;commercial;1
автоматизация hr процессов;304000;3;26;488;86;1;8;8;commercial;1
как получить грант от государства на открытие бизнеса;2000000;8;53;211;84;1;8;8;commercial;1
нда это договор;273000;3;15;163;84;1;8;8;commercial;1
как работает яндекс бизнес;2000000;4;26;743;83;1;8;8;commercial;1
готовый шаблон резюме для заполнения бесплатно;2000000;6;46;147;82;1;8;8;commercial;1
курсы бренд менеджера;1000000;3;21;453;82;1;8;8;commercial;1
сервис проверки позиций сайта в поиске;3000000;6;38;136;82;1;8;8;commercial;1
сервис проверки позиций сайта по ключевым словам;3000000;7;48;141;81;1;8;8;commercial;1
чат gpt на русском бесплатно без ограничений;3000000;7;44;7194;80;1;8;8;commercial;1
менеджер на маркетплейсах;778000;3;25;8343;79;1;8;8;commercial;1
вконтакте вход моя страница войти без пароля;2000000;7;44;8453;77;1;8;8;commercial;1
войти в вк на свою страницу прямо сейчас без пароля и логина;4000000;12;60;316;77;1;8;8;commercial;1
нейросеть на русском языке бесплатно;2000000;5;36;16292;76;1;8;8;commercial;1
фотошоп лица онлайн бесплатно на свое фото макияж;3000000;8;49;186;75;1;8;8;commercial;4
стоковые фотографии бесплатно;2000000;3;29;244;75;1;8;8;commercial;1
сайт магазин;2000000;2;12;3244197;75;1;8;8;commercial;1
электронно заказные письма;509000;3;26;19404;75;1;8;8;commercial;10
как войти в архив в телеграмме на андроиде;2000000;8;42;107;75;1;8;8;commercial;1
договор нда что это;157000;4;19;81;73;1;8;8;commercial;16
виртуальная почта бесплатно;2000000;3;27;224;72;1;8;8;commercial;1
стоимость привлечения клиента;455000;3;29;1185;72;1;8;8;commercial;1
озон открыть бизнес;1000000;3;19;1420;71;1;8;8;commercial;1
создать новую электронную почту на mail ru бесплатно;3000000;8;52;237;71;1;8;8;commercial;1
как получить финансовую помощь от государства для ип на развитие бизнеса;2000000;11;72;75;70;1;8;8;commercial;1
инфографика создать онлайн бесплатно;2000000;4;36;352;70;1;8;8;commercial;4
яндекс вордстат регистрация;2000000;3;27;85;70;1;8;8;commercial;1
апсейл это в продажах;2000000;4;21;79;69;1;8;8;commercial;1
организация яндекс бизнес;1000000;3;25;5311;68;1;8;8;commercial;1
телеграм личный кабинет войти в личный кабинет;3000000;7;46;168;68;1;8;8;commercial;1
создать бизнес план;1000000;3;19;1876;67;1;8;8;commercial;1
контакт моя страница вход на мою страницу без пароля и логина войти бесплатно;3000000;13;77;1557;67;1;8;8;commercial;1
получить от государства деньги на бизнес;2000000;6;40;5421;67;1;8;8;commercial;1
получить деньги на бизнес от государства;2000000;6;40;5421;67;1;8;8;commercial;1
бесплатно заработать деньги;2000000;3;27;3249;67;1;8;8;commercial;5
отправить заказное;1000000;2;18;26373;66;1;8;8;commercial;1
в контакте добро пожаловать вход на мою страницу без пароля и логина;2000000;12;68;169;66;1;8;8;commercial;1
отправить электронное заказное письмо почта россии через госуслуги;2000000;8;66;70;65;1;8;8;commercial;1
бесплатное приложение для обработки фото на айфон;3000000;7;49;476;65;1;8;8;commercial;2
создать электронную почту на яндексе бесплатно новую по номеру телефона с паролем и логином;3000000;14;91;66;65;1;8;8;commercial;1
подарки бизнес партнерам;1000000;3;24;860;65;1;8;8;commercial;1
завести яндекс почту бесплатно регистрация;2000000;5;42;204;64;1;8;8;commercial;1
завести почту яндекс регистрация бесплатно;3000000;5;42;204;64;1;8;8;commercial;1
реклама у блогеров цена;2000000;4;23;182;64;1;8;8;commercial;1
музыка бесплатно без авторских прав;260000;5;35;3941;63;1;8;8;commercial;1
приложение для бизнеса;1000000;3;22;10540;63;1;8;8;commercial;1
где взять деньги на бизнес с нуля в россии;232000;9;42;95;62;1;8;8;commercial;15
как получить деньги для бизнеса от государства;2000000;7;46;429;61;1;8;8;commercial;1
сделать инфографику для маркетплейсов онлайн бесплатно;2000000;6;54;75;61;1;8;8;commercial;4
copilot бесплатно;2000000;2;17;1541;61;1;8;8;commercial;1
скачивать с ютуба бесплатно;2000000;4;27;59116;61;1;8;8;commercial;1
создать сайт одностраничник бесплатно;3000000;4;37;101;60;1;8;8;commercial;1
вход в вк моя страница без пароля и логина бесплатно по номеру телефона;3000000;13;71;179;58;1;8;8;commercial;1
курсы фотографа для начинающих онлайн бесплатно с сертификатом;3000000;8;62;63;58;1;8;8;commercial;4
видео через нейросеть онлайн бесплатно;3000000;5;38;658;57;1;8;8;commercial;4
контакт моя страница вход без пароля войти;3000000;7;42;9482;56;1;8;8;commercial;1
вконтакте бизнес;722000;2;16;4010;56;1;8;8;commercial;1
программы для дизайна интерьера для начинающих на русском бесплатно;3000000;9;67;445;56;1;8;8;commercial;0
где искать заказы дизайнеру;2000000;4;27;276;56;1;8;8;commercial;15
где дизайнеру искать заказы;2000000;4;27;276;56;1;8;8;commercial;15
договор смз это что;2000000;4;19;64;56;1;8;8;commercial;16
создать почту яндекс регистрация электронную;2000000;5;44;976;55;1;8;8;commercial;1
нейросеть картинка бесплатно;558000;3;28;53461;55;1;8;8;commercial;1
онлайн запись клиентов бесплатно;3000000;4;32;650;54;1;8;8;commercial;4
стоковое фото бесплатно;2000000;3;23;1911;53;1;8;8;commercial;2
контакт моя страница вход на мою страницу в контакте без логина и пароля войти;3000000;14;78;6579;53;1;8;8;commercial;1
что такое договор публичной оферты;524000;5;34;316;52;1;8;8;commercial;9
vk для бизнеса;1000000;3;14;1853;52;1;8;8;commercial;1
нейросеть по созданию логотипа онлайн бесплатно;2000000;6;47;91;52;1;8;8;commercial;4
удаленный доступ бесплатно;2000000;3;26;11893;52;1;8;8;commercial;1
кп в продажах что это;516000;5;21;74;52;1;8;8;commercial;16
распознать шрифт с картинки онлайн бесплатно;2000000;6;44;61;52;1;8;8;commercial;4
менеджеры для общения;249000;3;21;761;51;1;8;8;commercial;1
как войти в телеграмм без кода в телеграмм;2000000;8;42;412;51;1;8;8;commercial;1
регистрация почтового ящика на яндексе бесплатно;2000000;6;48;1122;50;1;8;8;commercial;1
кредит на открытие бизнеса с нуля от государства;632000;8;48;141;50;1;8;8;commercial;1
как войти в вк если не помнишь логин и пароль;2000000;10;45;69;50;1;8;8;commercial;1
3d моделирование бесплатно онлайн;4000000;4;33;367;49;1;8;8;commercial;4
3d моделирование онлайн бесплатно;4000000;4;33;367;49;1;8;8;commercial;4
господдержка для бизнеса;1000000;3;24;2025;49;1;8;8;commercial;1
как получить грант на развитие бизнеса;2000000;6;38;770;48;1;8;8;commercial;1
переводчик с английского на русский по фото с телефона через камеру бесплатно онлайн фото андроид;3000000;15;97;83;48;1;8;8;commercial;2
менеджер по продвижению;756000;3;23;973;48;1;8;8;commercial;1
переводчик с английского на русский с камеры телефона онлайн бесплатно;3000000;10;70;15626;47;1;8;8;commercial;4
где взять деньги на бизнес с нуля;2000000;7;33;744;47;1;8;8;commercial;15
рассылка смс онлайн;2000000;3;19;120;47;1;8;8;commercial;4
что такое грант от государства для бизнеса;928000;7;42;48;47;1;8;8;commercial;9
создать бота в телеграмм бесплатно;2000000;5;34;2888;47;1;8;8;commercial;1
провести розыгрыш в инстаграм бесплатно;2000000;5;39;188;46;1;8;8;commercial;1
заказное точка ру;1000000;3;17;171;45;1;8;8;commercial;1
найти одежду по фото онлайн бесплатно;3000000;6;37;68;45;1;8;8;commercial;2
создать интернет магазин бесплатно самому с нуля конструктор;3000000;8;60;78;45;1;8;8;commercial;1
что такое оферта простыми;869000;4;25;5841;45;1;8;8;commercial;9
вконтакте моя страница вход на мою страницу по номеру телефона без пароля вк бесплатно войти;3000000;15;92;56;45;1;8;8;commercial;1
yandex mail регистрация;2000000;3;23;163;44;1;8;8;commercial;1
crm тильда;81000;2;10;460;44;1;8;8;commercial;1
приложение по дизайну интерьера бесплатно;2000000;5;41;139;44;1;8;8;commercial;1
анализ посещаемости сайта онлайн бесплатно;3000000;5;42;51;43;1;8;8;commercial;4
бесплатный сервис рассылок писем;2000000;4;32;108;44;1;8;8;commercial;1
сервис онлайн записи;3000000;3;20;1368;43;1;8;8;commercial;4
купить товар по фото в интернете;2000000;6;32;136;43;1;8;8;commercial;2
конструктор сайта интернет магазина;2000000;4;35;1797;43;1;8;8;commercial;1
продажа товара;1000000;2;14;186840;42;1;8;8;commercial;14
конструктор договоров онлайн;2000000;3;28;623;42;1;8;8;commercial;4
как прописать самозанятого в договоре;359000;5;37;796;42;1;8;8;commercial;1
определить шрифт по картинке бесплатно онлайн;2000000;6;45;62;41;1;8;8;commercial;4
нейросеть писать текст бесплатно;2000000;4;32;688;40;1;8;8;commercial;1
ниша это в бизнесе;2000000;4;18;151;40;1;8;8;commercial;1
создать почту на яндексе регистрация бесплатно новую электронную;3000000;8;64;164;40;1;8;8;commercial;1
программа для дизайна квартиры бесплатно на русском языке;3000000;8;57;95;40;1;8;8;commercial;1
онлайн конструктор договоров;2000000;3;28;620;39;1;8;8;commercial;4
фриланс где искать заказы;443000;4;25;141;39;1;8;8;commercial;15
chatgpt 4 бесплатно;3000000;3;19;270;39;1;8;8;commercial;1
вк войти по id;2000000;4;14;848;39;1;8;8;commercial;1
цеховая себестоимость;13000;2;21;840;39;1;8;8;commercial;1
какие бывают бизнес модели;1000000;4;26;91;38;1;8;8;commercial;1
рассылка по чатам тг;419000;4;20;410;38;1;8;8;commercial;1
приложение фотошоп для андроид на русском бесплатно;2000000;7;51;147;38;1;8;8;commercial;1
создать бот телеграмм бесплатно;2000000;4;31;3481;38;1;8;8;commercial;1
деньги для ип на развитие бизнеса от государства;2000000;8;48;170;38;1;8;8;commercial;1
обучение маркетолог с нуля бесплатно;2000000;5;36;127;37;1;8;8;commercial;1
какие бывают бизнес процессы;1000000;4;28;157;37;1;8;8;commercial;1
вконтакте моя страница войти на мою страницу без пароля и логина вход сразу;3000000;13;75;3165;37;1;8;8;commercial;1
почта россии оформить заказное письмо;2000000;5;37;318;37;1;8;8;commercial;1
опубликовать сайт бесплатно html;3000000;4;32;57;37;1;8;8;commercial;1
открытие малого бизнеса при поддержке государства;2000000;6;49;83;36;1;8;8;commercial;1
фактическая себестоимость;75000;2;25;5536;36;1;8;8;commercial;1
мой контакт моя страница войти без пароля по номеру телефона;2000000;10;60;1789;36;1;8;8;commercial;1
стоковые картинки без авторских прав бесплатно;2000000;6;46;49;36;1;8;8;commercial;1
яндекс почта регистрация создать почтовый ящик бесплатно;3000000;7;56;2072;36;1;8;8;commercial;1
фрипик ру бесплатно;3000000;3;19;121;36;1;8;8;commercial;1
как зайти в вк если забыл пароль и логин;2000000;9;40;148;36;1;8;8;commercial;1
найти и купить по фото;2000000;5;22;243;35;1;8;8;commercial;2
лучший файловый менеджер для андроид на русском;2000000;7;47;78;35;1;8;8;commercial;1
может ли самозанятый работать без договора;1000000;6;42;158;35;1;8;8;commercial;1
отправить заказное письмо с уведомлением о вручении почта россии;2000000;9;64;268;35;1;8;8;commercial;1
ютуба видео бесплатно;3000000;3;21;72016;35;1;8;8;commercial;19
сайты для изучения английского бесплатно;3000000;5;40;785;35;1;8;8;commercial;1
завести новую почту на яндексе регистрация бесплатно;3000000;7;52;53;35;1;8;8;commercial;1
почтовый сервис яндекс;1000000;3;22;265;34;1;8;8;commercial;1
нейросеть для создания аватарок бесплатно;2000000;5;41;141;34;1;8;8;commercial;1
как составить бизнес план пошаговая;1000000;5;35;381;34;1;8;8;commercial;7
открыть свой бизнес помощь от государства;1000000;6;41;38;33;1;8;8;commercial;1
менеджер паролей для организации;1000000;4;32;61;33;1;8;8;commercial;1
английский самостоятельно бесплатно;2000000;3;35;9937;32;1;8;8;commercial;1
сервис для голосования онлайн;2000000;4;29;68;32;1;8;8;commercial;4
поиск по фото цена;2000000;4;18;232;32;1;8;8;commercial;2
как сделать магазин в вк;1000000;5;24;216;32;1;8;8;commercial;11
сервис для онлайн голосования;2000000;4;29;68;32;1;8;8;commercial;4
управление рассылками яндекс почта;1000000;4;34;104;32;1;8;8;commercial;1
менеджер по управлению проектами;2000000;4;32;867;32;1;8;8;commercial;1
сервис записи клиентов;2000000;3;22;589;32;1;8;8;commercial;1
cr в продажах это;503000;4;17;86;32;1;8;8;commercial;1
как получить грант на развитие бизнеса от государства;2000000;8;53;107;32;1;8;8;commercial;1
скачать видео сервис;3000000;3;20;1078;32;1;8;8;commercial;19
yandex ru почта регистрация нового пользователя;3000000;6;47;34;31;1;8;8;commercial;1
создать почту яндекс бесплатно электронную;2000000;5;42;4295;31;1;8;8;commercial;1
создать электронную почту яндекс бесплатно;3000000;5;42;4295;31;1;8;8;commercial;1
менеджер маркетплейсов в чем заключается работа;1000000;6;47;126;31;1;8;8;commercial;1
что должен знать бизнес аналитик;2000000;5;32;68;31;1;8;8;commercial;1
создать ютуб канал бесплатно;3000000;4;28;300;31;1;8;8;commercial;1
яндекс таблица создать бесплатно;143000;4;32;516;31;1;8;8;commercial;1
mind map бесплатно;2000000;3;18;294;31;1;8;8;commercial;1
приложение для дизайна интерьера бесплатно на русском;2000000;7;53;168;31;1;8;8;commercial;1
как восстановить аккаунт в вк если забыл логин и пароль;2000000;10;55;178;31;1;8;8;commercial;1
государственная поддержка бизнеса;1000000;3;33;2003;31;1;8;8;commercial;1
почта для регистрации бесплатно;2000000;4;31;951;31;1;8;8;commercial;1
сервис опросов;1000000;2;14;2322;31;1;8;8;commercial;1
программа для создания комнаты с мебелью 3д бесплатно;3000000;8;53;31;30;1;8;8;commercial;1
в контакте моя страница вход на мою страницу без пароля и логина войти сразу;3000000;14;76;4044;31;1;8;8;commercial;1
сгенерировать аватарку бесплатно;2000000;3;32;270;30;1;8;8;commercial;1
написать текст песни бесплатно;2000000;4;30;892;30;1;8;8;commercial;1
яндекс карты регистрация организации бесплатно;2000000;5;46;205;30;1;8;8;commercial;1
нейросеть генерация логотипа бесплатно;2000000;4;38;856;30;1;8;8;commercial;1
не могу войти в вк по номеру телефона;1000000;8;37;128;30;1;8;8;commercial;1
заказать рекламу в телеграмме;12000;4;29;139;30;1;8;8;commercial;1
грант на развитие бизнеса от государства;1000000;6;40;420;30;1;8;8;commercial;1
вконтакте моя страница войти без пароля и логина бесплатно прямо на страницу;3000000;12;76;383;30;1;8;8;commercial;1
crm в маркетинге это;185000;4;20;93;29;1;8;8;commercial;1
как получить гранд на бизнес;1000000;5;28;855;29;1;8;8;commercial;1
на развитие бизнеса от государства;1000000;5;34;8401;29;1;8;8;commercial;1
создать инфографику онлайн бесплатно;2000000;4;36;361;29;1;8;8;commercial;4
голосование онлайн создать бесплатно;2000000;4;36;71;29;1;8;8;commercial;4
что такое nda договор;376000;4;21;44;29;1;8;8;commercial;9
yandex регистрация почты;2000000;3;24;947;29;1;8;8;commercial;1
грант от государства на бизнес;902000;5;30;2323;29;1;8;8;commercial;1
блокировать рекламу в яндекс браузере бесплатно;2000000;6;47;58;29;1;8;8;commercial;1
сервис не смог обработать запрос обновите страницу и попробуйте еще раз;2000000;11;71;68;29;1;8;8;commercial;1
удалить пятно на фото онлайн бесплатно;3000000;6;38;43;28;1;8;8;commercial;4
смотреть сторис инстаграм без регистрации анонимно бесплатно;3000000;7;60;3895;28;1;8;8;commercial;1
лучшие сайты для изучения английского языка бесплатно с нуля;3000000;9;60;33;28;1;8;8;commercial;1
таблица гугл таблицы войти;2000000;4;26;3429;28;1;8;8;commercial;1
бизнес подарок;2000000;2;14;5435;28;1;8;8;commercial;1
предоплата и постоплата;73000;3;23;481;28;1;8;8;commercial;1
выплата от государства на развитие бизнеса;2000000;6;42;282;28;1;8;8;commercial;1
заказы на фриланс;956000;3;17;1055;27;1;8;8;commercial;1
ии по созданию логотипов бесплатно;2000000;5;34;121;27;1;8;8;commercial;1
вопросы на выявление потребности в продажах;1000000;6;43;43;27;1;8;8;commercial;1
термины в продажах и их значение;315000;6;32;28;27;1;8;8;commercial;1
получить грант на бизнес;2000000;4;24;3168;27;1;8;8;commercial;1
чат gpt 4 на русском бесплатно;3000000;6;30;182;27;1;8;8;commercial;1
picsart онлайн бесплатно;2000000;3;24;89;27;1;8;8;commercial;4
переводчик с английского по камере телефона онлайн бесплатно на русский;2000000;10;71;15384;27;1;8;8;commercial;4
опрос сделать онлайн бесплатно;2000000;4;30;111;27;1;8;8;commercial;4
email рассылка заказать;2000000;3;23;100;27;1;8;8;commercial;1
создать онлайн голосование бесплатно;2000000;4;36;70;27;1;8;8;commercial;4
как посчитать стоимость лида;280000;4;28;73;26;1;8;8;commercial;1
telegram premium стоимость;13000;3;26;160;26;1;8;8;commercial;1
войти на почту outlook com;2000000;5;26;44;26;1;8;8;commercial;13
что нужно чтобы получить деньги на бизнес от государства;2000000;9;56;87;26;1;8;8;commercial;1
отправка электронного заказного письма;687000;4;38;1872;26;1;8;8;commercial;10
как отправить заказное письмо через личный кабинет почта россии;2000000;9;63;42;26;1;8;8;commercial;1
можно ли получить деньги от государства на открытие бизнеса;1000000;9;59;81;26;1;8;8;commercial;1
создать почтовый ящик в яндексе бесплатно;2000000;6;41;75;26;1;8;8;commercial;1
можно ли купить виртуальную сим карту;2000000;6;37;126;26;1;8;8;commercial;1
своими руками магазин;2000000;3;21;2616;26;1;8;8;commercial;1
яндекс бизнес статистика;1000000;3;24;170;26;1;8;8;commercial;1
продажа ников в телеграмме;1000000;4;26;174;26;1;8;8;commercial;1
как узнать свой электронный почту на телефоне если забыл пароль и логин;2000000;12;71;118;26;1;8;8;commercial;1
сгенерировать логотип нейросеть бесплатно онлайн на русском;3000000;7;59;44;25;1;8;8;commercial;4
rutube регистрация аккаунта;2000000;3;27;34;25;1;8;8;commercial;1
переводчик с английского на русский по фото с телефона через камеру бесплатно онлайн точный ответ;3000000;15;97;38;25;1;8;8;commercial;2
продакт маркетинг менеджер;1000000;3;26;80;25;1;8;8;commercial;1
как войти в режиме инкогнито в яндекс;2000000;7;37;641;25;1;8;8;commercial;1
что такое скю в продажах;462000;5;24;28;25;1;8;8;commercial;9
мультибренд магазин;864000;2;19;242;25;1;8;8;commercial;1
программа для рисования интерьера в 3d бесплатно;3000000;7;48;27;25;1;8;8;commercial;1
сделать сайт интернет магазин;2000000;4;29;691;25;1;8;8;commercial;1
как правильно назвать самозанятого в договоре;388000;6;45;32;25;1;8;8;commercial;1
смотреть сторис инстаграм анонимно онлайн бесплатно;2000000;6;51;4625;25;1;8;8;commercial;4
подписка в подарок;1000000;3;18;3890;25;1;8;8;commercial;1
почта яндекс создать новый почтовый ящик бесплатно;3000000;7;50;1935;25;1;8;8;commercial;1
нейросеть аватарка бесплатно;1000000;3;28;2334;25;1;8;8;commercial;1
обязанности менеджера по рекламе;1000000;4;32;279;25;1;8;8;commercial;1
войти на почту outlook;2000000;4;22;265;24;1;8;8;commercial;1
какие данные нужны для заключения договора с самозанятым;2000000;8;56;31;24;1;8;8;commercial;1
шаблон резюме для устройства на работу бесплатно;2000000;7;48;689;24;1;8;8;commercial;1
одноразовая почта бесплатно;2000000;3;27;106;24;1;8;8;commercial;1
crm marketing;172000;2;13;285;24;1;8;8;commercial;1
переводчик с немецкого на русский онлайн по фото с телефона бесплатно;3000000;11;69;107;24;1;8;8;commercial;2
яндекс регистрация компании;2000000;3;27;223;24;1;8;8;commercial;1
интеллект карта создать онлайн бесплатно на русском;202000;7;51;43;24;1;8;8;commercial;4
переводчик с английского на русский онлайн бесплатно через камеру телефона;3000000;10;74;16650;24;1;8;8;commercial;4
если цена товара ниже точки пересечения кривой спроса и кривой предложения то возникает;1000000;13;87;75;24;1;8;8;commercial;14
шедеврум онлайн без скачивания и регистрации бесплатно;3000000;7;54;62;24;1;8;8;commercial;4
создать интернет магазин конструктор;2000000;4;36;192;24;1;8;8;commercial;1
программа для скачивания видео бесплатно;3000000;5;40;4862;23;1;8;8;commercial;1
электронно заказное письмо;607000;3;26;19404;23;1;8;8;commercial;1
анализ сайта конкурентов бесплатно;3000000;4;34;62;23;1;8;8;commercial;1
как сделать бизнес аккаунт в телеграм;2000000;6;37;50;23;1;8;8;commercial;11
можно ли на одно ип открыть два магазина на озон;4000000;10;48;31;23;1;8;8;commercial;1
полис оферта это;2000000;3;16;286;23;1;8;8;commercial;1
фото для сайта бесплатно;3000000;4;24;9629;23;1;8;8;commercial;2
leiapix нейросеть;98000;2;17;132;23;1;8;8;commercial;1
система лояльности для магазина;1000000;4;31;94;23;1;8;8;commercial;1
как войти режим инкогнито;2000000;4;25;1624;22;1;8;8;commercial;1
как создать интернет магазин в вк;2000000;6;33;43;22;1;8;8;commercial;1
перевести с английского на русский по фото с телефона бесплатно через камеру онлайн без скачивания;3000000;15;98;48;22;1;8;8;commercial;2
лучший файловый менеджер;800000;3;24;941;22;1;8;8;commercial;1
стоимость смс рассылки;976000;3;22;139;22;1;8;8;commercial;1
техподдержка вконтакте восстановить страницу;2000000;4;44;24;22;1;8;8;commercial;1
сервисы для маркетплейсов;865000;3;25;1791;22;1;8;8;commercial;1
как сделать сайт для магазина;2000000;5;29;101;22;1;8;8;commercial;11
автоматизация найма;827000;2;19;107;22;1;8;8;commercial;1
выплаты на развитие бизнеса;1000000;4;27;863;22;1;8;8;commercial;1
переводчик с русского на английский по фото с телефона через камеру бесплатно;3000000;12;77;22978;22;1;8;8;commercial;2
crm в маркетинге;215000;3;16;478;22;1;8;8;commercial;1
программа для скачивания видео с сайтов на компьютер бесплатно;4000000;9;62;365;22;1;8;8;commercial;1
как оформляется договор с самозанятым;344000;5;37;73;22;1;8;8;commercial;1
мое дело тарифы для ип;745000;5;22;45;21;1;8;8;commercial;1
как называется предложение заключить договор;643000;5;44;46;21;1;8;8;commercial;1
как получить тендер от государства на открытие бизнеса;2000000;8;54;24;21;1;8;8;commercial;1
видеоблогинг это;2000000;2;16;40;21;1;8;8;commercial;18
как получить на развитие бизнеса от государства;2000000;7;47;3727;21;1;8;8;commercial;1
бесплатные сервисы для рассылки писем на email;3000000;7;46;51;21;1;8;8;commercial;1
нейросеть для обработки фотографий бесплатно на русском;2000000;7;55;179;21;1;8;8;commercial;1
стоковые фото для коммерческого использования бесплатно;2000000;6;55;45;21;1;8;8;commercial;1
предложение увеличивается равновесная цена;802000;4;42;560;21;1;8;8;commercial;1
найти платье по фото и купить в интернете;2000000;8;41;23;21;1;8;8;commercial;2
дизайнер курсы бесплатно;2000000;3;24;2160;21;1;8;8;commercial;1
где брать заказы;2000000;3;16;6778;21;1;8;8;commercial;15
приложение для анимации бесплатно;2000000;4;33;1664;21;1;8;8;commercial;1
синтезатор речи для озвучки текста бесплатно;2000000;6;44;85;21;1;8;8;commercial;1
как получить деньги на ип от государства для развития бизнеса;2000000;10;61;100;21;1;8;8;commercial;1
что такое контент менеджер;308000;4;26;101;21;1;8;8;commercial;9
сервис записи клиентов онлайн бесплатно;2000000;5;39;126;21;1;8;8;commercial;4
декс сервис;2000000;2;11;81;20;1;8;8;commercial;1
заказное электронное письмо что это;626000;5;35;545;21;1;8;8;commercial;16
что должен уметь бизнес аналитик;2000000;5;32;48;20;1;8;8;commercial;1
система сервис деск;2000000;3;19;116;20;1;8;8;commercial;1
как составить бизнес план самостоятельно;84000;5;40;26;20;1;8;8;commercial;7
яндекс почта регистрация создать новый почтовый;3000000;6;47;3874;20;1;8;8;commercial;1
модель бизнеса это;3000000;3;18;3536;20;1;8;8;commercial;1
создать почту яндекс регистрация бесплатно электронную;3000000;6;54;707;20;1;8;8;commercial;1
эмодзи для телеграмма бесплатно;2000000;4;31;276;20;1;8;8;commercial;1
программы для дизайна квартиры и планирования ремонта на русском бесплатно;3000000;10;74;208;20;1;8;8;commercial;0
опубликовать сайт бесплатно;3000000;3;27;376;19;1;8;8;commercial;1
техники продаж для менеджеров по продажам какие бывают;688000;8;54;19;19;1;8;8;commercial;1
сделать лицо красивым на фото онлайн бесплатно;2000000;7;46;53;19;1;8;8;commercial;4
сайт почта россии отправить электронное заказное письмо;2000000;7;55;31;19;1;8;8;commercial;1
как писать самозанятого в договоре;494000;5;34;188;19;1;8;8;commercial;1
английский самостоятельное изучение бесплатно;2000000;4;45;2178;19;1;8;8;commercial;1
почта рф электронные заказные письма;2000000;5;36;60;19;1;8;8;commercial;10
переводчик с немецкого на русский по фото онлайн бесплатно с телефона через камеру;3000000;13;82;34;19;1;8;8;commercial;2
нейросеть дизайн интерьера онлайн бесплатно на русском;3000000;7;54;104;19;1;8;8;commercial;4
распознавание по картинке онлайн бесплатно;2000000;5;42;59;19;1;8;8;commercial;4
trello войти;2000000;2;12;39;18;1;8;8;commercial;1
бренд менеджер где учиться;1000000;4;26;47;18;1;8;8;commercial;15
как настроить яндекс карты для бизнеса;230000;6;38;30;18;1;8;8;commercial;1
сервис отправки смс api;1000000;4;23;37;18;1;8;8;commercial;1
госуслуги отправить заказное письмо;2000000;4;35;381;18;1;8;8;commercial;1
завести новый почтовый ящик на яндексе бесплатно;3000000;7;48;22;18;1;8;8;commercial;1
нда договор о неразглашении;437000;4;27;28;18;1;8;8;commercial;1
переводчик по фото с английского на русский бесплатно без скачивания телефона через камеру;3000000;13;90;2840;18;1;8;8;commercial;2
сколько надо ждать в телеграмме чтобы войти в аккаунт;3000000;9;53;21;18;1;8;8;commercial;1
запустить рекламу бесплатно;2000000;3;27;338;18;1;8;8;commercial;1
бизнес режа;687000;2;11;207;18;1;8;8;commercial;1
продажа ников телеграмм;9000;3;23;225;18;1;8;8;commercial;1
сервис автопостинга;911000;2;19;262;18;1;8;8;commercial;1
платформа для создания интернет магазина;1000000;5;40;228;18;1;8;8;commercial;1
расчет бизнес плана;1000000;3;19;7964;18;1;8;8;commercial;1
лучшие файловые менеджеры;2000000;3;25;941;18;1;8;8;commercial;1
очистка компьютера от мусора бесплатно;2000000;5;38;3344;18;1;8;8;commercial;1
нейросеть сделать аватарку бесплатно;2000000;4;36;430;18;1;8;8;commercial;11
где найти заказы фрилансеру;2000000;4;27;43;18;1;8;8;commercial;15
где можно купить криптовалюту за рубли официально;2000000;7;49;69;18;1;8;8;commercial;15
себестоимость это кратко;108000;3;24;42;17;1;8;8;commercial;1
сервис не работает;97000;3;18;12742;17;1;8;8;commercial;1
из чего должен состоять бизнес план;1000000;6;35;25;17;1;8;8;commercial;1
что делает трафик менеджер;668000;4;26;34;17;1;8;8;commercial;1
раскрутка телеграмм канала бесплатно живыми подписчиками;7000;6;56;35;17;1;8;8;commercial;1
freepik com на русском бесплатно;184000;5;32;40;17;1;8;8;commercial;13
почта россии отправить письмо заказное по россии;2000000;7;48;1712;17;1;8;8;commercial;1
займ на бизнес от государства;832000;5;29;70;17;1;8;8;commercial;1
бизнес идеи телеграмм;8000;3;21;131;17;1;8;8;commercial;1
как написать заказчику письмо о дальнейшем сотрудничестве;958000;7;57;22;17;1;8;8;commercial;1
менеджер по продажам маркетплейс;1000000;4;32;410;17;1;8;8;commercial;1
менеджер по рекламе обучение бесплатно;2000000;5;38;22;17;1;8;8;commercial;1
genially сервис на русском регистрация;3000000;5;38;17;17;1;8;8;commercial;1
бизнес модели виды;1000000;3;18;729;17;1;8;8;commercial;17
яндекс таблица создать онлайн бесплатно;2000000;5;39;472;17;1;8;8;commercial;4
вк моя страница открыть сразу мою страницу без пароля и логина в контакте войти;2000000;14;79;255;17;1;8;8;commercial;1
курсы инфографики для маркетплейс бесплатно с сертификатом;2000000;7;58;102;17;1;8;8;commercial;1
финтех сервис это;2000000;3;17;67;17;1;8;8;commercial;1
сайты для бизнеса;2000000;3;17;7691;16;1;8;8;commercial;1
бесплатное видео для монтажа;3000000;4;28;16239;16;1;8;8;commercial;1
хуис сервис;2000000;2;11;16;16;1;8;8;commercial;1
шрифт кириллица для коммерческого использования бесплатно;2000000;6;57;846;16;1;8;8;commercial;1
запустить сайт бесплатно;3000000;3;24;192;16;1;8;8;commercial;1
интеллект карты онлайн бесплатно на русском;3000000;6;43;76;16;1;8;8;commercial;4
смс рассылка через интернет;931000;4;27;68;16;1;8;8;commercial;1
стоимость клика формула;545000;3;23;34;16;1;8;8;commercial;1
завести почту на яндексе новую почту бесплатно яндекс;3000000;8;53;513;16;1;8;8;commercial;1
приложение в контакте моя страница восстановить страницу без пароля и логина бесплатно на телефоне;3000000;14;98;16;16;1;8;8;commercial;1
что делают менеджеры маркетплейсов;820000;4;34;852;16;1;8;8;commercial;1
как сделать интернет магазин сайт;2000000;5;33;169;16;1;8;8;commercial;11
почта outlook войти в почту вход в учетную запись;2000000;9;49;75;16;1;8;8;commercial;1
мой контакт моя страница войти без пароля;3000000;7;41;13393;15;1;8;8;commercial;1
телеграмме войти;6000;2;16;66009;15;1;8;8;commercial;1
продажа рекламы в телеграм;9000;4;26;174;15;1;8;8;commercial;1
как создать свой личный кабинет;1000000;5;31;401;15;1;8;8;commercial;1
сервисы сокращения ссылок;1000000;3;25;504;15;1;8;8;commercial;1
прайсовая цена;1000000;2;14;200;15;1;8;8;commercial;1
навыки бизнес аналитика;1000000;3;23;299;15;1;8;8;commercial;1
создать электронную почту яндекс регистрация на русском языке бесплатно на телефоне;2000000;11;83;30;15;1;8;8;commercial;1
сделать опрос бесплатно;2000000;3;23;285;15;1;8;8;commercial;11
создать свой личный кабинет;1000000;4;27;733;15;1;8;8;commercial;1
канбан бесплатно;1000000;2;16;574;15;1;8;8;commercial;1
бизнес блоггер;686000;2;14;1213;15;1;8;8;commercial;1
рассылка смс по своей базе бесплатно;2000000;6;36;42;15;1;8;8;commercial;1
помощь в получении субсидии для малого бизнеса;2000000;7;46;22;15;1;8;8;commercial;1
блоггеры бизнесмены;69000;2;19;765;15;1;8;8;commercial;1
как зайти в контакт на свою страницу без пароля и логина;1000000;11;56;52;15;1;8;8;commercial;1
как масштабировать бизнес и увеличить доход;1000000;6;43;15;15;1;8;8;commercial;1
фотографии бесплатно;2000000;2;20;200760;15;1;8;8;commercial;1
sms отправка api;3000;3;16;68;15;1;8;8;commercial;1
вк логин пароль;1000000;3;15;13178;15;1;8;8;commercial;1
менеджер контента;411000;2;17;23985;15;1;8;8;commercial;1
стоимость клика это;2000000;3;19;92;15;1;8;8;commercial;1
как провести анализ рынка для бизнеса;1000000;6;37;60;15;1;8;8;commercial;1
как вести финансовый учет в бизнесе;1000000;6;35;33;15;1;8;8;commercial;1
господдержка для открытия бизнеса с нуля;157000;6;40;67;15;1;8;8;commercial;1
в чем заключается работа менеджера маркетплейса;1000000;6;47;126;14;1;8;8;commercial;1
зарегистрироваться в почте яндекс бесплатно;953000;5;43;76;14;1;8;8;commercial;1
как создать бизнес план с нуля;2000000;6;30;159;14;1;8;8;commercial;1
купить биткоин в телеграмме;2000000;4;27;74;14;1;8;8;commercial;1
приложения для онлайн записи клиентов бесплатно;3000000;6;47;89;14;1;8;8;commercial;4
конструктор интернет магазина онлайн;2000000;4;36;60;14;1;8;8;commercial;4
возражение в продажах;482000;3;21;4367;14;1;8;8;commercial;1
заказное письмо почтой россии;2000000;4;29;77043;14;1;8;8;commercial;1
рассылка по чатам;353000;3;17;1492;14;1;8;8;commercial;1
курсы инфографики для маркетплейс бесплатно;2000000;5;43;575;14;1;8;8;commercial;1
программа на развитие бизнеса;2000000;4;29;486;14;1;8;8;commercial;1
fabula ии аватарки бесплатно;2000000;4;28;16;14;1;8;8;commercial;1
программа для удаленного подключения к компьютеру бесплатно;2000000;7;59;21;14;1;8;8;commercial;1
несоответствие между ценами покупки и продажи называется;1000000;7;56;18;14;1;8;8;commercial;1
онлайн бухгалтерия для ооо на усн бесплатно;3000000;7;43;14;14;1;8;8;commercial;4
метод сопрано в продажах;582000;4;24;35;14;1;8;8;commercial;1
должностная инструкция смм менеджера;295000;4;36;34;14;1;8;8;commercial;1
что такое потребность в продажах;530000;5;32;48;14;1;8;8;commercial;9
услуги доставки для интернет магазинов;2000000;5;38;49;14;1;8;8;commercial;1
где купить рекламу в тг;1000000;5;23;54;14;1;8;8;commercial;15
профиль личный кабинет;764000;3;22;4736;14;1;8;8;commercial;1
в контакте моя страница вход на мою страницу без пароля и логина бесплатно;3000000;13;74;1218;13;1;8;8;commercial;1
где лучше купить биткоин;2000000;4;24;32;13;1;8;8;commercial;15
переводчик с турецкого на русский по фото с телефона через камеру бесплатно без скачивания онлайн;3000000;15;97;35;13;1;8;8;commercial;2
консультационные услуги для бизнеса;2000000;4;35;203;13;1;8;8;commercial;1
файловый менеджер для андроида;308000;4;30;4996;13;1;8;8;commercial;1
вконтакте вход моя страница войти без пароля сразу на мою страницу;3000000;11;66;3934;13;1;8;8;commercial;1
вконтакте вход моя страница войти без пароля по номеру телефона;3000000;10;63;3194;13;1;8;8;commercial;1
создать почту яндекс новую для себя бесплатно регистрация;3000000;8;57;63;13;1;8;8;commercial;1
что делать если раздражает коллега по работе в одном кабинете;998000;10;61;13;13;1;8;8;commercial;1
бизнес каналы в телеграмме;10000;4;26;587;13;1;8;8;commercial;1
бизнес алиэкспресс личный кабинет;1000000;4;33;13;13;1;8;8;commercial;1
программы для фотошопа на телефон андроид бесплатно;3000000;7;51;33;13;1;8;8;commercial;0
что такое редизайн магазина;433000;4;27;30;13;1;8;8;commercial;9
аналог корел дро бесплатно;2000000;4;26;38;13;1;8;8;commercial;1
переводчик текста с английского на русский онлайн через камеру телефона бесплатно без регистрации;3000000;13;97;14;13;1;8;8;commercial;4
программа для удаленного доступа к пк бесплатно;2000000;7;47;34;13;1;8;8;commercial;1
топ файловых менеджеров для андроид;811000;5;35;35;13;1;8;8;commercial;1
договор с почтой россии на отправку заказных писем;2000000;8;50;13;13;1;8;8;commercial;1
что такое электронное заказное письмо;528000;5;37;129;13;1;8;8;commercial;9
цена складывающаяся на рынке под воздействием спроса и предложения;1000000;9;66;20;13;1;8;8;commercial;1
интернет маркетинг обучение с нуля бесплатно;2000000;6;44;19;13;1;8;8;commercial;1
сделать фото моложе онлайн бесплатно;3000000;5;36;54;13;1;8;8;commercial;4
программы для ведения бизнеса ип;1000000;5;32;45;13;1;8;8;commercial;0
отправка sms api;407000;3;16;63;13;1;8;8;commercial;1
crm это в рекламе;2000000;4;17;56;13;1;8;8;commercial;1
перевод с японского на русский по камере онлайн бесплатно;3000000;9;57;43;13;1;8;8;commercial;4
какие бывают ниши в бизнесе;840000;5;27;21;12;1;8;8;commercial;1
как создать бизнес чат в телеграмме;2000000;6;35;20;12;1;8;8;commercial;1
чем больше цена тем меньше спрос;2000000;6;32;76;12;1;8;8;commercial;1
переводчик с японского на русский через камеру онлайн бесплатно в хорошем качестве на русском языке;3000000;15;99;12;12;1;8;8;commercial;4
как найти мою электронную почту в телефоне если забыла пароль и логин;3000000;12;69;12;12;1;8;8;commercial;1
как легально купить криптовалюту;611000;4;32;171;12;1;8;8;commercial;1
сырьевая себестоимость;19000;2;22;237;12;1;8;8;commercial;1
кто такой контент менеджер и чем он занимается;680000;8;46;14;12;1;8;8;commercial;12
перечислите позиции которые в бизнес плане являются главными;2000000;8;60;15;12;1;8;8;commercial;1
файлменеджером под андроид;62000;3;26;15;12;1;8;8;commercial;1
как выбрать название ооо при открытии бизнеса;2000000;7;45;14;12;1;8;8;commercial;1
переводчик с английского на русский по фото с телефона через камеру бесплатно без скачивания редми;3000000;15;98;14;12;1;8;8;commercial;2
фото стоковые сайты бесплатно;3000000;4;29;34;12;1;8;8;commercial;2
кто дает деньги на бизнес;2000000;5;25;99;12;1;8;8;commercial;12
основная задача менеджера по продажам;988000;5;37;115;12;1;8;8;commercial;1
чем меньше цена тем больше спрос;1000000;6;32;76;12;1;8;8;commercial;1
шаблоны фигма бесплатно;2000000;3;23;225;12;1;8;8;commercial;1
сделать инфографику онлайн бесплатно на русском;3000000;6;47;19;12;1;8;8;commercial;4
сервис онлайн бухгалтерии;2000000;3;25;224;12;1;8;8;commercial;4
обучение монтажу бесплатно;2000000;3;26;220;12;1;8;8;commercial;1
триггерная рассылка;93000;2;19;328;12;1;8;8;commercial;1
из чего формируется цена;781000;4;24;306;12;1;8;8;commercial;1
что должен включать в себя бизнес план;1000000;7;38;18;12;1;8;8;commercial;1
это цена реализации производителем продукции для дальнейшей переработки;787000;8;71;41;12;1;8;8;commercial;1
crm стратегия это;2000000;3;17;41;12;1;8;8;commercial;1
бизнес план это документ описывающий;534000;5;36;45;12;1;8;8;commercial;1
продажа телеграмм;12000;2;17;15636;12;1;8;8;commercial;1
создать почту яндекс новую для себя бесплатно без регистрации бесплатно на телефон;3000000;12;82;36;12;1;8;8;commercial;1
программы для ретуши фотографий на компьютере бесплатно;2000000;7;55;30;12;1;8;8;commercial;0
войти в вк по id на свою страницу с телефона;3000000;10;44;29;12;1;8;8;commercial;1
сервис почты;1000000;2;12;19073;12;1;8;8;commercial;1
как подготовить бизнес план;1000000;4;27;76;12;1;8;8;commercial;1
приложение камера для айфона бесплатно;2000000;5;38;213;11;1;8;8;commercial;1
войти в гугл таблицу;2000000;4;20;2518;12;1;8;8;commercial;1
вконтакте вход на страницу на мою без пароля войти;2000000;9;50;7684;11;1;8;8;commercial;1
онлайн курсы маркетинга бесплатно;2000000;4;33;139;11;1;8;8;commercial;4
написать текст для песни бесплатно;2000000;5;34;143;11;1;8;8;commercial;1
программа дизайн интерьера бесплатно на русском;3000000;6;47;2075;11;1;8;8;commercial;1
онлайн опрос создать бесплатно без регистрации;406000;6;46;107;11;1;8;8;commercial;4
регистрация почта яндекс бесплатно создать;3000000;5;42;5116;11;1;8;8;commercial;1
mind карты бесплатно;2000000;3;20;34;11;1;8;8;commercial;1
менеджер проектов обязанности и функции;1000000;5;39;33;11;1;8;8;commercial;1
сохранить видео с ютуба по ссылке бесплатно;4000000;7;43;34;11;1;8;8;commercial;19
себестоимостью продукции называют сумму постоянных издержек;790000;6;59;21;11;1;8;8;commercial;1
что такое таргет в продажах;360000;5;27;24;11;1;8;8;commercial;9
бизнес аналитик функционал;1000000;3;26;66;11;1;8;8;commercial;1
служба доставки для бизнеса;2000000;4;27;71;11;1;8;8;commercial;1
проектирование помещений программа бесплатно;2000000;4;44;67;11;1;8;8;commercial;1
открыть ютуб канал бесплатно;2000000;4;28;66;11;1;8;8;commercial;1
e mail регистрация почтового ящика бесплатно;3000000;6;44;11;11;1;8;8;commercial;1
кто такой бизнес партнер в компании;1000000;6;35;12;11;1;8;8;commercial;12
нейросеть для создания лендинга бесплатно;2000000;5;41;12;11;1;8;8;commercial;1
сервис бухгалтерии для ип;2000000;4;25;118;11;1;8;8;commercial;1
техника продажа;1000000;2;15;47470;11;1;8;8;commercial;1
вхуис сервис;2000000;2;12;11;11;1;8;8;commercial;1
сток фотографии бесплатно в хорошем качестве;2000000;6;44;13;11;1;8;8;commercial;1
переводчик с китайского на русский по фото с телефона бесплатно;3000000;10;63;2775;11;1;8;8;commercial;2
менеджер для маркетплейсов;272000;3;26;3688;11;1;8;8;commercial;1
смотреть историю инстаграм анонимно онлайн бесплатно;3000000;6;52;2364;11;1;8;8;commercial;4
сервис для изучения английского языка;2000000;5;37;185;11;1;8;8;commercial;1
заказное письмо ру;1000000;3;18;271;11;1;8;8;commercial;1
вк моя страница вход на страницу без пароля и логина бесплатно;91000;11;62;207;11;1;8;8;commercial;1
регистрация почты на gmail;2000;4;26;484;11;1;8;8;commercial;1
основной бизнес процесс это;55000;4;27;560;11;1;8;8;commercial;1
смс рассылки бесплатно;2000000;3;22;661;11;1;8;8;commercial;1
создать сайт магазина;3000000;3;21;1954;11;1;8;8;commercial;1
курс интернет маркетолог бесплатно;2000000;4;34;111;11;1;8;8;commercial;1
менеджер по реализации проектов;1000000;4;31;94;11;1;8;8;commercial;1
фотошоп фотографий бесплатно без регистрации для телефона;3000000;7;57;465;11;1;8;8;commercial;1
как купить пункт выдачи озон;1000000;5;28;209;11;1;8;8;commercial;1
как оформить заказное письмо на почте россии;2000000;7;44;81;11;1;8;8;commercial;1
сервисы коллтрекинга;806000;2;20;128;11;1;8;8;commercial;1
второй номер для телеграмм бесплатно;9000;5;36;146;11;1;8;8;commercial;1
программы похожие на фотошоп бесплатно;2000000;5;38;24;10;1;8;8;commercial;0
техника отработки возражений в продажах;561000;5;39;43;10;1;8;8;commercial;1
реклама в геосервисах;1000000;3;21;48;10;1;8;8;commercial;1
chad gpt бесплатно;2000000;3;18;28;10;1;8;8;commercial;1
приложение файловый менеджер для андроид;920000;5;40;71;10;1;8;8;commercial;1
менеджер по проектам должностная инструкция;1000000;5;43;63;10;1;8;8;commercial;1
бизнес сообщества в телеграмме;12000;4;30;34;10;1;8;8;commercial;1
заказное почта ру официальный сайт извещение;3000000;6;44;32;10;1;8;8;commercial;1
программа для подключения к удаленному рабочему столу бесплатно;1000000;8;63;18;10;1;8;8;commercial;1
контент менеджер что это;320000;4;24;546;10;1;8;8;commercial;16
если цена увеличивается то спрос;749000;5;32;307;10;1;8;8;commercial;1
должность менеджер проекта;840000;3;26;441;10;1;8;8;commercial;1
основные техники продаж для менеджеров по продажам;884000;7;50;13;10;1;8;8;commercial;1
перевод текста через камеру телефона онлайн бесплатно;3000000;7;53;17;10;1;8;8;commercial;4
бизнес чат в вк где найти;2000000;6;25;13;10;1;8;8;commercial;15
тм это в продажах;2000000;4;17;15;10;1;8;8;commercial;1
регистрация в почте яндекс зарегистрироваться бесплатно;3000000;6;55;10;10;1;8;8;commercial;1
содержание бизнес плана по пунктам;1000000;5;34;16;10;1;8;8;commercial;1
программа для ведения бухгалтерии ип бесплатно на усн;2000000;8;53;10;10;1;8;8;commercial;1
найти украшение по фото онлайн бесплатно;3000000;6;40;11;10;1;8;8;commercial;2
нейросеть создающая картинки по описанию бесплатно онлайн;2000000;7;57;906;10;1;8;8;commercial;4
dalle бесплатно;2000000;2;15;624;10;1;8;8;commercial;1
партнеры в бизнесе это;1000000;4;22;663;10;1;8;8;commercial;1
как купить криптовалюту на бирже;728000;5;32;92;10;1;8;8;commercial;1
курсы маркетинга бесплатно;2000000;3;26;1375;10;1;8;8;commercial;1
чем выше спрос тем ниже цена;1000000;6;28;67;10;1;8;8;commercial;1
партнеры это в бизнесе;2000000;4;22;663;10;1;8;8;commercial;1
спрос падает цена падает;653000;4;24;638;10;1;8;8;commercial;1
wk моя страница в контакте войти без пароля;3000000;8;43;87;10;1;8;8;commercial;1
менеджер по маркетплейсу;836000;3;24;8284;10;1;8;8;commercial;1
перевод через камеру телефона онлайн с английского на русский бесплатно;3000000;10;71;2570;10;1;8;8;commercial;4
crm рассылка;183000;2;12;400;10;1;8;8;commercial;1
чем ниже цена тем выше спрос;1000000;6;28;67;10;1;8;8;commercial;1
сервис готовые документы;2000000;3;24;71;10;1;8;8;commercial;1
бесплатное приложение для обработки фотографий;2000000;5;46;193;10;1;8;8;commercial;1
договор ndi;331000;2;11;52;10;1;8;8;commercial;1
электронный адрес мой показать на телефоне забыл его пароль и логин;2000000;11;67;14;10;1;8;8;commercial;1
моя страница в контакте зайти на страницу без пароля и логина;2000000;11;61;147;10;1;8;8;commercial;1
программа для дизайн проекта бесплатно;2000000;5;38;245;10;1;8;8;commercial;1
создать почта яндекс регистрация бесплатно;2000000;5;42;5018;10;1;8;8;commercial;1
джи ар менеджер;219000;3;15;15;9;1;8;8;commercial;1
заказать рекламу у блогера;2000000;4;26;221;9;1;8;8;commercial;1
купить криптовалюту в телеграмме;1000000;4;32;159;9;1;8;8;commercial;1
дизайн интерьера бесплатное обучение;731000;4;36;496;9;1;8;8;commercial;1
как создать сайт магазина самому бесплатно;3000000;6;42;50;9;1;8;8;commercial;1
личный кабинет донатера;613000;3;23;28;9;1;8;8;commercial;1
все маркетплейсы в одном кабинете;356000;5;33;28;9;1;8;8;commercial;1
бесплатные cms для интернет магазина;2000000;5;36;33;9;1;8;8;commercial;1
создать почту яндекс новую для себя бесплатно без регистрации бесплатно на телефон андроид по номеру;2000000;15;100;11;9;1;8;8;commercial;1
добавить организацию в 2гис бесплатно;4000000;5;37;48;9;1;8;8;commercial;1
что такое демпинговая цена;744000;4;26;48;9;1;8;8;commercial;9
поиск по фото где купить;2000000;5;24;30;9;1;8;8;commercial;2
рассылка по телеграм аккаунтам;640000;4;30;37;9;1;8;8;commercial;1
проверить стилистику текста онлайн бесплатно;2000000;5;44;38;9;1;8;8;commercial;4
как создать бизнес план с нуля пошаговая;2000000;7;40;84;9;1;8;8;commercial;1
что такое crm в рекламе;1000000;5;23;26;9;1;8;8;commercial;9
онлайн переводчик с японского на русский через камеру онлайн бесплатно без скачивания и регистрации;3000000;14;99;29;9;1;8;8;commercial;4
фотошоп лица онлайн бесплатно на свое фото на русском языке;3000000;10;59;73;9;1;8;8;commercial;4
проджект менеджеры;860000;2;18;14388;9;1;8;8;commercial;1
цена рекламы у блоггеров;2000000;4;24;59;9;1;8;8;commercial;1
джениале войти;2000000;2;14;9;9;1;8;8;commercial;1
менеджер на телефоне;2000000;3;20;3554;9;1;8;8;commercial;1
электронная рассылка;84000;2;20;4577;9;1;8;8;commercial;1
успешная продажа;6000;2;16;4018;9;1;8;8;commercial;1
перевод с английского по фото с телефона онлайн бесплатно;3000000;9;57;6030;9;1;8;8;commercial;2
как войти в нейросеть;2000000;4;21;417;9;1;8;8;commercial;1
рассылка для клиентов;846000;3;21;1636;9;1;8;8;commercial;1
удаление прыщей на фото онлайн бесплатно;2000000;6;40;10;9;1;8;8;commercial;4
шрифт на русском бесплатно;2000000;4;26;20105;8;1;8;8;commercial;1
ниша что это в бизнесе;719000;5;22;28;8;1;8;8;commercial;16
бизнес цвета;813000;2;12;4634;8;1;8;8;commercial;1
перевод с английского по фото онлайн бесплатно с телефона;3000000;9;57;5278;8;1;8;8;commercial;2
менеджер приложение;652000;2;19;5722;8;1;8;8;commercial;1
получить заказное письмо онлайн;2000000;4;31;80;8;1;8;8;commercial;4
майкрософт аутлук войти;2000000;3;23;53;8;1;8;8;commercial;1
заказное письмо с электронным уведомлением что это;759000;7;50;39;8;1;8;8;commercial;16
вк забыла пароль как войти;2000000;5;26;436;8;1;8;8;commercial;1
программы для инфографики бесплатно;2000000;4;35;536;8;1;8;8;commercial;0
сервисы подбора психологов;1000000;3;26;522;8;1;8;8;commercial;1
почта рф заказное онлайн;2000000;4;24;59;8;1;8;8;commercial;4
оплата по факту выполненных работ;2000000;5;33;342;8;1;8;8;commercial;1
альтернатива фотошопу бесплатно;1000000;3;31;95;8;1;8;8;commercial;1
что входит в обязанности контент менеджера;2000000;6;42;13;8;1;8;8;commercial;1
составить опрос онлайн бесплатно;2000000;4;32;12;8;1;8;8;commercial;7
сервис леонардо;4000;2;15;37;8;1;8;8;commercial;1
программа для визуализации интерьера бесплатно;2000000;5;46;327;8;1;8;8;commercial;1
сервис бесплатных фотографий;2000000;3;28;326;8;1;8;8;commercial;1
создание сайта магазина;3000000;3;23;2729;8;1;8;8;commercial;1
агрессивная продажа;1000000;2;19;795;8;1;8;8;commercial;1
перевести аудиозапись в текст онлайн бесплатно с телефона;3000000;8;57;8;8;1;8;8;commercial;4
фотошоп онлайн автоматически отредактировать фото бесплатно портрет;2000000;7;67;8;8;1;8;8;commercial;4
приложение для записи заказов;866000;4;29;61;8;1;8;8;commercial;1
личный кабинет ч;1000000;3;16;997;8;1;8;8;commercial;1
создать опрос без регистрации бесплатно;3000000;5;39;203;8;1;8;8;commercial;1
постоплата в течение 10 рабочих дней;3000000;6;36;24;8;1;8;8;commercial;1
на каких биржах можно купить криптовалюту за рубли;1000000;8;50;38;8;1;8;8;commercial;1
фотосток с бесплатной лицензией;1000000;4;31;23;8;1;8;8;commercial;1
плюсы сетевого бизнеса;944000;3;22;27;8;1;8;8;commercial;1
бот для создания логотипа бесплатно;2000000;5;35;35;8;1;8;8;commercial;1
коллтрекинг сервисы;816000;2;19;133;8;1;8;8;commercial;1
смарт в бизнесе;748000;3;15;260;8;1;8;8;commercial;1
свойство преимущество выгода в продажах;679000;5;39;45;8;1;8;8;commercial;1
сервис для голосования;1000000;3;22;278;8;1;8;8;commercial;1
как поставить точку на яндекс картах для бизнеса;2000000;8;48;159;8;1;8;8;commercial;1
распознавание шрифта по картинке бесплатно;2000000;5;42;19;8;1;8;8;commercial;1
завести почту в яндексе бесплатно;2000000;5;33;100;8;1;8;8;commercial;1
виды подготовки к продажам;1000000;4;26;113;8;1;8;8;commercial;17
разделы бизнес плана и их содержание;1000000;6;36;36;8;1;8;8;commercial;1
продажа ников телеграм;1000000;3;22;131;8;1;8;8;commercial;1
какого почтового сервиса не существует;1000000;5;38;19;7;1;8;8;commercial;1
из каких разделов состоит бизнес план;2000000;6;37;15;7;1;8;8;commercial;1
как посчитать бизнес план;934000;4;25;144;7;1;8;8;commercial;1
написать письмо в будущее самому себе бесплатно;3000000;7;47;21;7;1;8;8;commercial;1
телеграмм много попыток входа как войти;8000;6;39;14;7;1;8;8;commercial;1
красивые фото без авторских прав бесплатно;3000000;6;42;20;7;1;8;8;commercial;1
сделать почту яндекс зарегистрироваться бесплатно на телефон создать электронную почту;2000000;10;86;14;7;1;8;8;commercial;1
программы для планировки квартиры бесплатно;2000000;5;43;895;7;1;8;8;commercial;0
бизнес план на год;2000000;4;18;1581;7;1;8;8;commercial;1
бесплатное создание инфографики;2000000;3;31;977;7;1;8;8;commercial;1
ниши инфобизнеса;24000;2;16;146;7;1;8;8;commercial;1
продажа это услуга;763000;3;18;3409;7;1;8;8;commercial;1
является ли инвойс договором купли продажи;1000000;6;42;11;7;1;8;8;commercial;1
sku что это в продажах;658000;5;22;12;7;1;8;8;commercial;16
двухпанельный файловый менеджер для андроид;299000;5;43;9;7;1;8;8;commercial;1
поиск по фото лучшие сервисы;2000000;5;28;49;7;1;8;8;commercial;2
блог про бизнес;473000;3;15;93;7;1;8;8;commercial;1
смотреть истории инстаграм анонимно бесплатно без регистрации онлайн;3000000;8;68;425;7;1;8;8;commercial;4
что делает мерчендайзер в магазине одежды;887000;6;41;7;7;1;8;8;commercial;1
программа удаленного доступа к компьютеру через интернет бесплатно;2000000;8;66;371;7;1;8;8;commercial;1
найти по фото цена;2000000;4;18;354;7;1;8;8;commercial;2
загрузка с ютуба бесплатно;2000000;4;26;80;7;1;8;8;commercial;1
https m vk com feed вконтакте моя страница войти без логина;3000000;11;59;394;7;1;8;8;commercial;13
рандомайзер бесплатно инстаграм;1000000;3;31;277;7;1;8;8;commercial;1
найти где купить товар по фото;2000000;6;30;36;7;1;8;8;commercial;2
сервис парсинга;363000;2;15;342;7;1;8;8;commercial;1
обработка фото на айфоне бесплатно;2000000;5;34;587;7;1;8;8;commercial;2
магазин в одноклассниках;770000;3;24;624;7;1;8;8;commercial;1
бесплатное приложение для дизайна комнаты;2000000;5;41;307;7;1;8;8;commercial;1
отредактировать фото онлайн бесплатно ретушь лица обработка;3000000;7;59;125;7;1;8;8;commercial;4
стоки бесплатно;2000000;2;15;7419;7;1;8;8;commercial;1
как выбрать название для магазина;1000000;5;33;31;7;1;8;8;commercial;1
идеи для бизнеса телеграмм;7000;4;26;30;7;1;8;8;commercial;1
когда тарифы снижаются цены на импорт обычно растут;594000;8;51;24;7;1;8;8;commercial;1
бизнес модель пример готовый;1000000;4;28;26;7;1;8;8;commercial;1
человек который раскладывает товар в магазине;2000000;6;45;132;7;1;8;8;commercial;8
виды ниш в бизнесе;1000000;4;18;24;7;1;8;8;commercial;17
создать свой канал на ютубе бесплатно;3000000;6;37;39;7;1;8;8;commercial;1
создать электронную почту яндекс регистрация на русском языке;2000000;8;61;105;7;1;8;8;commercial;1
истинное и ложное возражение в продажах;571000;6;39;43;7;1;8;8;commercial;1
нейросеть делает логотип бесплатно;2000000;4;34;101;7;1;8;8;commercial;1
дзен личный кабинет вход для авторов;707000;6;36;116;7;1;8;8;commercial;1
оффер в продажах это;584000;4;20;34;7;1;8;8;commercial;1
zapisano;8000;1;8;35;7;1;8;8;commercial;1
интернет магазин своими руками;1000000;4;30;90;7;1;8;8;commercial;1
краткий бизнес план;1000000;3;19;817;7;1;8;8;commercial;1
хостинг сервер бесплатно;1000000;3;24;4487;7;1;8;8;commercial;1
умная камера переводчик с английского на русский по фото онлайн бесплатно;3000000;11;73;22;7;1;8;8;commercial;2
как сделать магазин в контакте;1000000;5;30;28;6;1;8;8;commercial;11
как называется профессия раскладывать товар в магазине;796000;7;54;25;6;1;8;8;commercial;1
демократичный стиль управления это;624000;4;34;25;6;1;8;8;commercial;1
понятие и сущность бизнес процессов;1000000;5;35;37;6;1;8;8;commercial;1
государственные гранты для малого бизнеса;2000000;5;41;31;6;1;8;8;commercial;1
чистая прибыль на себестоимость это рентабельность чего;259000;7;55;6;6;1;8;8;commercial;1
как получить кредит от государства на развитие малого бизнеса;2000000;9;61;7;6;1;8;8;commercial;1
выбрать победителя в вк по комментариям бесплатно;3000000;7;49;7;6;1;8;8;commercial;1
программы для 3д моделирования интерьера квартиры бесплатно на русском;3000000;9;70;7;6;1;8;8;commercial;0
бизнес план для получения гранта;1000000;5;32;224;6;1;8;8;commercial;1
музыка для бесплатного коммерческого использования;3000000;5;50;213;6;1;8;8;commercial;1
купить рекламу у блоггеров;1000000;4;26;225;6;1;8;8;commercial;1
полис оферта что это;285000;4;20;231;6;1;8;8;commercial;16
поиск шрифтов по картинке онлайн бесплатно;3000000;6;42;83;6;1;8;8;commercial;4
мои сервисы и подписки;2000000;4;22;78;6;1;8;8;commercial;1
рассылка по чатам в телеграм;5000;5;28;166;6;1;8;8;commercial;1
компетенции проектного менеджера;193000;3;32;46;6;1;8;8;commercial;1
как можно получить деньги на открытие бизнеса;2000000;7;45;42;6;1;8;8;commercial;1
как расписать бизнес план;1000000;4;25;53;6;1;8;8;commercial;1
программы для ип на усн бесплатно;2000000;6;33;182;6;1;8;8;commercial;0
интернет магазин на конструкторе;1000000;4;32;172;6;1;8;8;commercial;1
интернет магазин движок;1000000;3;23;1646;6;1;8;8;commercial;1
подбор ключевых слов бесплатно;2000000;4;30;36;6;1;8;8;commercial;1
создать почту яндекс ру регистрация бесплатно;3000000;6;45;45;6;1;8;8;commercial;1
как зайти на свою страницу в контакте если забыл пароль и логин;2000000;12;63;50;6;1;8;8;commercial;1
размещение рекламы в интернете бесплатно;3000000;5;40;35;6;1;8;8;commercial;1
фото для презентаций бесплатно;2000000;4;30;153;6;1;8;8;commercial;2
как войти в ингото режим;2000000;5;24;44;6;1;8;8;commercial;1
программа для дизайна интерьера квартиры бесплатно;2000000;6;50;137;6;1;8;8;commercial;1
источники бесплатного трафика;2000000;3;29;458;6;1;8;8;commercial;1
электронный адрес создать бесплатно;2000000;4;35;180;6;1;8;8;commercial;1
отбелить зубы фотошоп онлайн бесплатно;2000000;5;38;10;6;1;8;8;commercial;4
оранжевый цвет в бизнесе;1000000;4;24;17;6;1;8;8;commercial;1
установить блокировщик рекламы бесплатно;2000000;4;40;151;6;1;8;8;commercial;1
сервис для создания бота;853000;4;24;416;6;1;8;8;commercial;1
цель бизнес процесса;1000000;3;20;2455;6;1;8;8;commercial;1
программы для анимации бесплатно;2000000;4;32;2308;6;1;8;8;commercial;0
как правильно расписать бизнес план;1000000;5;35;11;6;1;8;8;commercial;1
создать ментальную карту бесплатно;2000000;4;34;226;6;1;8;8;commercial;1
дисконтные магазины;1000000;2;19;4280;6;1;8;8;commercial;1
основные бизнес процессы предприятия;1000000;4;36;183;5;1;8;8;commercial;1
блог о бизнесе;1000000;3;14;138;5;1;8;8;commercial;1
тариф озон пвз;1000000;3;14;276;5;1;8;8;commercial;1
интернет услуги для бизнеса;2000000;4;27;142;5;1;8;8;commercial;1
создание квизов онлайн бесплатно;2000000;4;32;47;5;1;8;8;commercial;4
требования к бизнес аналитику;2000000;4;29;185;5;1;8;8;commercial;1
3д дизайн интерьера бесплатно на русском;4000000;6;40;136;5;1;8;8;commercial;1
триггерная рассылка это;2000000;3;23;33;5;1;8;8;commercial;1
виртуальный хостинг бесплатно;2000000;3;29;45;5;1;8;8;commercial;1
как начать писать бизнес план;2000000;5;29;7;5;1;8;8;commercial;1
как купить рекламу в телеграмм каналах;9000;6;38;158;5;1;8;8;commercial;1
как выбрать логин для почты яндекс;2000000;6;34;6;5;1;8;8;commercial;1
распознать деталь по фото онлайн бесплатно;3000000;6;42;5;5;1;8;8;commercial;2
если купить биткоин на 10 тысяч рублей то сколько можно заработать;3000000;11;66;5;5;1;8;8;commercial;5
cbiletom ru купить билет;2000000;4;24;5;5;1;8;8;commercial;1
создать электронную почту gmail com зарегистрироваться бесплатно на телефон;3000000;9;75;221;5;1;8;8;commercial;13
бизнес модель какие бывают;1000000;4;26;94;5;1;8;8;commercial;1
бизнес с маленьким бюджетом;1000000;4;27;188;5;1;8;8;commercial;1
потребность в продажах это;490000;4;26;205;5;1;8;8;commercial;1
при уменьшении спроса равновесная цена;583000;5;38;70;5;1;8;8;commercial;1
купить подписки на сервисы;2000000;4;26;200;5;1;8;8;commercial;1
смотреть истории в вк анонимно бесплатно;3000000;6;40;21;5;1;8;8;commercial;1
нейросеть логотипов бесплатно;2000000;3;29;12222;5;1;8;8;commercial;1
менеджер по маркетплейс;909000;3;23;8196;5;1;8;8;commercial;1
как рассчитать стоимость рекламы в телеграмме;2000000;6;45;9;5;1;8;8;commercial;1
email api;590000;2;9;1586;5;1;8;8;commercial;1
подбор ключевых слов онлайн бесплатно;2000000;5;37;13;5;1;8;8;commercial;4
восстановить страницу вк по ссылке на профиль без номера телефона без пароля и логина;3000;14;85;16;5;1;8;8;commercial;1
переводчик с английского на русский по фото с телефона через камеру бесплатно без скачивания хонор;3000000;15;98;10;5;1;8;8;commercial;2
лучшее приложение для редактирования фото на андроид бесплатно;2000000;8;62;15;5;1;8;8;commercial;2
перевести с немецкого на русский по фото с телефона бесплатно онлайн переводчик;3000000;12;79;19;5;1;8;8;commercial;2
навыки менеджера маркетплейсов для резюме;290000;5;41;18;5;1;8;8;commercial;1
контент менеджеры;632000;2;17;23954;5;1;8;8;commercial;1
нейросеть фабула онлайн бесплатно;2000000;4;33;96;5;1;8;8;commercial;4
сделать почту яндекс регистрация;2000000;4;32;125;5;1;8;8;commercial;1
почта яндекса регистрация;2000000;3;25;29823;5;1;8;8;commercial;1
бесплатный файловый менеджер для андроид;1000000;5;40;439;5;1;8;8;commercial;1
сервис массовой рассылки;1000000;3;24;306;5;1;8;8;commercial;1
почта яндекс регистрация нового почтового ящика бесплатно яндекс;3000000;8;64;1790;5;1;8;8;commercial;1
твердая оферта это;2000000;3;18;9;5;1;8;8;commercial;1
работа в гугл таблицах обучение бесплатно;3000000;6;41;23;5;1;8;8;commercial;1
если предложение увеличивается то цена;866000;5;38;310;4;1;8;8;commercial;1
getcourse api key;222000;3;17;5;4;1;8;8;commercial;1
мл для бизнеса;2000000;3;14;27;4;1;8;8;commercial;1
каналы про бизнес в телеграмме;7000;5;30;27;4;1;8;8;commercial;1
сайт с картинками без авторских прав бесплатно;2000000;7;46;53;4;1;8;8;commercial;1
стоимость вещей по фото;1000000;4;23;58;4;1;8;8;commercial;2
функционал менеджера проекта;628000;3;28;55;4;1;8;8;commercial;1
сервис для поиска психологов;2000000;4;28;45;4;1;8;8;commercial;1
стоимость разработки лендинга;1000000;3;29;47;4;1;8;8;commercial;1
как правильно описать бизнес процесс;1000000;5;36;23;4;1;8;8;commercial;1
себестоимость отдельного вида продукции работ услуг находится;2000000;7;61;23;4;1;8;8;commercial;1
обязанности мерчендайзера в магазине фикс прайс;637000;6;47;22;4;1;8;8;commercial;1
должностная инструкция smm менеджера;605000;4;36;19;4;1;8;8;commercial;1
где можно взять деньги на открытие бизнеса;306000;7;42;20;4;1;8;8;commercial;15
бизнес модель предприятия;988000;3;25;606;4;1;8;8;commercial;1
шаблоны бизнес моделей;1000000;3;22;618;4;1;8;8;commercial;1
как управлять продажами;595000;3;23;259;4;1;8;8;commercial;1
емайл регистрация бесплатно;2000000;3;27;313;4;1;8;8;commercial;1
экосистемы бизнеса;824000;2;18;2920;4;1;8;8;commercial;1
установленная цена;1000000;2;18;72041;4;1;8;8;commercial;1
программы для дизайна бесплатно;2000000;4;31;10150;4;1;8;8;commercial;0
себестоимость выпущенной продукции;266000;3;34;1183;4;1;8;8;commercial;1
ютуб канал регистрация;3000000;3;22;988;4;1;8;8;commercial;1
сервисы для пк;826000;3;14;1723;4;1;8;8;commercial;1
как создавать бизнес план;2000000;4;25;884;4;1;8;8;commercial;1
почта яндекс регистрация почтового ящика бесплатно нового;3000000;7;57;1897;4;1;8;8;commercial;1
цена клиента в маркетинге;794000;4;25;98;4;1;8;8;commercial;1
как войти вконтакте если забыл пароль;3000000;6;37;95;4;1;8;8;commercial;1
можно ли получить деньги на открытие бизнеса;2000000;7;44;112;4;1;8;8;commercial;1
оператор эдо бесплатно;2000000;3;22;71;4;1;8;8;commercial;1
бенчмаркинг бизнес процессов;808000;3;28;78;4;1;8;8;commercial;1
завести ящик на яндексе регистрация бесплатно;2000000;6;45;81;4;1;8;8;commercial;1
как отправить заказное письмо от организации;742000;6;44;80;4;1;8;8;commercial;1
типы потребностей в продажах;756000;4;28;83;4;1;8;8;commercial;1
описание бизнес процессов предприятия;1000000;4;37;182;4;1;8;8;commercial;1
описание бизнес процессов компании;2000000;4;34;190;4;1;8;8;commercial;1
сервисы по отправке смс;1000000;4;23;118;4;1;8;8;commercial;1
сценарий подкаста;227000;2;17;212;4;1;8;8;commercial;1
триз для бизнеса;1000000;3;16;140;4;1;8;8;commercial;1
сервис подтверждения запроса данных третьими лицами;4000;6;51;5;4;1;8;8;commercial;1
трафик менеджер и таргетолог в чем разница;313000;7;42;5;4;1;8;8;commercial;1
в резюме бизнес плана следует описать;1000000;6;37;4;4;1;8;8;commercial;1
как пользоваться телеграмм для бизнеса;7000;5;38;5;4;1;8;8;commercial;1
как узнать свою электронную почту на телефоне если забыл пароль и логин;2000000;12;71;112;4;1;8;8;commercial;1
как меняется равновесная цена при увеличении спроса;895000;7;51;4;4;1;8;8;commercial;1
яндекс почта создать ящик бесплатно;2000000;5;35;2539;4;1;8;8;commercial;1
программа для фотомонтажа на андроид бесплатно на русском;3000000;8;57;4;4;1;8;8;commercial;1
телеграм бот бесплатно;2000000;3;22;16594;4;1;8;8;commercial;1
камера перевод с китайского на русский онлайн бесплатно;3000000;8;55;1366;4;1;8;8;commercial;4
определить стиль текста онлайн бесплатно;2000000;5;40;12;4;1;8;8;commercial;4
бесплатно скачать видео с ютуба и других сервисов;3000000;8;49;7;4;1;8;8;commercial;19
кто дает рассрочку банк или магазин;2000000;6;35;7;4;1;8;8;commercial;12
себестоимость значение слова;4000;3;28;4;3;1;8;8;commercial;1
как организации получают заказные письма;1000000;5;40;58;3;1;8;8;commercial;10
3д моделирование онлайн программа бесплатно;3000000;5;43;85;3;1;8;8;commercial;4
как открыть магазин вк;2000000;4;22;99;3;1;8;8;commercial;1
бизнес государство;768000;2;18;53335;3;1;8;8;commercial;1
приложение парольного менеджера;897000;3;31;33;3;1;8;8;commercial;1
итоги розыгрыша в инстаграм бесплатно;2000000;5;37;61;3;1;8;8;commercial;1
создать почту яндекс ру регистрация;3000000;5;35;57;3;1;8;8;commercial;1
freepik регистрация;1000000;2;19;15;3;1;8;8;commercial;1
социально демографический таргетинг;379000;3;35;16;3;1;8;8;commercial;1
программы для создания дизайна квартиры и планирования ремонта бесплатно;3000;9;72;26;3;1;8;8;commercial;0
бонусная система для магазина;1000000;4;29;29;3;1;8;8;commercial;1
парсинг бесплатно;1000000;2;17;457;3;1;8;8;commercial;1
продажа никнеймов;1000000;2;17;712;3;1;8;8;commercial;1
рассылка смс на телефоны;2000000;4;24;482;3;1;8;8;commercial;1
демографическая среда;148000;2;21;674;3;1;8;8;commercial;1
показать мою электронную почту на телефоне бесплатно без регистрации;3000000;9;68;331;3;1;8;8;commercial;1
роль менеджера проекта;1000000;3;22;348;3;1;8;8;commercial;1
эффективная продажа;602000;2;19;4171;3;1;8;8;commercial;1
инфографики онлайн бесплатно;2000000;3;28;2474;3;1;8;8;commercial;4
себестоимость продукции предприятия;309000;3;35;2684;3;1;8;8;commercial;1
розыгрыши бесплатно;1000000;2;19;54509;3;1;8;8;commercial;1
стоимость действий;1000000;2;18;8045;3;1;8;8;commercial;1
реклама в бизнесе;1000000;3;17;7325;3;1;8;8;commercial;1
сервис перевода;128000;2;15;7093;3;1;8;8;commercial;1
сервис обучения;2000000;2;15;9512;3;1;8;8;commercial;1
заказное письмо на почте;831000;4;24;13191;3;1;8;8;commercial;1
заключение договора оферты;518000;3;26;1980;3;1;8;8;commercial;1
развитие бизнес модели;1000000;3;22;983;3;1;8;8;commercial;1
почтовый сервис outlook;668000;3;23;100;3;1;8;8;commercial;1
фотографии для коммерческого использования бесплатно;2000000;5;52;99;3;1;8;8;commercial;1
6 кофе бесплатно;3000000;3;16;112;3;1;8;8;commercial;1
инвесторы для бизнеса это;842000;4;25;126;3;1;8;8;commercial;1
интернет магазин на cms;885000;4;23;118;3;1;8;8;commercial;1
закон спроса предполагает что когда цена товара падает объем планируемых покупок растет;1000000;12;87;77;3;1;8;8;commercial;14
отключить рекламу на компьютере бесплатно;2000000;5;41;215;3;1;8;8;commercial;1
последовательность разделов бизнес плана;1000000;4;40;251;3;1;8;8;commercial;1
подбор ключевых слов сервис;2000000;4;27;173;3;1;8;8;commercial;1
узнать crm;605000;2;10;146;3;1;8;8;commercial;1
цена оферты это;2000000;3;15;156;3;1;8;8;commercial;1
анализ конкурентов в бизнес плане;1000000;5;33;159;3;1;8;8;commercial;1
остаток оплаты по договору;472000;4;26;154;3;1;8;8;commercial;1
выплаты на развитие малого бизнеса;2000000;5;34;179;3;1;8;8;commercial;1
определить шрифт по картинке онлайн русский бесплатно;3000000;7;53;5;3;1;8;8;commercial;4
одноразовая почта онлайн бесплатно;3000000;4;34;5;3;1;8;8;commercial;4
онлайн конструктор интернет магазина бесплатно;2000000;5;46;6;3;1;8;8;commercial;4
если цена товара увеличилась на 5 а величина спроса уменьшилась на 10 то это спрос;3000000;15;82;6;3;1;8;8;commercial;14
техподдержка вк восстановить страницу написать с телефона;2000000;7;57;3;3;1;8;8;commercial;1
программа для составления договоров по шаблону;1000000;6;46;3;3;1;8;8;commercial;1
road map что это такое в бизнесе;1000000;7;32;3;3;1;8;8;commercial;16
создать аккаунт gmail для андроид на телефон бесплатно;2000000;8;54;4;3;1;8;8;commercial;1
сценарий подкаста пример;381000;3;24;11;3;1;8;8;commercial;1
создать статистику онлайн бесплатно;2000000;4;35;10;3;1;8;8;commercial;4
аналитика вконтакте бесплатно;2000000;3;29;9;3;1;8;8;commercial;1
как открыть свой бизнес с поддержкой государства;2000000;7;48;14;3;1;8;8;commercial;1
yandex ru создать почту зарегистрироваться бесплатно;3000000;6;52;13;3;1;8;8;commercial;1
сервис для создания коротких ссылок;2000000;5;35;12;3;1;8;8;commercial;1
закон спроса чем выше цена тем ниже спрос;1000000;8;41;12;3;1;8;8;commercial;1
добавить организацию на яндекс карты бесплатно с фотографиями с телефона без регистрации бесплатно;2000000;13;98;3;3;1;8;8;commercial;1
условие ограничивающее применение демократического стиля управления;2000000;6;67;8;3;1;8;8;commercial;1
обязательные реквизиты в договоре с самозанятым;719000;6;47;7;3;1;8;8;commercial;1
какими качествами должен обладать бизнес аналитик;2000000;6;49;7;3;1;8;8;commercial;1
100 постоплата в договоре образец;79000;5;33;6;3;1;8;8;commercial;1
winner розыгрыш в инстаграм бесплатно;2000000;5;37;3;3;1;8;8;commercial;1
что входит в себестоимость продаж в балансе;2000000;7;43;7;3;1;8;8;commercial;1
переводчик с китайского на русский по фото с телефона через камеру бесплатно без скачивания самсунг;3000000;15;99;3;3;1;8;8;commercial;2
фотошоп ретушь лица онлайн бесплатно на русском;3000;7;47;10;3;1;8;8;commercial;4
как меняется равновесная цена при уменьшении спроса;660000;7;51;3;3;1;8;8;commercial;1
оплата по факту реализации товара;968000;5;33;305;2;1;8;8;commercial;14
какие разделы включают в себя бизнес план;1000000;7;41;28;2;1;8;8;commercial;1
вход на мою страницу вк без пароля и логина;2000000;9;43;3756;2;1;8;8;commercial;1
смотреть истории вк анонимно бесплатно;3000000;5;38;163;2;1;8;8;commercial;1
программа для скачивания видео с любого сайта бесплатно;4000000;8;55;577;2;1;8;8;commercial;1
анализ отрасли и рынка в бизнес плане;1000000;7;37;92;2;1;8;8;commercial;1
vk com моя страница войти без пароля и логина по номеру телефона на мою;2000000;14;71;331;2;1;8;8;commercial;1
что такое договор оферты на оказание услуг подводные камни;790000;9;58;7;2;1;8;8;commercial;1
техника убеждения в продажах;620000;4;28;7;2;1;8;8;commercial;1
сайт для опроса онлайн бесплатно;3000000;5;32;6;2;1;8;8;commercial;4
розыгрыш вконтакте по репостам бесплатно;2000000;5;40;36;2;1;8;8;commercial;1
как создать страницу магазина в вк;2000000;6;34;6;2;1;8;8;commercial;1
как выглядит титульный лист бизнес плана;1000000;6;40;8;2;1;8;8;commercial;1
убрать морщины на лице на фото онлайн бесплатно;2000000;8;47;32;2;1;8;8;commercial;4
gpt4 нейросеть онлайн доступ бесплатно;3000000;5;38;44;2;1;8;8;commercial;4
придумать логин для почты в яндексе;647000;6;35;48;2;1;8;8;commercial;1
менеджер продвижения;918000;2;20;1564;2;1;8;8;commercial;1
назначение бизнес плана состоит;951000;4;31;47;2;1;8;8;commercial;1
грейд магазина это;2000000;3;18;4;2;1;8;8;commercial;1
письмо рассылка образец;343000;3;23;291;2;1;8;8;commercial;1
что входит в резюме бизнес плана;2000000;6;32;13;2;1;8;8;commercial;1
сервисы для ведения заметок;875000;4;27;19;2;1;8;8;commercial;1
предложение услуг которые сопутствуют продукту и по уровню выгодно отличаются от услуг конкурентов;1000000;13;98;20;2;1;8;8;commercial;1
сервисы инфографики;773000;2;19;702;2;1;8;8;commercial;1
оформление титульного листа бизнес плана;1000000;5;40;21;2;1;8;8;commercial;1
план по созданию бизнеса;987000;4;24;720;2;1;8;8;commercial;1
блок схема бизнес процесса это;1000000;5;30;15;2;1;8;8;commercial;1
kpi бренд менеджера;441000;3;19;17;2;1;8;8;commercial;1
спрос директивное планирование предложение равновесная цена потребитель дефицит;837000;8;79;17;2;1;8;8;commercial;1
mindmap онлайн бесплатно;2000000;3;24;14;2;1;8;8;commercial;4
whois сервис проверка домена;1000000;4;28;13;2;1;8;8;commercial;1
lizaonair розыгрыш в инстаграме бесплатно онлайн;2000000;6;48;8;2;1;8;8;commercial;4
создать электронную почту яндекс ru зарегистрироваться бесплатно;3000000;7;64;29;2;1;8;8;commercial;1
регистрация на сайте как сделать;3000000;5;32;387;2;1;8;8;commercial;11
предложение увеличилось равновесная цена;889000;4;40;409;2;1;8;8;commercial;1
создать аватарку нейросетью бесплатно;2000000;4;37;795;2;1;8;8;commercial;1
платные почтовые сервисы;3000;3;24;11;2;1;8;8;commercial;1
как заказать рекламу;2000000;3;20;846;2;1;8;8;commercial;1
открой файл менеджер;1000000;3;20;461;2;1;8;8;commercial;1
бесплатный сервис для записи клиентов;2000000;5;37;127;2;1;8;8;commercial;1
рассылка на телефон;1000000;3;19;2571;2;1;8;8;commercial;1
программа для дизайна магазина скачать бесплатно;1000000;6;48;2;2;1;8;8;commercial;19
разместить промокод на скидку бесплатно;1000000;5;39;2;2;1;8;8;commercial;1
wk моя страница войти без пароля;2000000;6;32;82;2;1;8;8;commercial;1
продажа информации;2000000;2;18;11339;2;1;8;8;commercial;1
надежный почтовый сервис;760000;3;24;69;2;1;8;8;commercial;1
рассылка смс на номер телефона;2000000;5;30;76;2;1;8;8;commercial;1
корпоративный домен для почты что это;606000;6;37;2;2;1;8;8;commercial;16
автоматизация продаж это;2000000;3;24;72;2;1;8;8;commercial;1
сервисы для электронного документооборота;2000000;4;41;171;2;1;8;8;commercial;1
как купить галочку в вк;1000000;5;23;2;2;1;8;8;commercial;1
перевод с английского на русский по фото бесплатно онлайн через камеру телефона;3000000;12;79;3120;2;1;8;8;commercial;2
подключена подписка;727000;2;19;74819;2;1;8;8;commercial;1
подписка подключена;726000;2;19;74819;2;1;8;8;commercial;1
регистрация почты яндекса;2000000;3;25;29823;2;1;8;8;commercial;1
войти вконтакте на свою страницу без пароля и логина по номеру;2000000;11;62;151;2;1;8;8;commercial;1
войти в контакт на мою страницу без пароля и логина;2000000;10;51;6570;2;1;8;8;commercial;1
сервис поиска психологов;2000000;3;24;153;2;1;8;8;commercial;1
аутсорсинг как бизнес;1000000;3;21;146;2;1;8;8;commercial;1
блоги про бизнес;914000;3;16;93;2;1;8;8;commercial;1
лучшие файловые менеджеры для android;2000000;5;37;55;2;1;8;8;commercial;1
как расценивается инициация проекта с позиции менеджера;523000;7;55;3;2;1;8;8;commercial;1
дизайн проект квартиры самостоятельно программа бесплатно на русском;3000000;8;68;56;2;1;8;8;commercial;1
ликвидация закрытие магазина;1000000;3;28;197;2;1;8;8;commercial;1
по какому материалу бизнес плана потенциальный инвестор будет судить о проекте;2000000;11;78;3;2;1;8;8;commercial;1
сколько стоит заказать рекламу у блогера;2000000;6;40;4;2;1;8;8;commercial;1
yandex почта регистрация создать почтовый ящик бесплатно;2000;7;56;3;2;1;8;8;commercial;1
ясно цена консультации;1000000;3;22;3;2;1;8;8;commercial;1
rs файловый менеджер 7z rar;2000000;5;27;3;2;1;8;8;commercial;1
зайти к себе на страницу в контакте без пароля и логина;2000000;11;55;3;2;1;8;8;commercial;1
парсер цен конкурентов бесплатно;2000000;4;32;1;1;1;8;8;commercial;1
лучшие ресурсы для изучения английского языка самостоятельно бесплатно;3000000;8;70;1;1;1;8;8;commercial;1
как узнать свой емайл электронной почты на телефоне если забыл пароль и логин;2000000;13;77;1;1;1;8;8;commercial;1
к автоматизированным сервисам мониторинга социальных медиа и сми относится;2000000;9;74;1;1;1;8;8;commercial;1
николай иронов цена;1000000;3;19;1;1;1;8;8;commercial;1
для чего нужен гугл тег менеджер;1000000;6;32;1;1;1;8;8;commercial;1
что характеризует себестоимость продукции работ услуг;1000000;6;53;1;1;1;8;8;commercial;1
рассылка email по своей базе бесплатно программа;3000000;7;48;1;1;1;8;8;commercial;1
каких разделов бизнес плана не существует;1000000;6;41;1;1;1;8;8;commercial;1
производственная себестоимость продукции включает затраты тест;839000;6;62;1;1;1;8;8;commercial;1
нейросеть нарисовать по фото онлайн бесплатно;2000000;6;45;62;1;1;8;8;commercial;2
как открыть интернет магазин в контакте;2000000;6;39;2;1;1;8;8;commercial;1
название для телеграмм канала для бизнеса;8000;6;41;12;1;1;8;8;commercial;1
логин для электронной почты варианты;1000000;5;36;12;1;1;8;8;commercial;1
вконтакте моя страница войти по номеру телефона без пароля прямо на страницу;3000000;12;76;400;1;1;8;8;commercial;1
перевод с английского на русский с камеры онлайн бесплатно;3000000;9;58;3546;1;1;8;8;commercial;4
менеджер по рекламным материалам;2000000;4;32;29;1;1;8;8;commercial;1
бесплатные файловые менеджеры для андроид;1000000;5;41;439;1;1;8;8;commercial;1
автоматизация деятельности это;2000000;3;30;464;1;1;8;8;commercial;1
по для вебинаров бесплатно;3000000;4;26;453;1;1;8;8;commercial;2
магазины дискаунтеры в россии;2000000;4;29;38;1;1;8;8;commercial;1
vk com моя страница вход на страницу без пароля и логина бесплатно;3000000;12;66;27;1;1;8;8;commercial;1
сервис для создания карточек;951000;4;28;327;1;1;8;8;commercial;1
кабинет вебмастера яндекс;715000;3;25;790;1;1;8;8;commercial;1
анкеты онлайн бесплатно;2000000;3;23;772;1;1;8;8;commercial;4
равновесная цена и равновесный объем возрастут если;1000000;7;51;16;1;1;8;8;commercial;1
сбор семантики бесплатно;1000000;3;24;17;1;1;8;8;commercial;1
визуализация интерьера программа бесплатно;2000000;4;42;536;1;1;8;8;commercial;1
вк забыли пароль и логин;1000000;5;24;656;1;1;8;8;commercial;1
как купить крипту телеграмм;2000000;4;27;97;1;1;8;8;commercial;1
бесплатные сервисы онлайн записи;2000000;4;32;189;1;1;8;8;commercial;4
сервисы для скачивания видео с любого сайта;4000000;7;43;85;1;1;8;8;commercial;1
личный кабинет где он находится;2000000;5;31;74;1;1;8;8;commercial;15
аналитический сервис это;3000000;3;24;82;1;1;8;8;commercial;1
бесплатное приложение по дизайну интерьера;2000000;5;42;136;1;1;8;8;commercial;1
дизайн сайта интернет магазина;2000000;4;30;168;1;1;8;8;commercial;1
фотобанк бесплатно без регистрации;2000000;4;34;152;1;1;8;8;commercial;1
аутлук почта войти онлайн;2000000;4;25;117;1;1;8;8;commercial;4
онлайн сервис для ип;3000000;4;20;172;1;1;8;8;commercial;4
смс рассылка акции;1000000;3;18;47;1;1;8;8;commercial;1
пункты бизнес плана пример;1000000;4;26;43;1;1;8;8;commercial;1
визитка для бизнеса;1000000;3;19;226;1;1;8;8;commercial;1
оценка конкурентов в бизнес плане;2000000;5;33;67;1;1;8;8;commercial;1
курсы по криптовалюте бесплатно;2000000;4;31;221;1;1;8;8;commercial;1
равновесие спроса и предложения равновесная цена;1000000;6;48;225;1;1;8;8;commercial;1
план спрос предложение и равновесная рыночная цена;1000000;7;50;6;1;1;8;8;commercial;1
скрытые возражения в продажах;466000;4;29;5;1;1;8;8;commercial;1
понятие и сущность бизнес плана;45000;5;31;5;1;1;8;8;commercial;1
в производственную себестоимость не входит статья затрат тест;2000000;8;61;2;1;1;8;8;commercial;1
файл менеджеры;2000;2;14;9359;1;1;8;8;commercial;1
какие онлайн сервисы для перевода вы знаете;2000000;7;43;2;1;1;8;8;commercial;4
взаимодействие спроса и предложения рыночное равновесие и равновесная цена;884000;9;74;6;1;1;8;8;commercial;1
создавать интернет магазин;2000000;3;26;6698;1;1;8;8;commercial;1
величина спроса равновесная цена рыночная экономика предпринимательские способности рынок труда;945000;10;95;3;1;1;8;8;commercial;1
анонс вебинара пример;147000;3;21;3;1;1;8;8;commercial;1
производственная себестоимость отличается от цеховой на величину;276000;7;64;3;1;1;8;8;commercial;1
мой бизнес помощь малому бизнесу от государства;2000000;7;47;3;1;1;8;8;commercial;1
один кабинет для всех маркетплейсов;881000;5;35;3;1;1;8;8;commercial;1
сущность и значение бизнес плана;952000;5;32;3;1;1;8;8;commercial;1
сайт для создания анкеты для опроса бесплатно;3000000;7;45;3;1;1;8;8;commercial;1
бизнес план документ;1000000;3;20;1566;1;1;8;8;commercial;1
бизнес процесс компании это;1000000;4;27;1485;1;1;8;8;commercial;1
чистая себестоимость;199000;2;20;1521;1;1;8;8;commercial;1
методики бизнес планирования;761000;3;28;1430;1;1;8;8;commercial;1
разность между ценой реализации и себестоимостью продукции;983000;7;58;11;1;1;8;8;commercial;1
скачивать клипы с ютуба бесплатно;2000000;5;33;1828;1;1;8;8;commercial;1
лучшие сервисы смс рассылок;2000000;4;27;13;1;1;8;8;commercial;1
реферальный договор что это;278000;4;27;2;1;1;8;8;commercial;16
интернет магазин описание;1000000;3;25;1254;1;1;8;8;commercial;1
яндекс войти инкогнито;2000000;3;22;1291;1;1;8;8;commercial;1
сервисы сокращения ссылок для вконтакте;2000000;5;39;8;1;1;8;8;commercial;1
чеки с магазина;1000000;3;15;11391;1;1;8;8;commercial;1
сделать мультиссылку бесплатно;2000000;3;30;10;1;1;8;8;commercial;11
скачать продвижение интернет магазина;1000000;4;37;2;1;1;8;8;commercial;1
зачем нужно бизнес планирование;644000;4;31;10;1;1;8;8;commercial;1
топ сервисов для;2000000;3;16;2757;1;1;8;8;commercial;1
распознавание вещи по фото онлайн бесплатно;2000000;6;43;4;0;1;8;8;commercial;2
wordpress рассылка писем;347000;3;24;3;0;1;8;8;commercial;1
сервис рассылок сообщений вконтакте;2000000;4;35;4;0;1;8;8;commercial;1
цена и ценообразование кратко;650000;4;29;7;0;1;8;8;commercial;1
емайл рассылки заказать;914000;3;23;4;0;1;8;8;commercial;1
массовая интернет рассылка смс;891000;4;30;6;0;1;8;8;commercial;1
программы для обработки фото на телефоне для андроид бесплатно;3000000;9;62;8;0;1;8;8;commercial;0
3д моделирование онлайн на русском языке бесплатно;4000000;7;50;8;0;1;8;8;commercial;4
реклама в телеграмме купить у канала;9000;6;36;8;0;1;8;8;commercial;1
поиск по фотографии купить;2000000;4;26;8;0;1;8;8;commercial;1
если спрос выше предложения то цена на товар ответ;2000000;9;50;8;0;1;8;8;commercial;1
приложение для розыгрышей в инстаграм по комментариям бесплатно;2000000;8;63;8;0;1;8;8;commercial;1
сервис для проведения розыгрыша в инстаграме бесплатно;2000000;7;54;5;0;1;8;8;commercial;1
анализ позиций сайта в поисковой выдаче бесплатно;3000000;7;49;5;0;1;8;8;commercial;1
vkontakte ru вход на мою страницу без пароля и логина;2000000;10;53;5;0;1;8;8;commercial;1
как правильно составить бизнес план образец бесплатно;2000000;7;53;4;0;1;8;8;commercial;7
сканер переводчик с английского на русский через камеру телефона бесплатно без регистрации;2000000;12;90;6;0;1;8;8;commercial;1
цена устанавливаемая на товар на основе спроса и предложения;1000000;9;60;6;0;1;8;8;commercial;1
интернет реклама обучение бесплатно;2000000;4;35;5;0;1;8;8;commercial;1
по мере того как цена товара снижается а величина спроса растет при линейной функции спроса;1000000;15;91;1;0;1;8;8;commercial;14
сервисы по раскрутке соц сетей;1000000;5;30;1;0;1;8;8;commercial;1
на рынке сложилась ситуация цена ниже чем равновесная это приведет к;1000000;11;68;1;0;1;8;8;commercial;1
ретушь кожи лица онлайн бесплатно;2000000;5;33;1;0;1;8;8;commercial;4
рr менеджер это;2000000;3;15;1;0;1;8;8;commercial;1
равновесная цена и равновесный объем сократятся если;798000;7;52;1;0;1;8;8;commercial;1
предложение товара х абсолютно неэластично если спрос на этот товар вырастет то равновесная цена;950000;14;96;1;0;1;8;8;commercial;14
задачи в бизнес плане пример;1000000;5;28;1;0;1;8;8;commercial;1
перевод с украинского на русский по фото с телефона онлайн бесплатно;3000000;11;68;1;0;1;8;8;commercial;2
если одновременно вырастут предложение товара и доходы потребителей то цена на него не изменится;1000000;14;96;1;0;1;8;8;commercial;14
сервисы онлайн платежей список;3000000;4;30;1;0;1;8;8;commercial;4
что понимается под индивидуальной себестоимостью;247000;5;48;1;0;1;8;8;commercial;1
точкой закрытия фирмы называется такой объем производства при котором цена равна минимуму;836000;12;89;1;0;1;8;8;commercial;1
сущность и значение бизнес модели;652000;5;33;1;0;1;8;8;commercial;1
если цена товара установилась ниже равновесной цены то на рынке возникает;817000;11;73;1;0;1;8;8;commercial;14
минимальная цена по которой продавец согласен продать определенное количество данного товара;2000000;11;92;3;0;1;8;8;commercial;14
курсы по продвижению в инстаграм бесплатно;2000000;6;42;3;0;1;8;8;commercial;1
желание и возможность потребителя купить конкретный товар или получить услугу по данной цене;2000000;13;92;3;0;1;8;8;commercial;1
call tracking бесплатно;2000000;3;23;1;0;1;8;8;commercial;1
call tracking сервисы;922000;3;21;1;0;1;8;8;commercial;1
проакция это;2000000;2;12;2;0;1;8;8;commercial;18
назовите основные разделы бизнес плана;2000000;5;38;2;0;1;8;8;commercial;1
смс рассылки для бизнеса бесплатно;2000000;5;34;2;0;1;8;8;commercial;1
содержит существенные условия оферта или акцепт;2000000;6;47;2;0;1;8;8;commercial;1
приложение для камеры на айфон бесплатно;2000000;6;40;87;0;1;8;8;commercial;1
инфографика бесплатные сервисы;2000000;3;30;100;0;1;8;8;commercial;1
как купить криптовалюту телеграмма;1000000;4;34;101;0;1;8;8;commercial;1
почта навсегда бесплатно;2000000;3;24;94;0;1;8;8;commercial;1
бизнес модель включает в себя;1000000;5;29;94;0;1;8;8;commercial;1
интеллект карта онлайн бесплатно на русском;3000000;6;43;76;0;1;8;8;commercial;4
подобрать название магазина;758000;3;27;86;0;1;8;8;commercial;1
бот логотип бесплатно;2000000;3;21;132;0;1;8;8;commercial;1
приложения для дизайна дома бесплатно;3000000;5;37;145;0;1;8;8;commercial;1
моя страница в вконтакте войти открыть без пароля;2000000;8;49;145;0;1;8;8;commercial;1
смс рассылка с компьютера;509000;4;25;138;0;1;8;8;commercial;1
приложения в бизнес плане;1000000;4;25;109;0;1;8;8;commercial;1
что такое бизнес процесс в компании;830000;6;35;105;0;1;8;8;commercial;9
хостинг с бесплатным тарифом;2000000;4;28;56;0;1;8;8;commercial;1
бизнес планирование статьи;1000000;3;26;53;0;1;8;8;commercial;1
завести электронную почту на яндексе регистрация бесплатно;3000000;7;58;45;0;1;8;8;commercial;1
узнать шрифт по фото бесплатно;2000000;5;30;46;0;1;8;8;commercial;2
как формируется цена услуги;1000000;4;27;67;0;1;8;8;commercial;1
из чего состоят бизнес процессы;893000;5;31;64;0;1;8;8;commercial;1
моя страница вконтакте вход прямо на страницу без пароля и логина восстановить страницу вконтакте;2000000;14;97;69;0;1;8;8;commercial;1
вконтакте социальная моя страница вход без логина и пароля на мою;2000000;11;65;73;0;1;8;8;commercial;1
виртуальный магазин онлайн;2000000;3;26;57;0;1;8;8;commercial;4
дополнительный сервис для клиентов;1000000;4;34;56;0;1;8;8;commercial;1
программа для анимации 2d бесплатно на русском;4000000;7;46;62;0;1;8;8;commercial;1
стикеры веселые бесплатно;2000000;3;25;57;0;1;8;8;commercial;1
хостинг php mysql бесплатно;1000000;4;27;61;0;1;8;8;commercial;1
программа для визуализации бесплатно;354000;4;36;628;0;1;8;8;commercial;1
опрос в интернете бесплатно;2000000;4;27;61;0;1;8;8;commercial;1
виды покупателей в магазине;948000;4;27;975;0;1;8;8;commercial;17
создание бизнес модели;1000000;3;22;772;0;1;8;8;commercial;1
зайти вк на свою страницу прямо сейчас без пароля и логина;3000000;11;58;492;0;1;8;8;commercial;1
регистрация почты в яндексе бесплатно;3000000;5;37;425;0;1;8;8;commercial;1
войти на мою страницу в контакте без логина и пароля по номеру телефона бесплатно;3000000;14;81;439;0;1;8;8;commercial;1
войти на мою страницу в контакте без логина и пароля по номеру телефона моя страница;3000000;15;84;558;0;1;8;8;commercial;1
цель бизнес процесса это;1000000;4;24;437;0;1;8;8;commercial;1
менеджер открой;856000;2;15;5740;0;1;8;8;commercial;1
реакция на сообщения в телеграмме;1000000;5;33;3873;0;1;8;8;commercial;1
цвета для магазина;1000000;3;18;8365;0;1;8;8;commercial;1
моя страница в контакте войти без пароля сразу;3000000;8;46;4858;0;1;8;8;commercial;1
онлайн истории инстаграм анонимно бесплатно;3000000;5;43;5334;0;1;8;8;commercial;4
прямые продажа это;2000000;3;18;1183;0;1;8;8;commercial;1
вконтакте вход на страницу без пароля и логина по номеру телефона бесплатно;2000000;12;75;1081;0;1;8;8;commercial;1
страница интернет магазина;1000000;3;26;1277;0;1;8;8;commercial;1
название товара цена;914000;3;20;1134;0;1;8;8;commercial;14
vk моя страница войти без пароля;2000000;6;32;1905;0;1;8;8;commercial;1
бесплатно можно включить;2000000;3;24;1511;0;1;8;8;commercial;1
вконтакте вход на мою страницу без пароля и логина бесплатно с телефона по номеру;3000000;14;81;182;0;1;8;8;commercial;1
требования к бизнес аналитикам;1000000;4;30;185;0;1;8;8;commercial;1
автоматизация работы персонала;1000000;3;30;221;0;1;8;8;commercial;1
услуги облачных сервисов;2000000;3;24;220;0;1;8;8;commercial;1
бесплатное продвижение телеграмм;7000;3;32;211;0;1;8;8;commercial;1
чистая себестоимость это;2000000;3;24;148;0;1;8;8;commercial;1
название бизнес команды;791000;3;23;168;0;1;8;8;commercial;1
имидж в бизнесе;683000;3;15;169;0;1;8;8;commercial;1
самозанятый данные для договора;2000000;4;31;385;0;1;8;8;commercial;1
создать дизайн квартиры самостоятельно бесплатно;2000000;5;48;377;0;1;8;8;commercial;1
себестоимостью продукции называются;220000;3;35;243;0;1;8;8;commercial;1
в контакте вход моя страница без пароля и логина социальная;2000000;10;59;295;0;1;8;8;commercial;1
система скидок магазин;2000000;3;22;238;0;1;8;8;commercial;1
открыть мою страницу в вк без логина и пароля;2000000;9;45;269;0;1;8;8;commercial;1
сущность бизнес процесса;1000000;3;24;272;0;1;8;8;commercial;1
почтовые аккаунты бесплатно;2000000;3;27;14;0;1;8;8;commercial;1
алиэкспресс свой магазин;409000;3;24;14;0;1;8;8;commercial;1
разница между ценой продажи и себестоимостью называется;47000;7;55;15;0;1;8;8;commercial;1
gr взаимодействие бизнеса и власти;928000;5;34;13;0;1;8;8;commercial;1
сервис рассылок вконтакте;2000000;3;25;18;0;1;8;8;commercial;1
внепроизводственная себестоимость это;2000000;3;37;15;0;1;8;8;commercial;1
что из перечисленного относится к критическим этапам бизнес процессов сдо;1000000;10;73;16;0;1;8;8;commercial;1
бизнес план его значение;1000000;4;24;16;0;1;8;8;commercial;1
сервис проверки картинок;1000000;3;24;10;0;1;8;8;commercial;1
основные функции бизнес аналитика;1000000;4;33;10;0;1;8;8;commercial;1
себестоимость продукции как экономическая категория;960000;5;51;9;0;1;8;8;commercial;1
рынок электронного бизнеса это;1000000;4;30;12;0;1;8;8;commercial;1
регистрация яндекс директ бесплатно;2000000;4;35;9;0;1;8;8;commercial;1
нейросеть для создания логотипов бесплатно онлайн на русском языке;3000000;9;66;12;0;1;8;8;commercial;4
ликвидность цена товар инфляция специализация натуральный;788000;6;57;32;0;1;8;8;commercial;1
интерактивный плакат создать бесплатно;2000000;4;38;31;0;1;8;8;commercial;1
наименование проекта бизнес плана;1000000;4;33;31;0;1;8;8;commercial;1
описание бизнес модели компании;1000000;4;31;31;0;1;8;8;commercial;1
приложение для скачивания видео с любого сайта бесплатно;4000000;8;56;28;0;1;8;8;commercial;1
курс по инстаграм бесплатно;2000000;4;27;29;0;1;8;8;commercial;1
раскрутить ютуб канал бесплатно;2000000;4;31;39;0;1;8;8;commercial;1
бесплатная массовая рассылка смс;2000000;4;32;42;0;1;8;8;commercial;1
консультация покупателей в магазине;790000;4;35;39;0;1;8;8;commercial;1
себестоимостью называют сумму постоянных издержек;735000;5;49;42;0;1;8;8;commercial;1
отправка документов заказным письмом почта россии;2000000;6;49;43;0;1;8;8;commercial;1
смс рассылка с сайта;1000000;4;20;35;0;1;8;8;commercial;1
позиционирование цена качество;2000000;3;30;36;0;1;8;8;commercial;1
олигополия контроль над ценами;938000;4;30;38;0;1;8;8;commercial;1
зайти вк на мою страницу без пароля и логина прямо сейчас;4000000;11;57;37;0;1;8;8;commercial;1
тарифы для смс рассылки;952000;4;23;22;0;1;8;8;commercial;1
кто такие ключевые менеджеры;367000;4;28;22;0;1;8;8;commercial;12
онлайн сервис для анимации;1000000;4;26;20;0;1;8;8;commercial;4
критерии выбора crm;562000;3;19;25;0;1;8;8;commercial;1
создать яндекс директ бесплатно;2000000;4;31;27;0;1;8;8;commercial;1
как зайти на свою страницу вк если забыл пароль и логин;2000000;11;55;27;0;1;8;8;commercial;1
почта яндекс регистрация;2000000;3;24;29823;11505;1;9;9;commercial;1
регистрация яндекс почта;2000000;3;24;29823;11505;1;9;9;commercial;1
оферта;3000000;1;6;187964;7895;1;9;9;commercial;1
сторис анонимно в инстаграме смотреть без регистрации онлайн бесплатно;3000000;9;70;3397;2442;1;9;9;commercial;4
файловый менеджер;187000;2;17;31625;2516;1;9;9;commercial;1
смотреть сторис анонимно в инстаграме онлайн без регистрации бесплатно;3000000;9;70;3559;2525;1;9;9;commercial;4
почта россии электронные заказные письма;1000000;5;40;8384;1860;1;9;9;commercial;10
регистрация яндекс почты;2000000;3;24;29823;1807;1;9;9;commercial;1
смотреть сторис анонимно в инстаграме бесплатно;2000000;6;47;5854;1395;1;9;9;commercial;1
переводчик с английского на русский онлайн по фото с телефона бесплатно;3000000;11;71;18437;1145;1;9;9;commercial;2
инстаграм смотреть анонимно без регистрации бесплатно;3000000;6;53;6634;1053;1;9;9;commercial;1
смотреть инстаграм анонимно без регистрации бесплатно;3000000;6;53;6669;1064;1;9;9;commercial;1
кабинет пользователя;1000000;2;20;30250;1014;1;9;9;commercial;1
контакт моя страница вход на мою страницу без пароля и логина войти в контакт сразу;3000000;15;83;4048;874;1;9;9;commercial;1
создать почту яндекс новую для себя бесплатно;3000000;7;45;2471;893;1;9;9;commercial;1
улучшить фото нейросеть бесплатно онлайн;865000;5;40;3962;811;1;9;9;commercial;4
смотреть истории инстаграм анонимно онлайн бесплатно;3000000;6;52;2477;828;1;9;9;commercial;4
оутлук маил ru почта войти татар;3000000;6;32;704;703;1;9;9;commercial;1
переводчик с китайского на русский по фото с телефона через камеру бесплатно;3000000;12;76;2634;631;1;9;9;commercial;2
бизнес модель;1000000;2;13;31822;659;1;9;9;commercial;1
яндекс почта регистрация создать;2000000;4;32;10056;617;1;9;9;commercial;1
проектный менеджер;857000;2;18;6741;607;1;9;9;commercial;1
почта яндекс регистрация создать;2000000;4;32;10056;617;1;9;9;commercial;1
бизнес вк;1000000;2;9;16849;598;1;9;9;commercial;1
вк бизнес;1000000;2;9;16619;591;1;9;9;commercial;1
создать яндекс почту регистрация;2000000;4;32;10056;587;1;9;9;commercial;1
улучшить качество фото нейросеть бесплатно;2000000;5;42;3326;521;1;9;9;commercial;2
перевести текст в аудио онлайн бесплатно;2000000;6;40;954;532;1;9;9;commercial;4
как получить от государства деньги на открытие бизнеса;2000000;8;54;1544;542;1;9;9;commercial;1
смотреть сторис анонимно в инстаграме онлайн бесплатно без регистрации и бесплатно;3000000;11;82;645;555;1;9;9;commercial;4
войти в инстаграм анонимно;2000000;4;26;503;498;1;9;9;commercial;1
организации яндекс бизнес;433000;3;25;5311;501;1;9;9;commercial;1
сделать логотип с помощью нейросети бесплатно;3000000;6;45;538;480;1;9;9;commercial;1
почта россии отправить заказное письмо;2000000;5;38;8491;435;1;9;9;commercial;1
создать аватарку с помощью нейросети онлайн бесплатно;3000000;7;53;545;416;1;9;9;commercial;4
постмастер е мордовия вход в личный кабинет;2000000;7;43;508;407;1;9;9;commercial;1
сетевой бизнес;1000000;2;14;6996;366;1;9;9;commercial;1
менеджер по маркетплейсам;897000;3;25;7964;353;1;9;9;commercial;1
как купить крипту;706000;3;17;3759;347;1;9;9;commercial;1
криптовалюта обучение с нуля бесплатно;752000;5;38;1139;353;1;9;9;commercial;1
stable diffusion нейросеть бесплатно;2000000;4;36;676;333;1;9;9;commercial;1
чат боты для бизнеса;1000000;4;20;1823;329;1;9;9;commercial;1
файлообменник бесплатно;864000;2;23;14926;333;1;9;9;commercial;1
войти на свою страницу вконтакте без пароля и логина;2000000;9;52;489;319;1;9;9;commercial;1
отправка заказного письма почта россии;2000000;5;38;3695;305;1;9;9;commercial;10
сервисы доставки;1000000;2;16;32498;316;1;9;9;commercial;1
тильда создать сайт бесплатно;3000000;4;29;941;286;1;9;9;commercial;1
вконтакте моя страница вход на мою страницу без пароля и логина бесплатно;3000000;12;73;3001;279;1;9;9;commercial;1
создать почту на яндексе бесплатно;3000000;5;34;7924;282;1;9;9;commercial;1
вебмастер личный кабинет;719000;3;24;1139;278;1;9;9;commercial;1
менеджер по продажам кто это;1000000;5;28;575;273;1;9;9;commercial;12
почта outlook войти в почту;2000000;5;27;2964;273;1;9;9;commercial;1
кп это в продажах;2000000;4;17;395;264;1;9;9;commercial;1
очистить компьютер от мусора бесплатно автоматически;2000000;6;52;303;266;1;9;9;commercial;1
турботекст нейросеть бесплатно;2000000;3;30;273;267;1;9;9;commercial;1
футажи для видеомонтажа бесплатно;2000000;4;33;2510;255;1;9;9;commercial;1
регистрация в яндекс почте;2000000;4;26;1435;248;1;9;9;commercial;1
электронное заказное письмо почта россии что это;2000000;7;48;417;240;1;9;9;commercial;1
сколько стоит подписка телеграм премиум;2000000;5;39;836;243;1;9;9;commercial;1
как получить грант на бизнес;1000000;5;28;2272;236;1;9;9;commercial;1
яндекс почта регистрация бесплатно;3000000;4;34;6802;231;1;9;9;commercial;1
смотреть бесплатно истории инстаграм;2000000;4;36;4440;224;1;9;9;commercial;1
распознать шрифт по изображению онлайн бесплатно;2000000;6;48;226;216;1;9;9;commercial;4
создать опрос онлайн бесплатно;2000000;4;30;1341;219;1;9;9;commercial;4
переводчик с английского на русский онлайн по фото с телефона бесплатно без регистрации;3000000;13;87;534;213;1;9;9;commercial;2
интернет магазин сделать;1000000;3;24;5634;213;1;9;9;commercial;1
сетевой бизнес это;3000000;3;18;630;213;1;9;9;commercial;1
вк по номеру телефона войти;2000000;5;27;3617;203;1;9;9;commercial;1
sms рассылка;1000000;2;12;1576;195;1;9;9;commercial;1
где взять деньги для бизнеса;2000000;5;28;561;195;1;9;9;commercial;15
перевести текст в аудио бесплатно;2000000;5;33;1784;193;1;9;9;commercial;1
улучшить качество видео нейросеть бесплатно онлайн;3000000;6;50;423;189;1;9;9;commercial;4
моя страница вконтакте открыть прямо сейчас без пароля и логина;2000000;10;63;401;188;1;9;9;commercial;1
специалист по продажам;1000000;3;22;5166;183;1;9;9;commercial;1
создать яндекс почту регистрация бесплатно новую по номеру телефона;3000000;9;67;486;177;1;9;9;commercial;1
купить рекламу в телеграмме;9000;4;27;1531;173;1;9;9;commercial;1
создать почту яндекс бесплатно новую;3000000;5;36;7835;169;1;9;9;commercial;1
api ключ где взять;1000000;4;18;1106;168;1;9;9;commercial;15
как создать бизнес аккаунт в телеграмме;2000000;6;39;248;163;1;9;9;commercial;1
яндекс бизнес справка;1000000;3;21;581;162;1;9;9;commercial;1
где взять api ключ;1000000;4;18;1068;158;1;9;9;commercial;15
создать почту яндекс новую для себя бесплатно на телефон андроид;3000000;10;64;766;160;1;9;9;commercial;1
себестоимость продаж это;2000000;3;24;912;156;1;9;9;commercial;1
создать квиз онлайн бесплатно;2000000;4;29;272;157;1;9;9;commercial;4
господдержка на открытие бизнеса;1000000;4;32;724;151;1;9;9;commercial;1
анонимный просмотр историй в инстаграме онлайн бесплатно;3000000;7;56;2053;151;1;9;9;commercial;4
квиз онлайн бесплатно создать;2000000;4;29;264;152;1;9;9;commercial;4
электронные кабинеты;694000;2;20;184632;151;1;9;9;commercial;1
нейросеть для текста бесплатно на русском;2000000;6;41;7683;146;1;9;9;commercial;1
программа для скачивания видео с любого сайта на компьютер бесплатно онлайн;4000000;11;75;148;143;1;9;9;commercial;4
магазин в вк как создать;1000000;5;24;322;138;1;9;9;commercial;1
как войти в инкогнито в яндекс;2000000;6;30;1049;139;1;9;9;commercial;1
резюме образец бесплатно;2000000;3;24;9737;138;1;9;9;commercial;1
грант от государства на открытие бизнеса;1000000;6;40;999;136;1;9;9;commercial;1
грант на открытие бизнеса от государства;1000000;6;40;999;136;1;9;9;commercial;1
как создать магазин в вк;2000000;5;24;320;136;1;9;9;commercial;1
яндекс регистрация почтового ящика;2000000;4;34;5976;135;1;9;9;commercial;1
таблица гугл войти;3000000;3;18;3429;132;1;9;9;commercial;1
программа для скачивания видео с любого сайта на компьютер бесплатно;4000000;10;68;327;131;1;9;9;commercial;1
лпр в продажах что это;419000;5;22;212;128;1;9;9;commercial;16
как в телеграмме войти в архив;3000000;6;30;306;125;1;9;9;commercial;1
в контакте личная страница войти без пароля и логина бесплатно;3000000;10;62;165;124;1;9;9;commercial;1
создать почту майл новую для себя бесплатно;3000000;7;43;247;121;1;9;9;commercial;1
сервисы для бизнеса;2000000;3;19;6722;119;1;9;9;commercial;1
облачное хранилище для бизнеса;870000;4;30;198;118;1;9;9;commercial;1
сервисы электронной почты;1000000;3;25;7046;117;1;9;9;commercial;1
nda договор что это;404000;4;19;237;113;1;9;9;commercial;16
магазин дисконт это;2000000;3;19;339;112;1;9;9;commercial;1
контент менеджер кто такой;1000000;4;26;166;112;1;9;9;commercial;12
дисконт магазин это;2000000;3;19;329;111;1;9;9;commercial;1
как отправить электронное заказное письмо через почту россии;2000000;8;60;159;112;1;9;9;commercial;1
отправка заказных писем почта россии;2000000;5;36;3695;111;1;9;9;commercial;1
почта россии отправка заказных писем;2000000;5;36;3695;111;1;9;9;commercial;1
переводчик с английского на русский онлайн по фото с телефона бесплатно без регистрации онлайн;3000000;14;94;528;108;1;9;9;commercial;4
себестоимость это в бухгалтерском учете;234000;5;39;204;109;1;9;9;commercial;1
войти в вк по id на свою страницу;3000000;8;33;276;104;1;9;9;commercial;1
как законно купить криптовалюту в россии;2000000;6;40;212;102;1;9;9;commercial;1
грант на бизнес;1000000;3;15;11155;99;1;9;9;commercial;1
что делает контент менеджер;796000;4;27;413;97;1;9;9;commercial;1
что делает менеджер проектов;1000000;4;28;352;95;1;9;9;commercial;1
создать почту яндекс новую для себя бесплатно на телефон андроид по номеру телефона;3000000;13;83;602;94;1;9;9;commercial;1
дизайн квартиры бесплатно по планировке квартиры;2000000;6;48;280;94;1;9;9;commercial;1
нарисовать рисунок с помощью нейросети бесплатно онлайн;2000000;7;55;117;94;1;9;9;commercial;4
телеграмм для бизнеса;8000;3;21;2959;93;1;9;9;commercial;1
заказное почта ру и госуслуги ру официальный сайт;3000000;8;49;90;90;1;9;9;commercial;1
квиз сделать онлайн бесплатно;2000000;4;29;135;91;1;9;9;commercial;4
мое дело тарифы;2000000;3;15;243;91;1;9;9;commercial;1
как получить субсидию на бизнес;2000000;5;31;2069;91;1;9;9;commercial;1
трафик менеджер это;2000000;3;19;282;89;1;9;9;commercial;1
яндекс почта создать новую электронную почту на яндексе бесплатно на телефоне;3000000;11;77;550;89;1;9;9;commercial;1
переводчик с английского на русский онлайн по камере с телефона бесплатно;3000000;11;73;17265;89;1;9;9;commercial;4
регистрация емайл почта;2000000;3;23;254;88;1;9;9;commercial;1
иконки для презентаций бесплатно;2000000;4;32;842;88;1;9;9;commercial;1
сервисы эдо;1000000;2;11;2750;87;1;9;9;commercial;1
фабула нейросеть фотографии онлайн бесплатно;2000000;5;44;88;86;1;9;9;commercial;4
перевод с немецкого на русский по фото с телефона онлайн бесплатно;3000000;11;66;165;85;1;9;9;commercial;2
анкета создать онлайн бесплатно;2000000;4;31;464;85;1;9;9;commercial;4
отправка заказного письма;266000;3;25;7536;85;1;9;9;commercial;10
сколько стоит подписка премиум в телеграм;2000000;6;41;245;84;1;9;9;commercial;1
бесплатные программы для чистки компьютера windows 10 на русском бесплатно;3000000;10;74;618;84;1;9;9;commercial;0
онлайн анкета создать бесплатно;3000000;4;31;462;83;1;9;9;commercial;4
телеграмм рассылка;7000;2;18;6248;83;1;9;9;commercial;1
сервисы онлайн психотерапии;2000000;3;27;192;83;1;9;9;commercial;4
сток картинок бесплатно без авторских прав;2000000;6;42;132;83;1;9;9;commercial;1
электронные заказные;909000;2;20;18001;81;1;9;9;commercial;1
перевести с английского на русский по фото с телефона бесплатно онлайн;3000000;11;70;754;78;1;9;9;commercial;2
приложение для редактирования фото на айфон бесплатное;321000;7;54;265;78;1;9;9;commercial;2
массовая рассылка смс;613000;3;21;725;77;1;9;9;commercial;1
яндекс директ регистрация аккаунта;2000000;4;34;120;78;1;9;9;commercial;1
конструктор сайтов для интернет магазина;2000000;5;40;832;77;1;9;9;commercial;1
где взять деньги на развитие бизнеса;2000000;6;36;402;77;1;9;9;commercial;15
купить по фото в яндексе;2000000;5;24;154;77;1;9;9;commercial;2
бесплатное приложение для редактирования фото на айфон;3000000;7;54;253;76;1;9;9;commercial;2
регистрация в яндекс почте нового пользователя;3000000;6;46;104;77;1;9;9;commercial;1
войти по id в вк;2000000;5;16;740;76;1;9;9;commercial;1
искусственный интеллект дизайн интерьера онлайн бесплатно;2000000;6;57;95;75;1;9;9;commercial;4
логин для яндекс почты;1000000;4;22;511;73;1;9;9;commercial;1
логин для почты яндекс;1000000;4;22;511;73;1;9;9;commercial;1
составить резюме на hh ru бесплатно;3000000;6;35;83;73;1;9;9;commercial;7
сервисы для общения;864000;3;19;1557;72;1;9;9;commercial;1
смс сервис для рассылки;1000000;4;23;207;72;1;9;9;commercial;1
как поставить точку на яндекс карте организации для своего бизнеса;2000000;10;66;113;70;1;9;9;commercial;1
программа для удаленного доступа к компьютеру через интернет бесплатно на русском;3000000;11;81;99;69;1;9;9;commercial;1
mind map онлайн бесплатно;2000000;4;25;110;69;1;9;9;commercial;4
что такое фрод в продажах;462000;5;25;85;69;1;9;9;commercial;9
как сделать магазин;900000;3;19;31888;69;1;9;9;commercial;11
сезонная распродажа;807000;2;19;2063;68;1;9;9;commercial;1
получить деньги от государства на бизнес;2000000;6;40;5421;67;1;9;9;commercial;1
обучение нейросетям бесплатно;2000000;3;29;3715;66;1;9;9;commercial;1
опрос создать бесплатно;2000000;3;23;3351;65;1;9;9;commercial;1
chatgpt нейросеть бесплатно;2000000;3;27;1651;65;1;9;9;commercial;1
текст в мп3 онлайн бесплатно;3000000;5;28;184;64;1;9;9;commercial;4
субсидия от государства на бизнес;1000000;5;33;3653;64;1;9;9;commercial;1
2 гис регистрация компании;4000000;4;26;116;64;1;9;9;commercial;1
клоакинг сервисы;963000;2;16;533;64;1;9;9;commercial;1
отправка заказных писем;235000;3;23;7536;63;1;9;9;commercial;1
курс бренд менеджер;1000000;3;19;453;63;1;9;9;commercial;1
смотреть истории инстаграм анонимно бесплатно;2000000;5;45;3728;63;1;9;9;commercial;1
где искать заказы графическому дизайнеру;1000000;5;40;91;63;1;9;9;commercial;15
создание сайта интернет магазина;3000000;4;32;2161;62;1;9;9;commercial;1
переводчик с китайского на русский с камеры телефона онлайн бесплатно онлайн;3000000;11;76;2380;62;1;9;9;commercial;4
где купить рекламу для телеграмм канала;10000;6;39;107;62;1;9;9;commercial;15
сервис приема платежей;1000000;3;22;1024;62;1;9;9;commercial;1
создание логотипа нейросеть онлайн бесплатно;1000000;5;44;655;61;1;9;9;commercial;4
улучшить качество фото с помощью нейросети бесплатно;3000000;7;52;258;60;1;9;9;commercial;2
сайт одностраничник создать бесплатно;2000000;4;37;101;60;1;9;9;commercial;1
как получить грант на развитие малого бизнеса;2000000;7;45;505;60;1;9;9;commercial;1
деньги для бизнеса от государства как получить;2000000;7;46;449;59;1;9;9;commercial;1
какие составляющие входят в себестоимость в чем особенность расчета себестоимости создания услуги;161000;12;97;116;59;1;9;9;commercial;1
сервис ии;2000000;2;9;7817;59;1;9;9;commercial;1
составить резюме hh ru бесплатно;3000000;5;32;207;58;1;9;9;commercial;7
отправить письмо через госуслуги как заказное;750000;6;45;149;58;1;9;9;commercial;1
онлайн сервис психологов;2000000;3;24;476;56;1;9;9;commercial;4
субсидии на бизнес от государства;1000000;5;33;3653;56;1;9;9;commercial;1
создать электронную почту на яндексе бесплатно новую по номеру телефона;3000000;10;71;165;55;1;9;9;commercial;1
яндекс ру почта регистрация;3000000;4;27;171;55;1;9;9;commercial;1
нейросети обучение с нуля бесплатно;2000000;5;35;1259;55;1;9;9;commercial;1
производственная себестоимость включает в себя;1000000;5;46;137;54;1;9;9;commercial;1
из чего складывается цена товара;859000;5;32;179;54;1;9;9;commercial;14
как войти в телеграмм по смс;2000000;6;28;664;54;1;9;9;commercial;1
supa ru бесплатно;2000000;3;17;2402;54;1;9;9;commercial;1
сервис для записи клиентов онлайн;3000000;5;33;211;53;1;9;9;commercial;4
как получить от государства деньги на открытие бизнеса безвозмездно;2000000;9;67;281;53;1;9;9;commercial;1
допродажа это;2000000;2;13;155;52;1;9;9;commercial;18
улучшить качество изображения нейросеть бесплатно;2000000;5;49;172;53;1;9;9;commercial;1
флагман магазин это;2000000;3;19;70;52;1;9;9;commercial;1
получить грант на открытие бизнеса;2000000;5;34;614;52;1;9;9;commercial;1
посещаемость сайта проверить онлайн бесплатно;3000000;5;45;81;52;1;9;9;commercial;4
перевод с турецкого на русский по фото с телефона онлайн бесплатно без регистрации;3000000;13;82;71;52;1;9;9;commercial;2
магазин флагман это;2000000;3;19;70;52;1;9;9;commercial;1
приложения для скачивания книг бесплатно;2000000;5;40;292;51;1;9;9;commercial;1
программа для проектирования комнаты с мебелью бесплатно;2000000;7;56;103;50;1;9;9;commercial;1
сетевой бизнес что это такое;872000;5;28;74;50;1;9;9;commercial;16
как завести личный кабинет;655000;4;26;2455;48;1;9;9;commercial;1
изучение английского онлайн бесплатно самостоятельно;2000000;5;52;209;48;1;9;9;commercial;4
телеграмм бизнес аккаунт как создать;2000000;5;36;299;48;1;9;9;commercial;1
виды бизнес моделей;1000000;3;19;726;48;1;9;9;commercial;17
как войти в инкогнито;2000000;4;21;2411;47;1;9;9;commercial;1
смс рассылка онлайн;2000000;3;19;120;47;1;9;9;commercial;4
рассылка в телеграм по своей базе;1000000;6;33;80;46;1;9;9;commercial;1
создать инфографику бесплатно;2000000;3;29;614;46;1;9;9;commercial;1
видео ютуб бесплатно;3000000;3;20;72266;46;1;9;9;commercial;19
3д моделирование онлайн бесплатно на русском;4000000;6;44;439;46;1;9;9;commercial;4
экосистема в бизнесе;803000;3;20;1000;45;1;9;9;commercial;1
сервис who is;2000000;3;13;69;45;1;9;9;commercial;1
что на фото онлайн бесплатно;4000000;5;28;289;45;1;9;9;commercial;4
нейросеть использовать бесплатно;2000000;3;32;714;45;1;9;9;commercial;1
найти товар по фото в интернете с телефона онлайн бесплатно без регистрации и скачивания;4000000;14;88;84;45;1;9;9;commercial;2
где личный кабинет;1000000;3;18;66627;45;1;9;9;commercial;15
как получить субсидию от государства на бизнес;1000000;7;46;1361;45;1;9;9;commercial;1
единороги в бизнесе это;784000;4;23;98;44;1;9;9;commercial;1
государственный кредит на развитие малого бизнеса;2000000;6;49;69;43;1;9;9;commercial;1
гос программы для создания бизнеса;1000000;5;34;92;43;1;9;9;commercial;0
реклама бесплатно в интернете разместить;3000000;5;40;441;43;1;9;9;commercial;1
хуиз сервис;1000000;2;11;44;43;1;9;9;commercial;1
переводчик с китайского на русский по фото с телефона через камеру бесплатно без скачивания андроид;3000000;15;99;60;41;1;9;9;commercial;2
нейросеть кандинский онлайн бесплатно;2000000;4;37;960;41;1;9;9;commercial;4
желание и способность потребителей купить определенный объем товаров это;1000000;9;72;70;41;1;9;9;commercial;1
как получить грант от государства на бизнес;891000;7;43;906;41;1;9;9;commercial;1
кандинский нейросеть онлайн бесплатно;2000000;4;37;960;41;1;9;9;commercial;4
почта яндекс регистрация создать новый ящик бесплатно по номеру телефона;3000000;10;72;282;41;1;9;9;commercial;1
инфографика онлайн бесплатно на русском;3000000;5;39;256;40;1;9;9;commercial;4
как составить бизнес план для малого бизнеса самому образец бесплатно;3000000;10;69;101;41;1;9;9;commercial;7
открыть почту на яндексе регистрация бесплатно новую;228000;7;52;72;41;1;9;9;commercial;1
бизнес чаты в телеграмме;7000;4;24;365;40;1;9;9;commercial;1
ниша в бизнесе это;843000;4;18;151;40;1;9;9;commercial;1
видео с ютуба бесплатно;3000000;4;23;45529;40;1;9;9;commercial;19
менеджер прямых продаж это;958000;4;26;89;40;1;9;9;commercial;1
ya бизнес;898000;2;9;292;39;1;9;9;commercial;1
войти вк по id;2000000;4;14;848;39;1;9;9;commercial;1
создать яндекс почту новую регистрация;3000000;5;38;6449;39;1;9;9;commercial;1
установить удаленный доступ к компьютеру бесплатно;2000000;6;50;44;38;1;9;9;commercial;1
переводчик с японского на русский через камеру онлайн бесплатно в хорошем;3000000;11;73;172;38;1;9;9;commercial;4
коворкинг кабинет;847000;2;17;1243;38;1;9;9;commercial;1
программа для создания логотипов бесплатно на русском;2000000;7;53;277;38;1;9;9;commercial;1
скачать файл менеджер для андроид;978000;5;33;337;38;1;9;9;commercial;1
регистрация на рутуб;2000000;3;20;30989;36;1;9;9;commercial;1
что такое стм в продажах;408000;5;24;38;36;1;9;9;commercial;9
сервисы психологов;1000000;2;18;3003;36;1;9;9;commercial;1
cr что это в продажах;573000;5;21;43;35;1;9;9;commercial;16
самозанятый в договоре как указать;480000;5;34;628;35;1;9;9;commercial;1
создать анимацию бесплатно;2000000;3;26;1408;35;1;9;9;commercial;1
разработка чат ботов для бизнеса;1000000;5;32;111;35;1;9;9;commercial;1
продажа ника в телеграмме;2000000;4;25;176;35;1;9;9;commercial;1
перевод с немецкого на русский по фото с телефона онлайн бесплатно по фото;3000000;13;74;201;35;1;9;9;commercial;2
фильтры для фото на айфон бесплатно;2000000;6;35;231;35;1;9;9;commercial;2
обучение на бренд менеджера;1000000;4;27;58;35;1;9;9;commercial;1
создать анкетирование онлайн бесплатно;2000000;4;38;37;34;1;9;9;commercial;4
pipeline в продажах что это;419000;5;27;35;34;1;9;9;commercial;16
что такое crm маркетинг;210000;4;23;76;34;1;9;9;commercial;9
интернет подписка;1000000;2;17;9964;34;1;9;9;commercial;1
бренд менеджер обязанности;417000;3;26;241;34;1;9;9;commercial;1
выявление потребностей в продажах вопросы;993000;5;41;301;34;1;9;9;commercial;1
как войти в телеграм с другого телефона;9000;7;39;77;34;1;9;9;commercial;1
создать майнд карту онлайн бесплатно;3000000;5;36;41;33;1;9;9;commercial;4
яндекс почта регистрация создать новый электронный адрес на яндексе бесплатно;3000000;10;77;63;33;1;9;9;commercial;1
как отказаться от кредита на госуслугах;38000;6;39;182;33;1;9;9;commercial;1
ментальная карта онлайн бесплатно;3000000;4;33;379;33;1;9;9;commercial;4
блокировщик рекламы для яндекс браузера бесплатно;2000000;6;49;833;33;1;9;9;commercial;1
скрипт в продажах это;437000;4;21;162;33;1;9;9;commercial;1
создать гугл опросник онлайн бесплатно;3000000;5;38;45;32;1;9;9;commercial;4
сервис для скачивания видео с youtube;3000000;6;37;112;32;1;9;9;commercial;1
как купить цифровой рубль в россии на сегодня;3000000;8;45;36;32;1;9;9;commercial;1
яндекс бизнес реклама личный кабинет;75000;5;36;69;32;1;9;9;commercial;1
деньги для развития бизнеса от государства как получить;2000000;8;55;240;32;1;9;9;commercial;1
cr это в продажах;2000000;4;17;86;32;1;9;9;commercial;1
онлайн сервис психотерапии;1000000;3;26;192;31;1;9;9;commercial;4
организация бизнес процессов;1000000;3;28;5804;32;1;9;9;commercial;1
партнер в бизнесе это;1000000;4;21;663;31;1;9;9;commercial;1
опознать по фотографии онлайн бесплатно;2000000;5;39;37;31;1;9;9;commercial;4
erp crm системы что это;922000;5;23;110;31;1;9;9;commercial;16
помощь бизнесу от государства;2000000;4;29;5439;31;1;9;9;commercial;1
завести почту яндекс регистрация;2000000;4;32;318;31;1;9;9;commercial;1
яндекс бизнес подключить;1000000;3;24;1325;31;1;9;9;commercial;1
регистрация в яндекс почте и создание почты;2000000;7;43;45;30;1;9;9;commercial;1
искусственный интеллект для текста бесплатно;2000000;5;44;2056;30;1;9;9;commercial;1
стоимость подписки телеграм премиум;2000000;4;35;100;30;1;9;9;commercial;1
персональный кабинет;622000;2;20;4448;30;1;9;9;commercial;1
сервис для проведения опросов;1000000;4;29;223;30;1;9;9;commercial;1
как получить на открытие бизнеса от государства;2000000;7;47;4165;30;1;9;9;commercial;1
проверка работы сервисов;2000000;3;24;643;30;1;9;9;commercial;1
контент менеджер кто;1000000;3;20;932;30;1;9;9;commercial;12
как получить помощь от государства на открытие малого бизнеса;2000000;9;61;43;30;1;9;9;commercial;1
заказное письмо с уведомлением о вручении цена;923000;7;46;137;30;1;9;9;commercial;1
создать анкету онлайн бесплатно;3000000;4;31;462;30;1;9;9;commercial;4
программы дизайна интерьера для новичков бесплатно;2000000;6;50;51;29;1;9;9;commercial;0
crm это в маркетинге;2000000;4;20;93;29;1;9;9;commercial;1
создать инфографику бесплатно онлайн;2000000;4;36;361;29;1;9;9;commercial;4
рассылка по телеграм чатам;8000;4;26;319;29;1;9;9;commercial;1
фотосток бесплатно для коммерческого использования;2000000;5;50;151;29;1;9;9;commercial;1
экосистема бизнес;1000000;2;17;2920;29;1;9;9;commercial;1
мой склад интеграция;1000000;3;20;2287;29;1;9;9;commercial;1
что нужно знать бизнес аналитику;1000000;5;32;107;29;1;9;9;commercial;1
грант на бизнес от государства;1000000;5;30;2323;29;1;9;9;commercial;1
kandinsky нейросеть онлайн бесплатно;2000000;4;36;130;28;1;9;9;commercial;4
через сколько можно войти в телеграмм если пишет много попыток;3000000;10;62;44;28;1;9;9;commercial;1
купить по картинке с телефона;2000000;5;29;34;28;1;9;9;commercial;1
сетевой бизнес что это;927000;4;22;175;28;1;9;9;commercial;16
сделать бизнес план;1000000;3;19;2173;28;1;9;9;commercial;11
из чего складывается цена;618000;4;25;2221;28;1;9;9;commercial;1
как получить помощь на открытие бизнеса от государства;2000000;8;54;136;28;1;9;9;commercial;1
войти в контакт на свою страницу по номеру телефона без пароля и логина бесплатно;3000000;14;81;154;28;1;9;9;commercial;1
программа для создания мультфильма на компьютере на русском языке бесплатно;2000000;10;75;29;27;1;9;9;commercial;1
купить рекламу в телеграмм канале;9000;5;33;338;27;1;9;9;commercial;1
файловый менеджер android;627000;3;25;650;27;1;9;9;commercial;1
сделать опрос онлайн бесплатно;2000000;4;30;111;27;1;9;9;commercial;4
резюме шаблон для заполнения бесплатно;2000000;5;38;1431;27;1;9;9;commercial;1
как войти в телеграм без кода;3000000;6;29;192;27;1;9;9;commercial;1
android файловый менеджер;649000;3;25;649;27;1;9;9;commercial;1
определить шрифт онлайн с картинки бесплатно;2000000;6;44;52;27;1;9;9;commercial;4
онлайн сервисы психологической помощи;3000000;4;37;57;27;1;9;9;commercial;4
договор оферта как пишется;45000;4;26;100;26;1;9;9;commercial;1
приложение на айфон для обработки фото бесплатно;3000000;7;48;465;26;1;9;9;commercial;2
chatgpt бесплатно в россии;2000000;4;26;383;26;1;9;9;commercial;1
как открыть магазин в вк;2000000;5;24;76;26;1;9;9;commercial;1
что значит договор оферта;539000;4;25;425;26;1;9;9;commercial;1
оплата после поставки товара как прописать в договоре;1000000;8;53;39;26;1;9;9;commercial;14
переводчик с камеры онлайн с английского на русский бесплатно;3000000;9;61;16607;26;1;9;9;commercial;4
субсидия для бизнеса от государства;1000000;5;35;989;26;1;9;9;commercial;1
приложения для дизайна квартиры и планирования ремонта бесплатно;2000000;8;64;122;26;1;9;9;commercial;1
vk com моя страница войти без пароля и логина;3000000;9;45;831;26;1;9;9;commercial;13
как отправить заказным письмом документы по почте;1000000;7;49;182;26;1;9;9;commercial;1
корпоративный домен;117000;2;19;1627;26;1;9;9;commercial;1
маркетинг для малого бизнеса;2000000;4;28;234;26;1;9;9;commercial;1
ответственный бизнес;705000;2;20;3118;26;1;9;9;commercial;1
гугл карты добавить организацию бесплатно на карту;3000000;7;50;42;26;1;9;9;commercial;1
как называется человек который раскладывает товар в магазине на полки;1000000;10;69;37;25;1;9;9;commercial;8
бесплатные почтовые сервисы электронной почты;2000000;5;45;35;25;1;9;9;commercial;1
магазин в контакте;1000000;3;18;14544;25;1;9;9;commercial;1
сервис онлайн бухгалтерии для ип;3000000;5;32;39;25;1;9;9;commercial;4
как самозанятого указывать в договоре;651000;5;37;622;25;1;9;9;commercial;1
создать ментальную карту онлайн бесплатно;3000000;5;41;210;25;1;9;9;commercial;4
бизнес конференции москва;2000000;3;25;689;25;1;9;9;commercial;1
как сделать личный кабинет на сайте;2000000;6;35;352;25;1;9;9;commercial;11
онлайн сервис почта россии;3000000;4;26;238;25;1;9;9;commercial;4
как найти заказчиков;1000000;3;20;2112;25;1;9;9;commercial;1
e mail регистрация;1000000;3;18;864;25;1;9;9;commercial;1
магазин мультибренд;1000000;2;19;242;25;1;9;9;commercial;1
синтезатор голоса бесплатно;2000000;3;27;110;25;1;9;9;commercial;1
интеллект карта онлайн бесплатно;3000000;4;32;282;24;1;9;9;commercial;4
программа для проектирования квартиры бесплатно на русском;3000000;7;58;54;24;1;9;9;commercial;1
сток бесплатно;2000000;2;14;7420;24;1;9;9;commercial;1
экосистема для бизнеса;832000;3;22;910;24;1;9;9;commercial;1
яндекс почта регистрация аккаунта;2000000;4;33;578;24;1;9;9;commercial;1
кредит от государства на развитие малого бизнеса;2000000;7;48;85;24;1;9;9;commercial;1
преимущества сетевого бизнеса;998000;3;29;75;24;1;9;9;commercial;1
субсидирование малого бизнеса;2000000;3;29;191;24;1;9;9;commercial;1
амо срм интеграция;140000;3;18;828;24;1;9;9;commercial;1
в контакте вход моя страница войти без пароля и логина сразу бесплатно открыть;3000000;13;78;27;23;1;9;9;commercial;1
опрос онлайн бесплатно;2000000;3;22;1889;23;1;9;9;commercial;4
рутьюб регистрация;1000000;2;18;547;23;1;9;9;commercial;1
электронное заказное письмо что это;607000;5;35;550;23;1;9;9;commercial;16
яндекс карты кабинет организации;1000000;4;32;429;23;1;9;9;commercial;1
модель бизнеса;932000;2;14;32012;23;1;9;9;commercial;1
скачка с ютуба бесплатно;766000;4;24;105;23;1;9;9;commercial;19
шрифт русский бесплатно;2000000;3;23;35529;22;1;9;9;commercial;1
дорисовать фото нейросеть онлайн бесплатно;3000000;5;42;199;22;1;9;9;commercial;4
тильда ру бесплатно создать сайт;3000000;5;32;23;22;1;9;9;commercial;1
кто такой комьюнити менеджер;236000;4;28;45;22;1;9;9;commercial;12
банк изображений высокого разрешения бесплатно;2000000;5;46;23;22;1;9;9;commercial;1
создать mind map онлайн бесплатно;311000;5;33;22;22;1;9;9;commercial;4
как правильно составить бизнес план для малого бизнеса;2000000;8;54;138;22;1;9;9;commercial;7
программа для интерьера дома бесплатно;2000000;5;38;129;22;1;9;9;commercial;1
получение гранта на открытие бизнеса;473000;5;36;139;22;1;9;9;commercial;1
программы для интерьера квартир бесплатно;2000000;5;41;512;22;1;9;9;commercial;0
обязанности pr менеджера;316000;3;24;96;22;1;9;9;commercial;1
как стать менеджером по рекламе;2000000;5;31;100;22;1;9;9;commercial;1
получить гранд на бизнес от государства;2000000;6;39;739;22;1;9;9;commercial;1
создать сайт для интернет магазина бесплатно самому;3000000;7;51;78;22;1;9;9;commercial;1
программа для создания договоров по шаблону;966000;6;43;28;21;1;9;9;commercial;1
сделать аватарку через нейросеть онлайн бесплатно;2000000;6;49;24;21;1;9;9;commercial;4
дизайн проект квартиры самостоятельно программа бесплатно на русском языке;3000000;9;74;45;21;1;9;9;commercial;1
проект менеджер обязанности и функции;1000000;5;37;33;21;1;9;9;commercial;1
что такое единорог в бизнесе;869000;5;28;31;21;1;9;9;commercial;9
как отправить заказное письмо в суд по почте;1000000;8;44;52;21;1;9;9;commercial;1
лид расшифровка аббревиатуры в продажах;361000;5;39;30;21;1;9;9;commercial;1
пробный период телеграмм премиум;10000;4;32;54;21;1;9;9;commercial;1
подписка книги;1000000;2;14;18140;21;1;9;9;commercial;1
деньги на бизнес от государства безвозмездно;2000000;6;44;1135;21;1;9;9;commercial;1
телеграмм бот бесплатно;8000;3;23;28495;21;1;9;9;commercial;1
магазины масс маркет;1000000;3;20;305;21;1;9;9;commercial;1
перевод с китайского на русский по фото с телефона бесплатно;3000000;10;60;1948;21;1;9;9;commercial;2
nda договор о неразглашении;472000;4;27;124;21;1;9;9;commercial;1
бизнес аккаунт что это такое;2000000;5;28;151;21;1;9;9;commercial;16
отправить заказным письмом почта россии;2000000;5;39;8491;21;1;9;9;commercial;1
сервисы для транскрибации аудио в текст;1000000;6;39;80;21;1;9;9;commercial;1
как анализировать рынок для бизнеса;1000000;5;35;49;20;1;9;9;commercial;1
скачать видео с ютуба сервис;2000000;5;28;187;20;1;9;9;commercial;19
откуда взять деньги на открытие бизнеса с нуля;1000000;8;46;21;20;1;9;9;commercial;1
чем выше цена тем выше предложение;1000000;6;34;179;20;1;9;9;commercial;1
общение бесплатно;2000000;2;17;46826;20;1;9;9;commercial;1
лучший сервис для рассылки писем на email;3000000;7;41;22;20;1;9;9;commercial;1
как войти в телеграмм с телефона;3000000;6;32;1353;20;1;9;9;commercial;1
помощь на развитие бизнеса;2000000;4;26;2172;20;1;9;9;commercial;1
кредит на развитие бизнеса от государства;1000000;6;41;223;20;1;9;9;commercial;1
что делает менеджер маркетплейса;741000;4;32;852;20;1;9;9;commercial;1
какие бизнес модели существуют;1000000;4;30;83;20;1;9;9;commercial;1
оплата постфактум;937000;2;17;142;19;1;9;9;commercial;1
инфографика бесплатно создать;2000000;3;29;609;19;1;9;9;commercial;1
купить товар по картинке;1000000;4;24;99;19;1;9;9;commercial;1
государственная субсидия на открытие малого бизнеса;211000;6;51;25;19;1;9;9;commercial;1
создать онлайн карту бесплатно;3000000;4;30;1895;19;1;9;9;commercial;4
что значит единорог в бизнесе;1000000;5;29;22;19;1;9;9;commercial;1
новая почта на яндексе создать почту бесплатно;3000000;7;46;4008;19;1;9;9;commercial;1
смотреть бесплатно сторис в инстаграм анонимно;2000000;6;46;5738;19;1;9;9;commercial;1
этика и социальная ответственность бизнеса;1000000;5;42;143;19;1;9;9;commercial;1
выплата на развитие малого бизнеса;2000000;5;34;179;19;1;9;9;commercial;1
курьерская доставка для бизнеса;1000000;4;31;178;19;1;9;9;commercial;1
переводчик через камеру телефона онлайн бесплатно с английского на русский;3000000;10;74;15268;19;1;9;9;commercial;4
кап кут войти;2000000;3;13;155;19;1;9;9;commercial;1
менеджер паролей что это;759000;4;24;94;19;1;9;9;commercial;16
биржа фриланс заказов;327000;3;21;340;19;1;9;9;commercial;1
как называется ресторанный бизнес;960000;4;33;84;18;1;9;9;commercial;1
государство выделяет деньги на малый бизнес;2000000;6;43;39;18;1;9;9;commercial;1
настройка crm;372000;2;13;1842;18;1;9;9;commercial;1
где фрилансеру найти заказы;133000;4;27;43;18;1;9;9;commercial;15
как получить инвестиции для бизнеса от государства;2000000;7;50;28;18;1;9;9;commercial;1
переводчик с корейского на русский по фото с телефона через камеру бесплатно без скачивания онлайн;3000000;15;98;18;18;1;9;9;commercial;2
лучшие сервисы;2000000;2;14;43078;18;1;9;9;commercial;1
смотреть историю инстаграм бесплатно;2000000;4;36;4582;18;1;9;9;commercial;1
субсидии от государства на открытие бизнеса;952000;6;43;1157;18;1;9;9;commercial;1
инфографика сделать онлайн бесплатно;2000000;4;36;324;18;1;9;9;commercial;4
беханс регистрация;1000000;2;18;26;18;1;9;9;commercial;1
какие данные нужны для договора с самозанятым;2000000;7;45;67;18;1;9;9;commercial;1
ритейл бизнес;1000000;2;13;693;18;1;9;9;commercial;1
pipeline в продажах;456000;3;19;66;18;1;9;9;commercial;1
программы для расстановки мебели в квартире бесплатно;2000000;7;53;155;18;1;9;9;commercial;0
нейросеть улучшает фото бесплатно;2000000;4;33;6108;17;1;9;9;commercial;2
помощь малому бизнесу от государства как получить;2000000;7;49;505;17;1;9;9;commercial;1
переводчик с тайского на русский по фото с телефона через камеру онлайн бесплатно без регистрации;3000000;15;97;18;17;1;9;9;commercial;2
как создать сайт магазина;2000000;4;25;456;17;1;9;9;commercial;1
менеджмент по продажам;488000;3;22;560;17;1;9;9;commercial;1
вконтакте моя страница открыть без логина и пароля;2000000;8;50;811;17;1;9;9;commercial;1
нейросеть из фото в рисунок бесплатно;2000000;6;37;65;17;1;9;9;commercial;2
переводчик по фото с китайского на русский телефона через камеру бесплатно;2000000;11;74;2639;17;1;9;9;commercial;2
бизнес план с нуля;1000000;4;18;3881;17;1;9;9;commercial;1
должностная инструкция менеджера по маркетплейсам;280000;5;49;114;17;1;9;9;commercial;1
определить название по фото онлайн бесплатно;3000000;6;44;401;17;1;9;9;commercial;2
перевод с английского на русский через камеру телефона бесплатно;3000000;9;64;4103;16;1;9;9;commercial;1
фото для магазина;931000;3;17;8600;16;1;9;9;commercial;2
заказное письмо через почту россии;2000000;5;34;1348;16;1;9;9;commercial;1
сервис хуис;2000000;2;11;16;16;1;9;9;commercial;1
инфографика онлайн бесплатно на русском без регистрации;3000000;7;55;23;16;1;9;9;commercial;4
программа для планировки комнаты бесплатно;2000000;5;42;129;16;1;9;9;commercial;1
купить точку валберис;1000000;3;21;79;16;1;9;9;commercial;1
бесплатное приложение для ретуши лица для айфона;2000000;7;48;101;16;1;9;9;commercial;1
как посчитать себестоимость продаж в отчете о финансовых результатах;932000;9;68;18;16;1;9;9;commercial;1
оформить заказное письмо;898000;3;24;1023;16;1;9;9;commercial;1
сделать бизнес план для своего бизнеса;1000000;6;38;42;16;1;9;9;commercial;1
online zapis;2000000;2;12;86;16;1;9;9;commercial;1
картинки в свободном доступе без авторских прав бесплатно;2000000;8;57;16;16;1;9;9;commercial;1
сервисы автопостинга;797000;2;20;262;16;1;9;9;commercial;1
оплата по договору оферты;498000;4;25;337;16;1;9;9;commercial;1
создать аватар нейросеть бесплатно;2000000;4;34;325;16;1;9;9;commercial;1
алиэкспресс для продавцов личный кабинет;751000;5;40;18;16;1;9;9;commercial;1
бизнес чаты телеграм;7000;3;20;474;15;1;9;9;commercial;1
бесплатное продвижение тг канала;2000000;4;32;114;15;1;9;9;commercial;1
если спрос увеличится то равновесная цена;841000;6;41;100;15;1;9;9;commercial;1
регистрация в почта яндекс;2000000;4;26;1435;15;1;9;9;commercial;1
оферта эта;2000000;2;10;36221;15;1;9;9;commercial;1
кредит для бизнеса от государства;1000000;5;33;511;15;1;9;9;commercial;1
эмейл регистрация;2000000;2;17;97;15;1;9;9;commercial;1
как сделать рекламу магазина;1000000;4;28;181;15;1;9;9;commercial;11
заказать архив в вк;1000000;4;19;132;15;1;9;9;commercial;1
алиса gpt api;288000;3;13;33;15;1;9;9;commercial;1
найти стикеры бесплатно;2000000;3;23;280;15;1;9;9;commercial;1
переводчик с китайского онлайн через камеру телефона бесплатно;2000000;8;62;1910;15;1;9;9;commercial;4
запись клиентов приложение бесплатное;2000000;4;37;591;15;1;9;9;commercial;1
email сервис;2000000;2;12;2356;15;1;9;9;commercial;1
регистрация в яндекс почта;2000000;4;26;1435;15;1;9;9;commercial;1
регистрация на почту яндекс;2000000;4;27;3091;15;1;9;9;commercial;1
на бизнес от государства;702000;4;24;30108;15;1;9;9;commercial;1
онлайн конструктор интернет магазина;1000000;4;36;63;15;1;9;9;commercial;4
подписка яндекс плюс в подарок на год;3000000;7;37;19;15;1;9;9;commercial;1
нейросеть лого бесплатно;2000000;3;24;318;15;1;9;9;commercial;1
фрипик войти;2000000;2;12;31;15;1;9;9;commercial;1
промо акция что это;410000;4;19;338;15;1;9;9;commercial;16
найти инструкцию на русском языке по фото бесплатно;3000000;8;51;15;15;1;9;9;commercial;2
регистрация на яндекс почту;2000000;4;27;3091;15;1;9;9;commercial;1
сделать ресницы на фото онлайн бесплатно;2000000;6;40;18;14;1;9;9;commercial;4
чеки магазинные;88000;2;15;299;14;1;9;9;commercial;1
телеграмм каналы про бизнес;8000;4;27;132;14;1;9;9;commercial;1
магазинные чеки;91000;2;15;299;14;1;9;9;commercial;1
сервис поиска психолога;2000000;3;23;153;14;1;9;9;commercial;1
сервис для смс;990000;3;14;2995;14;1;9;9;commercial;1
создать электронную почту яндекс бесплатно новую;2000000;6;48;1511;14;1;9;9;commercial;1
рассылка коммерческих предложений;405000;3;33;399;14;1;9;9;commercial;1
помощь государства на открытие малого бизнеса;2000000;6;45;893;14;1;9;9;commercial;1
сервис партнерских программ;2000000;3;27;291;14;1;9;9;commercial;1
ниша бизнеса это;2000000;3;16;232;14;1;9;9;commercial;1
как купить временный номер телефона;2000000;5;35;15;14;1;9;9;commercial;1
приложение для коррекции фото на айфон бесплатно;2000000;7;48;40;14;1;9;9;commercial;2
что должно входить в бизнес план;2000000;6;32;35;14;1;9;9;commercial;1
концепция социально ответственного бизнеса включает в себя;1000000;7;58;26;14;1;9;9;commercial;1
что значит полис оферта;521000;4;23;27;14;1;9;9;commercial;1
зарегистрироваться в яндекс почте бесплатно;2000000;5;43;76;14;1;9;9;commercial;1
найти товар по картинке в интернете с телефона по фото онлайн бесплатно;4000000;12;71;19;14;1;9;9;commercial;2
как создать бизнес аккаунт в телеграм;2000000;6;37;25;14;1;9;9;commercial;1
чат гп бесплатно;2000000;3;16;32;14;1;9;9;commercial;1
сервис онлайн платежей;2000000;3;22;421;14;1;9;9;commercial;4
завести электронную почту на яндексе бесплатно новую;2000000;7;52;60;14;1;9;9;commercial;1
поддержка для открытия бизнеса от государства;2000000;6;45;63;13;1;9;9;commercial;1
поиск вещи по фото в интернете онлайн бесплатно;3000000;8;47;13;13;1;9;9;commercial;2
маржа в бизнесе;790000;3;15;477;13;1;9;9;commercial;1
получить грант на развитие малого бизнеса;2000000;6;41;563;13;1;9;9;commercial;1
оплата чеком что это;370000;4;20;1155;13;1;9;9;commercial;16
входит ли в структуру бизнес плана организационный и финансовый планы;2000000;10;69;29;13;1;9;9;commercial;1
алиэкспресс бизнес личный кабинет;1000000;4;33;13;13;1;9;9;commercial;1
как оформить грант на открытие бизнеса;1000000;6;38;20;13;1;9;9;commercial;1
sms рассылка цена;1000000;3;17;18;13;1;9;9;commercial;1
как купить криптовалюту в телеграмме;1000000;5;36;80;13;1;9;9;commercial;1
как открыть бизнес с помощью государства;2000000;6;40;76;13;1;9;9;commercial;1
создать интерактивный плакат онлайн бесплатно;3000000;5;45;22;13;1;9;9;commercial;4
онлайн голосование создать опрос бесплатно;2000000;5;42;18;12;1;9;9;commercial;4
сервис для приема платежей на сайте;2000000;6;35;27;12;1;9;9;commercial;1
что такое ликвидация товара в магазине;728000;6;38;24;12;1;9;9;commercial;9
онлайн переводчик с корейского на русский через камеру телефона бесплатно без регистрации;3000000;12;89;12;12;1;9;9;commercial;4
дзен студия вход в личный кабинет для авторов;2000000;8;45;12;12;1;9;9;commercial;1
пиар канала ютуб бесплатно;2000000;4;26;19;12;1;9;9;commercial;1
правило парето в продажах;2000000;4;25;14;12;1;9;9;commercial;1
сайт с фотографиями высокого разрешения бесплатно;3000000;6;49;16;12;1;9;9;commercial;1
насколько выгодно открыть пункт выдачи заказов озон;1000000;7;51;14;12;1;9;9;commercial;1
как разработать бизнес план для малого бизнеса самому образец;2000000;9;61;12;12;1;9;9;commercial;1
гранд на бизнес от государства;1000000;5;30;1317;12;1;9;9;commercial;1
курс инфографики для маркетплейсов бесплатно;2000000;5;44;575;12;1;9;9;commercial;1
почта яндекс вход в почту регистрация;2000000;6;37;116;12;1;9;9;commercial;1
лучший файл менеджер для андроид;1000000;5;32;36;12;1;9;9;commercial;1
счетчик на сайт бесплатно;3000000;4;25;53;12;1;9;9;commercial;1
почта ру заказное письмо;1000000;4;24;174;12;1;9;9;commercial;1
что из перечисленного относится к критическим этапам бизнес процессов;1000000;9;69;39;12;1;9;9;commercial;1
программы нейросети для обработки фото бесплатно;2000000;6;48;36;12;1;9;9;commercial;0
трудовой договор с самозанятыми;330000;4;31;2384;12;1;9;9;commercial;1
оплата за рекламу;1000000;3;17;2407;12;1;9;9;commercial;1
единый кабинет маркетплейсов;900000;3;28;96;12;1;9;9;commercial;1
chat gpt 4 на русском бесплатно;3000000;6;31;162;11;1;9;9;commercial;1
переводчик с китайского на русский через камеру онлайн бесплатно;3000000;9;64;1934;11;1;9;9;commercial;4
регистрация в яндексе почта;2000000;4;27;1435;11;1;9;9;commercial;1
участие бизнеса в социальной деятельности;3000;5;41;30;11;1;9;9;commercial;1
ключевые навыки бизнес аналитика;966000;4;32;35;11;1;9;9;commercial;1
как войти в контакт если забыл пароль;2000000;7;37;58;11;1;9;9;commercial;1
игры для бизнесменов;1000000;3;20;52;11;1;9;9;commercial;1
приложения которые улучшают качество фото бесплатно;168000;6;51;49;11;1;9;9;commercial;2
смотреть сториз инстаграм анонимно бесплатно;2000000;5;44;41;11;1;9;9;commercial;1
файл менеджер андроид;1000000;3;21;1425;11;1;9;9;commercial;1
как меняется равновесная цена при увеличении предложения;1000000;7;56;11;11;1;9;9;commercial;1
при увеличении спроса равновесная цена увеличится или уменьшится;637000;8;64;11;11;1;9;9;commercial;1
как зайти на старую страницу в вк без логина и пароля;2000000;11;53;18;11;1;9;9;commercial;1
благодарственное письмо заказчику за сотрудничество;323000;5;51;14;11;1;9;9;commercial;1
самые красивые стикеры бесплатно;2000000;4;32;15;11;1;9;9;commercial;1
нейросети для написания текстов бесплатно;2000000;5;41;3625;11;1;9;9;commercial;1
себистоимость или себестоимость как;16000;4;35;133;11;1;9;9;commercial;1
как подписывается договор оферты;1000000;4;32;41;11;1;9;9;commercial;1
хостинг серверов бесплатно;2000000;3;26;4487;11;1;9;9;commercial;1
приложения для редактирования фото бесплатно;2000000;5;44;1026;11;1;9;9;commercial;2
кейс в продажах что это;401000;5;23;66;11;1;9;9;commercial;16
создание бота в тг бесплатно;2000000;5;28;382;11;1;9;9;commercial;1
менеджер файлов на андроид;558000;4;26;437;11;1;9;9;commercial;1
формирование потребности в продажах;667000;4;35;96;11;1;9;9;commercial;1
ютуб шортс смотреть онлайн бесплатно без регистрации;3000000;7;52;94;11;1;9;9;commercial;4
как войти в вк по номеру телефона;3000000;7;33;165;11;1;9;9;commercial;1
продукт маркетинг менеджер;905000;3;26;137;11;1;9;9;commercial;1
сервис для розыгрыша в вк;2000000;5;25;40;10;1;9;9;commercial;1
перевод с японского на русский онлайн по камере онлайн бесплатно;3000000;10;64;39;10;1;9;9;commercial;4
автоматизация рекрутмента;49000;2;25;54;10;1;9;9;commercial;1
как просчитать бизнес план;1000000;4;26;40;10;1;9;9;commercial;1
мой емайл показать на телефоне бесплатно;3000000;6;40;29;10;1;9;9;commercial;1
отправление заказного письма почта россии;2000000;5;41;852;10;1;9;9;commercial;10
открыть магазин в вк;2000000;4;20;145;10;1;9;9;commercial;1
как войти по ссылке;2000000;4;19;1225;10;1;9;9;commercial;1
облачный сервис это что;2000000;4;23;242;10;1;9;9;commercial;16
видеомонтажер обучение бесплатно;2000000;3;32;13;10;1;9;9;commercial;1
почта яндекс регистрация в почту;2000000;5;32;1435;10;1;9;9;commercial;1
как называют людей которые вкладывают деньги в чужой бизнес;2000000;9;59;13;10;1;9;9;commercial;1
купить email рассылку;2000000;3;21;66;10;1;9;9;commercial;1
3 д рисование онлайн бесплатно;3000000;5;30;16;10;1;9;9;commercial;4
узнать посещаемость сайта онлайн бесплатно;3000000;5;42;10;10;1;9;9;commercial;4
подключить электронную почту на телефон бесплатно приложение андроид;3000000;8;68;10;10;1;9;9;commercial;1
интернет бухгалтерия для ип бесплатно;1000000;5;37;10;10;1;9;9;commercial;1
фотографии без авторских прав бесплатно;2000;5;39;283;10;1;9;9;commercial;1
перевод по камере онлайн с английского на русский онлайн бесплатно по фото;3000000;12;74;3198;10;1;9;9;commercial;4
программа графический дизайн бесплатно;2000000;4;38;273;10;1;9;9;commercial;1
оборот в продажах это;524000;4;21;285;10;1;9;9;commercial;1
спрос и равновесная цена;1000000;4;24;4054;10;1;9;9;commercial;1
определить шрифт по фото бесплатно;2000000;5;34;429;10;1;9;9;commercial;2
нейросети бесплатные сервисы;2000000;3;28;547;10;1;9;9;commercial;1
чем выше цена тем ниже спрос;1000000;6;28;67;10;1;9;9;commercial;1
рассылка смс по базе;1000000;4;20;977;10;1;9;9;commercial;1
потенциальный заказчик это;2000000;3;26;105;10;1;9;9;commercial;1
виды облачных сервисов;1000000;3;22;138;10;1;9;9;commercial;17
приложение для фотошопа на айфон бесплатно;2000000;6;42;139;10;1;9;9;commercial;1
таблица для ведения бизнеса;747000;4;27;252;10;1;9;9;commercial;1
chatgpt 4 бесплатно онлайн;3000000;4;26;18;10;1;9;9;commercial;4
накрутка ботов инстаграм бесплатно;2000000;4;34;105;9;1;9;9;commercial;1
аналитик бизнес процессов это;1000000;4;29;127;9;1;9;9;commercial;1
новостная рассылка;200000;2;18;356;9;1;9;9;commercial;1
оферта определение;314000;2;18;123;9;1;9;9;commercial;1
что значит дисконтный магазин;609000;4;29;20;9;1;9;9;commercial;1
лучшие сервисы рассылок;2000000;3;23;209;9;1;9;9;commercial;1
бизнес аналитик функции;1000000;3;23;214;9;1;9;9;commercial;1
тема для бизнес плана;2000000;4;21;242;9;1;9;9;commercial;1
таск менеджер trello;164000;3;20;30;9;1;9;9;commercial;1
как придумать логин для почты в яндексе;1000000;7;39;13;9;1;9;9;commercial;1
получить гранд на бизнес от государства безвозмездно;2000000;7;52;262;9;1;9;9;commercial;1
sms service api;1000000;3;15;16;9;1;9;9;commercial;1
зд моделирование онлайн бесплатно;220000;4;33;43;9;1;9;9;commercial;4
основные элементы бизнес модели;1000000;4;31;53;9;1;9;9;commercial;1
договор о конфиденциальности nda;1000000;4;32;26;9;1;9;9;commercial;1
ниша для бизнеса это;517000;4;20;59;9;1;9;9;commercial;1
аида в продажах;451000;3;15;58;9;1;9;9;commercial;1
гос помощь для открытия бизнеса;2000000;5;31;103;9;1;9;9;commercial;1
фотошоп ретушь лица онлайн бесплатно;2000000;5;36;43;9;1;9;9;commercial;4
фильтр для лица онлайн бесплатно;2000000;5;32;67;9;1;9;9;commercial;4
отправить заказным письмом;711000;3;26;25393;9;1;9;9;commercial;1
стоимость конверсии формула;327000;3;27;17;9;1;9;9;commercial;1
бизнес криптовалюта;882000;2;19;510;9;1;9;9;commercial;1
бизнес документ;819000;2;15;14542;9;1;9;9;commercial;1
программы для дизайна интерьера для начинающих бесплатно;2000000;7;56;500;9;1;9;9;commercial;0
сделать квиз онлайн бесплатно на русском;3000000;6;40;9;9;1;9;9;commercial;4
сервисы для генерации картинок;1000000;4;30;404;9;1;9;9;commercial;1
составить ментальную карту онлайн бесплатно;3000000;5;43;12;9;1;9;9;commercial;7
массовая рассылка писем;270000;3;23;596;9;1;9;9;commercial;1
чат менеджер тг;493000;3;15;398;9;1;9;9;commercial;1
google таблицы обучение бесплатно;2000000;4;33;55;9;1;9;9;commercial;1
спам сервисы;1000000;2;12;737;9;1;9;9;commercial;1
программа для скачивания видео из интернета с любого сайта бесплатно;4000000;10;68;9;9;1;9;9;commercial;1
модели бизнеса виды;1000000;3;19;739;9;1;9;9;commercial;17
укажите какая статья расходов дополняет цеховую себестоимость до производственной;1000000;9;81;10;9;1;9;9;commercial;1
узнать crm сайта онлайн;3000000;4;23;10;9;1;9;9;commercial;4
больше всего дел у самого эффективного менеджера человека должно быть в квадрате;2000000;12;80;10;9;1;9;9;commercial;1
как получить гранд от государства на открытие бизнеса;2000000;8;53;235;8;1;9;9;commercial;1
как войти в режим инкогнито в яндекс на телефоне;3000000;9;48;23;8;1;9;9;commercial;1
зайти в вк без пароля и логина на свою страницу;2000000;10;47;472;8;1;9;9;commercial;1
регистрация товарного знака для чего;55000;5;36;355;8;1;9;9;commercial;1
как закрывать возражения клиентов в продажах;853000;6;44;10;8;1;9;9;commercial;1
как выиграть гранд на открытие бизнеса от государства;1000000;8;53;11;8;1;9;9;commercial;1
нейросеть рисует логотип бесплатно;2000000;4;34;53;8;1;9;9;commercial;1
зарегистрировать эл почту на яндексе бесплатно;2000000;6;46;16;8;1;9;9;commercial;1
как открыть свой бизнес с помощью государства;2000000;7;45;16;8;1;9;9;commercial;1
как войти на сайт в режиме инкогнито;3000000;7;36;19;8;1;9;9;commercial;1
ивент сервис это;3000000;3;16;80;8;1;9;9;commercial;1
сервисы по сокращению ссылок;1000000;4;28;67;8;1;9;9;commercial;1
автоматизация бизнес процесса;2000;3;29;6169;8;1;9;9;commercial;1
сетевые бизнесы;977000;2;15;6995;8;1;9;9;commercial;1
цвет бизнеса;955000;2;12;4512;8;1;9;9;commercial;1
смотреть сторис анонимно без регистрации бесплатно;3000000;6;50;4156;8;1;9;9;commercial;1
яндекс ру почта регистрация создать почтовый ящик бесплатно;3000000;8;59;8;8;1;9;9;commercial;1
найти одежду по фотографии онлайн бесплатно;3000000;6;43;8;8;1;9;9;commercial;4
розыгрыш вк по репостам и подписке бесплатно;2000000;7;44;8;8;1;9;9;commercial;1
ретуширование фото онлайн бесплатно профессионально;2000000;5;51;8;8;1;9;9;commercial;4
создание бизнес проекта;1000000;3;23;1219;8;1;9;9;commercial;1
как войти на старую страницу в контакте;3000000;7;39;22;8;1;9;9;commercial;1
купить крипту телеграмм;2000000;3;23;239;8;1;9;9;commercial;1
отправка смс через api;19000;4;22;23;8;1;9;9;commercial;1
смотреть историю вк анонимно онлайн бесплатно;3000000;6;45;147;8;1;9;9;commercial;4
купить биткоин через телеграмм;1000000;4;30;17;8;1;9;9;commercial;1
как создать сайт для магазина;2000000;5;29;112;8;1;9;9;commercial;1
где можно взять деньги на развитие бизнеса;2000000;7;42;21;8;1;9;9;commercial;15
crm erp система что это;515000;5;23;110;8;1;9;9;commercial;16
как называют человека который раскладывает товар в магазине;2000000;8;59;21;8;1;9;9;commercial;1
генератор случайных чисел для розыгрыша в телеграмме бесплатно;2000000;8;62;20;7;1;9;9;commercial;1
бот для написания текстов в телеграмм бесплатно;2000000;7;47;20;7;1;9;9;commercial;1
инвестор бизнес;1000000;2;15;10553;7;1;9;9;commercial;1
техника aida в продажах;450000;4;23;18;7;1;9;9;commercial;1
бесплатный сервис онлайн записи;3000000;4;31;189;7;1;9;9;commercial;4
нейросеть создание картинки по описанию бесплатно;2000000;6;49;1202;7;1;9;9;commercial;1
сервер хостинг бесплатно;2000000;3;24;4487;7;1;9;9;commercial;1
господдержка для открытия малого бизнеса;2000000;5;40;16;7;1;9;9;commercial;1
мой емайл показать на телефоне бесплатно без регистрации адрес и телефон;3000000;11;72;8;7;1;9;9;commercial;1
как восстановить свою страницу в контакте по номеру телефона без пароля и логина;1000000;13;80;8;7;1;9;9;commercial;1
лпр в продажах простым языком;2000000;5;29;7;7;1;9;9;commercial;1
как добавить свой магазин в 2гис;3000000;6;32;7;7;1;9;9;commercial;1
сколько стоит простое уведомление о вручении заказного письма;1000000;8;61;8;7;1;9;9;commercial;10
курсы дизайнер интерьера бесплатно;2000000;4;34;570;7;1;9;9;commercial;1
категорийный менеджер что это;108000;4;29;437;7;1;9;9;commercial;16
офлайн продажа;1000000;2;14;2216;7;1;9;9;commercial;1
переводчик с английского на русский камера телефона онлайн бесплатно;3000000;9;68;15626;7;1;9;9;commercial;4
как создать бизнес план с нуля пошаговая технология;2000000;8;51;11;7;1;9;9;commercial;1
из чего состоит себестоимость товара;368000;5;36;13;7;1;9;9;commercial;14
как вернуть старую страницу в вконтакте если не знаешь пароль и логин;2000000;12;69;13;7;1;9;9;commercial;1
самые частые возражения клиентов в продажах;1000000;6;43;10;7;1;9;9;commercial;1
кто выдает субсидии малому бизнесу;2000000;5;34;8;7;1;9;9;commercial;12
гугл тег менеджер вход;2000;4;22;9;7;1;9;9;commercial;1
для чего нужен файловый менеджер;665000;5;32;41;7;1;9;9;commercial;1
hr сервисы это;3000000;3;14;56;7;1;9;9;commercial;1
основные бизнес процессы компании;2000000;4;33;261;7;1;9;9;commercial;1
должностная инструкция менеджера по работе с маркетплейсами;1000000;7;59;46;7;1;9;9;commercial;1
менеджер по продажам маркетплейсов;1000000;4;34;450;7;1;9;9;commercial;1
создать интерактивный плакат онлайн бесплатно на русском языке;3000000;8;62;8;7;1;9;9;commercial;4
сервис для создания опросов;1000000;4;27;439;7;1;9;9;commercial;1
успей сделать заказ;1000000;3;19;354;7;1;9;9;commercial;11
лучшие сервисы психологов;3000000;3;25;71;7;1;9;9;commercial;1
трудовой договор для самозанятых;259000;4;32;206;7;1;9;9;commercial;1
знак магазина;634000;2;13;10452;7;1;9;9;commercial;1
графический дизайнер приложение бесплатно;2000000;4;41;26;7;1;9;9;commercial;1
представители бизнеса;1000000;2;21;3404;7;1;9;9;commercial;1
сервис desk;1000000;2;11;108;7;1;9;9;commercial;1
кто такие партнеры в бизнесе;1000000;5;28;42;7;1;9;9;commercial;12
частые возражения в продажах;891000;4;28;34;7;1;9;9;commercial;1
границы бизнес процесса;1000000;3;23;117;7;1;9;9;commercial;1
какие реквизиты нужны для договора с самозанятым;856000;7;48;32;7;1;9;9;commercial;1
какие бизнес процессы существуют;1000000;4;32;141;7;1;9;9;commercial;1
заказное письмо по почте россии;2000000;5;31;34862;7;1;9;9;commercial;1
как сделать бизнес план самому с нуля;2000000;7;37;8;7;1;9;9;commercial;11
где брать заказы копирайтеру;1000000;4;28;26;7;1;9;9;commercial;15
если предложение уменьшится то равновесная цена;716000;6;47;137;7;1;9;9;commercial;1
шаблоны figma бесплатно;2000000;3;23;67;7;1;9;9;commercial;1
почта россии официальный сайт заказное письмо;3000000;6;45;494;6;1;9;9;commercial;1
поиск по фото и цена;2000000;5;20;54;7;1;9;9;commercial;2
стоки изображений бесплатно;809000;3;27;211;6;1;9;9;commercial;1
умная камера переводчик с английского на русский по фото онлайн бесплатно без регистрации;3000000;13;89;6;6;1;9;9;commercial;2
успешные названия для бизнеса;1000000;4;29;34;6;1;9;9;commercial;1
что такое экосистема бизнеса;688000;4;28;201;6;1;9;9;commercial;9
проверить сайт на посещаемость бесплатно;3000000;5;40;27;6;1;9;9;commercial;1
психотипы покупателей в продажах;672000;4;32;6;6;1;9;9;commercial;1
чат для организации внутри сети бесплатно;2000000;6;41;6;6;1;9;9;commercial;1
графический дизайн программы бесплатно;2000000;4;38;257;6;1;9;9;commercial;0
мерчендайзинг магазина;544000;2;22;224;6;1;9;9;commercial;1
контакт моя страница открыть без пароля и логина прямо сейчас;4000000;10;61;82;6;1;9;9;commercial;1
нейросеть для лого бесплатно;2000000;4;28;61;6;1;9;9;commercial;1
рекламная рассылка без согласия;446000;4;31;189;6;1;9;9;commercial;1
семантическое ядро бесплатно;1000000;3;28;184;6;1;9;9;commercial;1
performance менеджер;219000;2;20;50;6;1;9;9;commercial;1
переводчик с китайского на русский с камеры онлайн бесплатно;3000000;9;60;2499;6;1;9;9;commercial;4
благодарственное письмо заказчику;304000;3;33;162;6;1;9;9;commercial;1
дизайн интерьера программа бесплатно на русском языке 3d;3000000;8;56;566;6;1;9;9;commercial;1
создать e mail регистрация;2000000;4;26;124;6;1;9;9;commercial;1
проверка посещаемости сайта онлайн бесплатно;3000000;5;44;39;6;1;9;9;commercial;4
как купить цифровой рубль в россии;2000000;6;34;44;6;1;9;9;commercial;1
turbologo ru создать логотип бесплатно;3000000;5;38;19;6;1;9;9;commercial;1
переводчик с английского онлайн через камеру телефона онлайн бесплатно;3000000;9;70;15328;6;1;9;9;commercial;4
определить crm;367000;2;14;211;6;1;9;9;commercial;1
купить электронные деньги;2000000;3;25;535;6;1;9;9;commercial;1
3d бесплатно;3000000;2;12;75361;6;1;9;9;commercial;1
pm менеджер;193000;2;11;136;6;1;9;9;commercial;1
отправить статью на публикацию бесплатно;3000000;5;40;10;6;1;9;9;commercial;1
открыть мою страницу вконтакте без логина и пароля прямо сейчас;4000000;10;63;401;6;1;9;9;commercial;1
магазин криптовалюты;470000;2;20;331;6;1;9;9;commercial;1
платформа для создания опросов бесплатно;123000;5;40;17;6;1;9;9;commercial;1
как восстановить страницу в вк без логина и пароля;1000000;9;50;9;6;1;9;9;commercial;1
установить интернет магазин;1000000;3;27;4861;6;1;9;9;commercial;1
бот по созданию логотипов бесплатно;2000000;5;35;14;6;1;9;9;commercial;1
разработать бизнес план по открытию собственного бизнеса;1000000;7;56;14;6;1;9;9;commercial;1
откуда можно взять деньги на бизнес;2000000;6;35;13;6;1;9;9;commercial;1
завести почту на яндексе новую бесплатно;3000000;6;40;513;6;1;9;9;commercial;1
бухгалтерия для ип бесплатно;2000000;4;28;655;6;1;9;9;commercial;1
программа для проектирования расстановки мебели бесплатно;2000000;6;57;9;6;1;9;9;commercial;1
что должно быть в бизнес плане по пунктам;1000000;8;41;8;6;1;9;9;commercial;1
открыть файловый менеджер;838000;3;25;774;5;1;9;9;commercial;1
войти в контакт по id адресу вконтакте;3000000;7;38;5;5;1;9;9;commercial;1
расчетный срок выхода магазина на потенциал составляет;1000000;7;54;6;5;1;9;9;commercial;1
потребность это в продажах;2000000;4;26;205;5;1;9;9;commercial;1
сервисы для малого бизнеса;1000000;4;26;253;5;1;9;9;commercial;1
валовая цена это;2000000;3;16;290;5;1;9;9;commercial;1
как научиться составлять бизнес план;1000000;5;36;6;5;1;9;9;commercial;1
схема бизнес плана;1000000;3;18;279;5;1;9;9;commercial;1
биханс регистрация;1000000;2;18;7;5;1;9;9;commercial;1
esg управление бизнесом это;1000000;4;27;8;5;1;9;9;commercial;1
плюсы и минусы бизнес аналитика;1000000;5;31;30;5;1;9;9;commercial;1
картины нейросети создать онлайн бесплатно;2000000;5;42;80;5;1;9;9;commercial;4
от чего зависит стоимость;333000;4;25;7104;5;1;9;9;commercial;1
стандарты описания бизнес процессов;85000;4;35;78;5;1;9;9;commercial;1
завести почту на яндексе бесплатно регистрация;3000000;6;46;112;5;1;9;9;commercial;1
бизнес ниша это;2000000;3;15;216;5;1;9;9;commercial;1
цена клика формула;908000;3;18;32;5;1;9;9;commercial;1
сервис личных помощников;2000000;3;24;54;5;1;9;9;commercial;1
перевод через камеру телефона онлайн с английского на русский бесплатно без регистрации;3000000;12;87;5;5;1;9;9;commercial;4
как войти в контакт если забыл пароль и номер телефона поменялся;3000000;11;64;5;5;1;9;9;commercial;1
деньги на свой бизнес от государства;1000000;6;36;51;5;1;9;9;commercial;1
бизнес сообщество вконтакте;601000;3;27;220;5;1;9;9;commercial;1
программы для создания рекламы бесплатно;2000000;5;40;62;5;1;9;9;commercial;0
тариф домашний пункт озон;1000000;4;25;62;5;1;9;9;commercial;1
бизнес блоги;1000000;2;12;2947;5;1;9;9;commercial;1
самая высокая цена на товар устанавливается на стадии цикла;2000000;9;59;22;5;1;9;9;commercial;1
бизнес процессы производства;1000000;3;28;1620;5;1;9;9;commercial;1
цена лендинга;1000000;2;13;1656;5;1;9;9;commercial;1
как войти в вк если забыл пароль и логин и номер телефона;3000000;12;57;12;5;1;9;9;commercial;1
виртуальный номер телефона для звонков бесплатно;2000000;6;48;52;5;1;9;9;commercial;1
принцип парето в продажах;380000;4;25;11;5;1;9;9;commercial;1
квитанция оферта что это;306000;4;24;19;5;1;9;9;commercial;16
можно ли отказаться от заказного письма;1000000;6;39;35;5;1;9;9;commercial;10
этапы продажа;641000;2;13;21201;5;1;9;9;commercial;1
как переключиться на бизнес аккаунт в инсте;1000000;7;43;36;5;1;9;9;commercial;1
помощь в развитии бизнеса от государства;2000000;6;40;644;5;1;9;9;commercial;1
сервисы онлайн обучения;2000000;3;23;649;5;1;9;9;commercial;4
выгрузка товаров с сайта бесплатно;3000000;5;34;8;5;1;9;9;commercial;1
себестоимость товара включает в себя затраты на;681000;7;47;8;5;1;9;9;commercial;14
что значит pr менеджер;404000;4;22;7;5;1;9;9;commercial;1
кейс в продажах;602000;3;15;1029;5;1;9;9;commercial;1
зарегистрировать электронную почту на яндексе бесплатно регистрация с телефона;3000000;9;78;23;5;1;9;9;commercial;1
определить название шрифта по картинке бесплатно;2000000;6;48;7;5;1;9;9;commercial;1
карта сайта бесплатно;2000;3;21;3450;4;1;9;9;commercial;1
групповая рассылка смс;334000;3;22;26;4;1;9;9;commercial;1
онлайн сервис бухгалтерия;2000000;3;25;224;4;1;9;9;commercial;4
вакансия менеджер маркетплейс;3000;3;29;9199;4;1;9;9;commercial;1
сервис проверки фотографий;1000000;3;26;30;4;1;9;9;commercial;1
как получить заказное письмо онлайн;2000000;5;35;28;4;1;9;9;commercial;4
дорожная карта бизнеса это;788000;4;26;57;4;1;9;9;commercial;1
сервис для поиска психолога;586000;4;27;50;4;1;9;9;commercial;1
стоковые фотки бесплатно;2000000;3;24;15;4;1;9;9;commercial;1
создать опрос бесплатно и без регистрации;2000000;6;41;16;4;1;9;9;commercial;1
как купить цифровую валюту;854000;4;26;17;4;1;9;9;commercial;1
алгоритм составления бизнес плана;973000;4;33;14;4;1;9;9;commercial;1
сбыт товара по бросовым ценам;742000;5;29;14;4;1;9;9;commercial;14
задачи комьюнити менеджера;330000;3;26;25;4;1;9;9;commercial;1
основы мерчандайзинга в магазине;769000;4;32;26;4;1;9;9;commercial;1
анализ маркетплейсов бесплатно онлайн;890000;4;37;20;4;1;9;9;commercial;4
автоматическая рассылка сообщений в вк;1000000;5;38;20;4;1;9;9;commercial;1
сервис вебинаров;1000000;2;16;522;4;1;9;9;commercial;1
обучение интернет маркетингу с нуля бесплатно;2000000;6;45;20;4;1;9;9;commercial;1
заработок в интернете бесплатно;2000000;4;31;521;4;1;9;9;commercial;1
узнать название по фото онлайн бесплатно;2000000;6;40;427;4;1;9;9;commercial;2
цена зависит от количества;794000;4;26;765;4;1;9;9;commercial;1
человек который занимается продажами;1000000;4;36;283;4;1;9;9;commercial;8
сервис массовых рассылок;1000000;3;24;306;4;1;9;9;commercial;1
работа с интернет заказами;2000000;4;26;282;4;1;9;9;commercial;1
вконтакте моя страница открыть без логина и пароля по номеру телефона;3000000;11;69;386;4;1;9;9;commercial;1
прайс лист магазина;1000000;3;19;4221;4;1;9;9;commercial;1
маркетинг бесплатно;1000000;2;19;4476;4;1;9;9;commercial;1
сервисы для сокращения ссылок;2000000;4;29;72;4;1;9;9;commercial;1
электронная почта яндекс регистрация создать почтовый ящик;3000000;7;58;86;4;1;9;9;commercial;1
конкуренция в бизнесе это;650000;4;25;172;4;1;9;9;commercial;1
не могу войти в телеграмм по номеру телефона слишком много попыток;3000000;11;66;173;4;1;9;9;commercial;1
обмен файлами бесплатно;2000000;3;23;164;4;1;9;9;commercial;1
сервис постинга;906000;2;15;233;4;1;9;9;commercial;1
описание компании в бизнес плане;2000000;5;32;121;4;1;9;9;commercial;1
создать почту gmail com регистрация бесплатно электронную в телефоне на русском языке на телефоне;3000000;14;97;142;4;1;9;9;commercial;13
низкая себестоимость это;2000000;3;24;162;4;1;9;9;commercial;1
создание ментальных карт онлайн бесплатно на русском;3000000;7;52;4;4;1;9;9;commercial;4
в какой форме экономист должен составить бизнес план по платной деятельности;2000000;11;76;4;4;1;9;9;commercial;7
сервисы для онлайн опросов;2000000;4;26;327;4;1;9;9;commercial;4
стартовый капитал для открытия бизнеса от государства;894000;7;53;4;4;1;9;9;commercial;1
cambridge dictionary англо русский переводчик онлайн бесплатно;3000000;7;62;4;4;1;9;9;commercial;4
как купить электронную валюту;1000000;4;29;11;4;1;9;9;commercial;1
маркетинг курсы обучение бесплатно для начинающих;1000000;6;49;9;4;1;9;9;commercial;1
создать интеллект карту онлайн бесплатно без регистрации;3000000;7;56;11;4;1;9;9;commercial;4
файлообменник на 50 гб бесплатно;2000000;5;32;6;4;1;9;9;commercial;1
аббревиатура директор по продажам;572000;4;33;28;4;1;9;9;commercial;1
как войти в вк если не помнишь пароль и номер телефона;2000000;11;54;10;3;1;9;9;commercial;1
сайт инфографика бесплатно;2000000;3;26;255;3;1;9;9;commercial;1
сервис психологи онлайн;1000000;3;23;478;3;1;9;9;commercial;4
frontpad техподдержка;160000;2;21;3;3;1;9;9;commercial;1
sms рассылка массовая;513000;3;21;113;3;1;9;9;commercial;1
значки для презентации бесплатно;1000000;4;32;112;3;1;9;9;commercial;1
емайл почта регистрация создать электронную;2000000;5;43;38;3;1;9;9;commercial;1
цена клика как рассчитать;230000;4;25;40;3;1;9;9;commercial;1
яндекс дзен для автора вход в личный кабинет;2000000;8;44;41;3;1;9;9;commercial;1
сервисы аналитики телеграмм каналов;4000;4;35;38;3;1;9;9;commercial;1
цена спроса и цена предложения;808000;5;30;8778;3;1;9;9;commercial;1
на чем создать интернет магазин;1000000;5;31;36;3;1;9;9;commercial;1
облачное хранение для бизнеса;950000;4;29;62;3;1;9;9;commercial;1
яндекс почта регистрация создать новый электронный адрес на яндексе;3000000;9;67;66;3;1;9;9;commercial;1
сервисы для написания статей;1000000;4;28;51;3;1;9;9;commercial;1
как определить стоимость продукта;784000;4;33;69;3;1;9;9;commercial;1
сервис почтовых рассылок бесплатно;2000000;4;34;15;3;1;9;9;commercial;1
telegram войти в аккаунт через смс;3000000;6;34;17;3;1;9;9;commercial;1
профессиональные навыки менеджера проекта;1000000;4;41;27;3;1;9;9;commercial;1
приложения для транскрибации аудио в текст бесплатно;2000000;7;52;29;3;1;9;9;commercial;1
создать анкеты онлайн бесплатно;2000000;4;31;462;3;1;9;9;commercial;4
магазин в вконтакте;1000000;3;19;794;3;1;9;9;commercial;1
сделать сайт интернет магазина;2000000;4;30;691;3;1;9;9;commercial;1
автоматизация задач это;2000000;3;23;616;3;1;9;9;commercial;1
электронное заказное письмо это;455000;4;31;620;3;1;9;9;commercial;1
моделирование комнаты бесплатно;1000000;3;31;668;3;1;9;9;commercial;1
план по составлению бизнес плана;838000;5;32;429;3;1;9;9;commercial;1
продажа на aliexpress;523000;3;21;406;3;1;9;9;commercial;1
сервисы для телеграм;12000;3;20;1187;3;1;9;9;commercial;1
методика бизнес планирования;904000;3;28;1430;3;1;9;9;commercial;1
описать бизнес процессы;1000000;3;23;1362;3;1;9;9;commercial;1
как войти по штрих коду;2000000;5;23;98;3;1;9;9;commercial;1
yandex почта регистрация создать;2000000;4;32;109;3;1;9;9;commercial;1
карта мыслей онлайн бесплатно;2000000;4;29;115;3;1;9;9;commercial;4
сущность бизнес плана;1000000;3;21;119;3;1;9;9;commercial;1
сценарий для подкаста;273000;3;21;86;3;1;9;9;commercial;0
как выбрать название магазина;276000;4;29;76;3;1;9;9;commercial;1
посещаемость сайта онлайн бесплатно;3000000;4;35;202;3;1;9;9;commercial;4
майнд карты онлайн бесплатно на русском;3000000;6;39;194;3;1;9;9;commercial;4
приложения для монтажа фото бесплатно;2000000;5;37;266;3;1;9;9;commercial;2
фотки без авторских прав бесплатно;3000;5;34;5;3;1;9;9;commercial;1
создание почтового ящика на яндексе бесплатно;2000000;6;45;5;3;1;9;9;commercial;1
себестоимость экономика;342000;2;23;650;3;1;9;9;commercial;1
ключевым в договоренностях между инвестором и инициатором стартапа является;892000;9;75;4;3;1;9;9;commercial;1
отключить рекламу на ноутбуке бесплатно;1000000;5;39;3;3;1;9;9;commercial;1
зайти на мою страницу в контакте без логина и пароля прямо сейчас;4000000;12;65;3;3;1;9;9;commercial;1
что такое демократический стиль управления;769000;5;42;4;3;1;9;9;commercial;9
автоматическая ретушь фотографий онлайн бесплатно;2000000;5;49;5;3;1;9;9;commercial;4
коммерческая себестоимость;171000;2;26;1755;3;1;9;9;commercial;1
телеграмм для бизнеса какие возможности;12000;5;39;4;3;1;9;9;commercial;1
создать виртуальный кошелек бесплатно;2000000;4;37;11;3;1;9;9;commercial;1
облачные технологии и сервисы;2000000;4;29;273;3;1;9;9;commercial;1
основные разделы бизнес плана и их содержание;2000000;7;45;12;3;1;9;9;commercial;1
официальная оферта что это;777000;4;26;7;3;1;9;9;commercial;16
как посмотреть электронную почту в телефоне если забыл пароль и логин;2000000;11;69;3;3;1;9;9;commercial;1
телеграм каналы про бизнес и предпринимательство;8000;6;48;3;3;1;9;9;commercial;1
бизнес процесс описание;1000000;3;23;4787;2;1;9;9;commercial;1
войти в аутлук почту через яндекс;2000000;6;33;10;2;1;9;9;commercial;1
массовая рассылка смс через интернет;1000000;5;36;5;2;1;9;9;commercial;1
sms рассылка программа;1000000;3;22;7;2;1;9;9;commercial;1
магазин хром adblock;426000;3;20;11;2;1;9;9;commercial;1
отправить заказные письма;750000;3;25;25393;2;1;9;9;commercial;10
вк не могу войти на свою страницу;854000;7;33;39;2;1;9;9;commercial;1
intickets ru личный кабинет;2000000;4;27;34;2;1;9;9;commercial;1
как правильно составить бизнес план самому;1000000;6;42;74;2;1;9;9;commercial;7
нейросеть развивающая людей бесплатно;2000000;4;37;7;2;1;9;9;commercial;1
разница между ценой и себестоимостью продукции называется;996000;7;57;7;2;1;9;9;commercial;1
вк моя страница войти на свою по номеру телефона;3000000;9;48;7;2;1;9;9;commercial;1
сервис проверки доменных имен;1000000;4;29;7;2;1;9;9;commercial;1
интересное видео смотреть бесплатно на ютубе;3000000;6;44;8;2;1;9;9;commercial;19
самый удобный файловый менеджер;1000000;4;31;32;2;1;9;9;commercial;1
краткосрочные бизнес планы;867000;3;26;256;2;1;9;9;commercial;1
основы графического дизайна бесплатно;2000000;4;37;48;2;1;9;9;commercial;1
условия поддержки малого бизнеса;2000000;4;32;253;2;1;9;9;commercial;1
теперь нужно рассчитать стоимость привлечения пользователей в динамике по месяцам;2000000;10;81;6;2;1;9;9;commercial;1
как сделать бизнес план для малого бизнеса образец;2000000;8;50;39;2;1;9;9;commercial;11
взломали вк не могу войти;2000000;5;25;42;2;1;9;9;commercial;1
хпв в продажах недвижимости;744000;4;27;16;2;1;9;9;commercial;1
бизнес модель предприятия пример;1000000;4;32;17;2;1;9;9;commercial;1
ментальная карта сделать онлайн бесплатно;3000000;5;41;16;2;1;9;9;commercial;4
почтовые сервисы электронной почты список;2000000;5;41;26;2;1;9;9;commercial;1
потенциальные заказчики;105000;2;23;950;2;1;9;9;commercial;1
бесплатное проектирование комнаты;2000000;3;33;965;2;1;9;9;commercial;1
какие цвета вызывают желание купить;2000000;5;35;28;2;1;9;9;commercial;1
сканер переводчик с английского на русский через камеру телефона бесплатно;3000000;10;74;11;2;1;9;9;commercial;1
уровень сервиса поставщика это;1000000;4;30;10;2;1;9;9;commercial;1
к основным разделам бизнес плана относится;1000000;6;42;10;2;1;9;9;commercial;1
сервис по рассылке смс по клиентской базе;1000000;7;41;2;2;1;9;9;commercial;1
банк картинок бесплатно;2000000;3;23;157;2;1;9;9;commercial;1
программа фильтров для фотографий для айфона бесплатно на русском;3000000;9;65;2;2;1;9;9;commercial;1
биржи заказов;1000000;2;13;3121;2;1;9;9;commercial;1
сервис смс уведомлений;1000000;3;22;102;2;1;9;9;commercial;1
расписать бизнес план;791000;3;21;130;2;1;9;9;commercial;1
регистрация яндекса почты;807000;3;25;29823;2;1;9;9;commercial;1
цвета бизнеса;847000;2;13;4512;2;1;9;9;commercial;1
фильтр для увеличения губ онлайн бесплатно;2000000;6;42;2;2;1;9;9;commercial;4
идея для интернет магазина;1000000;4;26;152;2;1;9;9;commercial;1
моделирование квартиры 3д бесплатно на русском;4000000;6;46;89;2;1;9;9;commercial;1
что понимается под бизнес планом и каково его значение для деятельности предприятия;1000000;12;83;2;2;1;9;9;commercial;1
менеджер сообщений;662000;2;18;1861;2;1;9;9;commercial;1
переводчик с русского на английский по фото с телефона через камеру бесплатно онлайн;3000000;13;84;16359;2;1;9;9;commercial;2
если соединение различных ресурсов в бизнесе производится на определенный срок то это образует;2000000;13;94;3;2;1;9;9;commercial;1
вконтакте логин и пароль;1000000;4;24;17631;2;1;9;9;commercial;1
программы для мультипликации бесплатно на русском;3000000;6;49;3;2;1;9;9;commercial;0
что такое проформа договора;254000;4;27;4;2;1;9;9;commercial;9
спрос увеличится а равновесная цена;1000000;5;35;51;2;1;9;9;commercial;1
где взять деньги на открытие малого бизнеса;2000000;7;43;3;2;1;9;9;commercial;15
яндекс почта регистрация создать новый почтовый ящик бесплатно яндекс почты на телефоне андроид;3000000;13;95;4;2;1;9;9;commercial;1
фото товара для интернет магазина;1000000;5;33;1721;2;1;9;9;commercial;14
построение бизнес плана;1000000;3;23;119;2;1;9;9;commercial;1
парольный менеджер это;2000000;3;22;3;2;1;9;9;commercial;1
форум бизнеса;990000;2;13;22600;2;1;9;9;commercial;1
программа для анализа продаж на маркетплейсах бесплатно;2000000;7;55;1;1;1;9;9;commercial;1
переводчик с немецкого на русский по фото онлайн бесплатно точный перевод с телефона правильный;3000000;14;95;1;1;1;9;9;commercial;2
описание предприятия в бизнес плане пример;256000;6;42;1;1;1;9;9;commercial;1
методы стимулирования продажи товаров применяемые в магазине это;3000;8;64;1;1;1;9;9;commercial;1
купить программу для улучшения камеры смартфона;2000000;6;47;1;1;1;9;9;commercial;1
конкуренция в бизнес плане пример;1000000;5;33;1;1;1;9;9;commercial;1
найти символ по фото онлайн бесплатно;3000000;6;37;1;1;1;9;9;commercial;2
менеджер плейсмаркетов;141000;2;22;2;1;1;9;9;commercial;1
что такое цена что влияет на процесс ценообразования;886000;8;52;1;1;1;9;9;commercial;9
сделать ментальную карту онлайн бесплатно на русском;3000000;7;52;1;1;1;9;9;commercial;4
тип бизнеса направленный на получение дохода путем реализации принципиально новой идеи;3000000;11;86;1;1;1;9;9;commercial;1
определить фирму по фото онлайн бесплатно;178000;6;41;1;1;1;9;9;commercial;2
поиск ткани по фото онлайн бесплатно;2000000;6;36;1;1;1;9;9;commercial;2
бесплатный фотобанк изображений без регистрации бесплатно;1000000;6;57;1;1;1;9;9;commercial;1
как зависит стоимость от количества купленного товара при постоянной цене;963000;10;73;1;1;1;9;9;commercial;14
принимая решение менеджер должен избегать риска;1000000;6;47;1;1;1;9;9;commercial;1
вконтакте моя страница добро пожаловать без логин и пароль;1000000;9;58;1;1;1;9;9;commercial;1
sleep cycle premium бесплатно ios;2000000;5;33;1;1;1;9;9;commercial;1
нейросеть установить на компьютер бесплатно;2000000;5;43;55;1;1;9;9;commercial;1
розыгрыш по лайкам в инстаграм бесплатно онлайн;2000000;7;47;1;1;1;9;9;commercial;4
скачать электронный почта бесплатно на телефон регистрация;3000000;7;58;121;1;1;9;9;commercial;19
перевод с китайского на русский по фото с телефона онлайн бесплатно без скачивания сфотографировать;3000000;14;99;1;1;1;9;9;commercial;2
переводчик с французского на русский по фото с телефона через камеру бесплатно онлайн без скачивания;3000000;15;100;1;1;1;9;9;commercial;2
перевести с русского на английский по фото с телефона бесплатно по фото;2000000;12;71;3535;1;1;9;9;commercial;2
вконтакте моя страница войти без пароля сразу на мою страницу;3000000;10;61;3941;1;1;9;9;commercial;1
поиск по номеру телефона бесплатно телеграмм;5000;6;44;355;1;1;9;9;commercial;1
создание онлайн анкеты бесплатно;2000000;4;32;23;1;1;9;9;commercial;4
подписка телеграмм цена;9000;3;23;529;1;1;9;9;commercial;1
создать канал на ютубе регистрация;3000000;5;34;29;1;1;9;9;commercial;1
раскрутка канала бесплатно;2000000;3;26;425;1;1;9;9;commercial;1
социально демографические характеристики целевой аудитории;667000;5;58;31;1;1;9;9;commercial;1
софт для рассылки в телеграм бесплатно;2000000;6;38;31;1;1;9;9;commercial;1
установить фотошоп бесплатно на телефон;453000;5;39;26;1;1;9;9;commercial;1
сервисы для поиска информации;2000000;4;29;335;1;1;9;9;commercial;1
сервисы голосового ввода текста;161000;4;31;41;1;1;9;9;commercial;1
правильный договор с самозанятым;341000;4;32;317;1;1;9;9;commercial;1
госпрограмма на бизнес;1000000;3;22;384;1;1;9;9;commercial;1
бесплатные сервисы с книгами;2000000;4;28;38;1;1;9;9;commercial;1
бизнес предложения о сотрудничестве;1000000;4;35;39;1;1;9;9;commercial;1
подарки заказчикам;808000;2;18;331;1;1;9;9;commercial;1
завести электронную почту на яндексе бесплатно на телефон регистрация новую;3000000;10;75;19;1;1;9;9;commercial;1
главная задача бизнес плана;76000;4;27;15;1;1;9;9;commercial;1
тай менеджер;820000;2;12;17;1;1;9;9;commercial;1
посмотреть инстаграм анонимно без регистрации бесплатно;3000000;6;55;982;1;1;9;9;commercial;1
закон предложения гласит что покупатели купят больше товара по низким ценам чем по высоким;2000000;14;90;16;1;1;9;9;commercial;14
анализ рынка в бизнес плане это;1000000;6;31;16;1;1;9;9;commercial;1
как войти в вк по id адресу;2000000;7;27;22;1;1;9;9;commercial;1
бизнес модель продукта;981000;3;22;667;1;1;9;9;commercial;1
трудоустройство по договору самозанятости;394000;4;41;20;1;1;9;9;commercial;2
сервисы платежной системы;1000000;3;25;642;1;1;9;9;commercial;1
бизнес модель компании пример;1000000;4;29;78;1;1;9;9;commercial;1
семантическое ядро онлайн бесплатно;2000000;4;35;74;1;1;9;9;commercial;4
как войти вконтакте если забыл пароль и логин;2000000;8;45;79;1;1;9;9;commercial;1
создать свой сайт интернет магазин;2000000;5;34;77;1;1;9;9;commercial;1
тинькофф рассылка;1000000;2;17;151;1;1;9;9;commercial;1
курс интернет маркетинга бесплатно;2000000;4;34;166;1;1;9;9;commercial;1
бесплатный сервис записи клиентов;1000000;4;33;154;1;1;9;9;commercial;1
создание опроса бесплатно;2000000;3;25;180;1;1;9;9;commercial;1
создать электронную почту яндекс регистрация на русском;3000000;7;55;126;1;1;9;9;commercial;1
программа для инфографики бесплатно на русском;3000000;6;46;120;1;1;9;9;commercial;1
фильтр для айфона для фото бесплатно;2000000;6;36;267;1;1;9;9;commercial;2
бизнес игра для предпринимателей;2000000;4;32;51;1;1;9;9;commercial;1
услуга размещения сайта на сервере это;2000000;6;38;46;1;1;9;9;commercial;1
ответы на возражения клиентов в продажах;1000000;6;40;41;1;1;9;9;commercial;1
если рыночная цена ниже равновесной цены то;784000;7;43;224;1;1;9;9;commercial;1
платформы для создания интернет магазина;1000000;5;40;228;1;1;9;9;commercial;1
рассылка смс программа;983000;3;22;221;1;1;9;9;commercial;1
поиск по фото в магазине;2000000;5;24;60;1;1;9;9;commercial;2
в каких случаях необходим бизнес план;2000000;6;37;5;1;1;9;9;commercial;1
из чего формируется себестоимость товара;451000;5;40;5;1;1;9;9;commercial;14
обязанности мерчендайзера в магазине продуктов что входит;2000000;7;57;5;1;1;9;9;commercial;1
бизнес в инстаграме;661000;3;19;8253;1;1;9;9;commercial;1
если цена товара выше точки пересечения кривой спроса и предложения то возникает;2000000;12;80;7;1;1;9;9;commercial;14
заказное письмо отправка;14000;3;24;7821;1;1;9;9;commercial;1
на спрос оказывает влияние наличие и стоимость сопряженных товаров;890000;9;66;4;1;1;9;9;commercial;1
найти задание по фото онлайн бесплатно;3000000;6;38;4;1;1;9;9;commercial;2
яндекс реклама бесплатно разместить объявление услуги;2000;6;53;4;1;1;9;9;commercial;1
что произойдет с предложением если увеличится цена на топливо;1000000;9;61;4;1;1;9;9;commercial;1
сервисы для создания мультфильмов;1000000;4;33;4;1;1;9;9;commercial;1
файловый менеджер андроид 13;1000000;4;28;13;1;1;9;9;commercial;1
комиссия по сбп для бизнеса;2000000;5;27;12;1;1;9;9;commercial;1
сценарий тайного покупателя;380000;3;27;11;1;1;9;9;commercial;1
оплата с2с что это;4000000;4;18;2;1;1;9;9;commercial;16
пластика на фото онлайн бесплатно;2000000;5;33;2;1;1;9;9;commercial;4
сервис файлообмена;1000000;2;18;9;1;1;9;9;commercial;1
сервис для обучения нейронных сетей;2000000;5;35;9;1;1;9;9;commercial;1
предложения продажа;1000000;2;19;12589;1;1;9;9;commercial;1
ликвидационная распродажа;697000;2;25;8;1;1;9;9;commercial;1
страница личного кабинета;1000000;3;25;32974;1;1;9;9;commercial;1
как назвать бизнес клуб;1000000;4;23;9;1;1;9;9;commercial;1
дополнительная подписка;1000000;2;23;2718;1;1;9;9;commercial;1
цели бизнес процессов;1000000;3;21;2458;1;1;9;9;commercial;1
зарегистрироваться емайл почта бесплатно;2000000;4;40;3;0;1;9;9;commercial;1
добавление магазина на яндекс карту;1000000;5;35;3;0;1;9;9;commercial;1
что входит в фактическую себестоимость;2000000;5;38;7;0;1;9;9;commercial;1
социальная ответственность бизнеса находит свое выражение в;2000000;7;59;7;0;1;9;9;commercial;1
узнать название шрифта по картинке онлайн бесплатно;2000000;7;51;7;0;1;9;9;commercial;4
виртуальный хостинг для сайта бесплатно;2000000;5;39;8;0;1;9;9;commercial;1
виды маркетинговых стратегий в бизнесе;968000;5;38;7;0;1;9;9;commercial;17
phpmyadmin хостинг бесплатно;1000000;3;28;7;0;1;9;9;commercial;1
проверить товарный знак на уникальность онлайн бесплатно без регистрации;3000000;9;72;5;0;1;9;9;commercial;4
вк моя страница войти на свою страницу без пароля через телефон по номеру телефона;3000000;14;82;5;0;1;9;9;commercial;1
способы поддержки малого бизнеса государством;1000000;5;45;5;0;1;9;9;commercial;1
гугл тег менеджер как установить;186000;5;32;4;0;1;9;9;commercial;1
файловый менеджер для андроид 11;2000000;5;32;6;0;1;9;9;commercial;1
характеристика ассортимента товаров в магазине;594000;5;46;6;0;1;9;9;commercial;1
программа файловый менеджер для андроид;943000;5;39;5;0;1;9;9;commercial;1
что является главной целью бизнес плана;80000;6;39;6;0;1;9;9;commercial;1
оптимальный выбор продуктов при равных ценах зависит от конкретного потребителя;1000000;10;79;1;0;1;9;9;commercial;1
если рыночная цена больше равновесной цены то;2000000;7;45;5;0;1;9;9;commercial;1
назначение бизнес плана состоит в том чтобы;2000000;7;43;1;0;1;9;9;commercial;1
перевод текста по камере телефона онлайн бесплатно;3000000;7;50;1;0;1;9;9;commercial;4
регистрация на почте россии для получения писем;2000000;7;47;1;0;1;9;9;commercial;1
бесплатное создание сайта бесплатный хостинг и домен;2000000;7;52;1;0;1;9;9;commercial;1
для кого бизнес план разрабатывается в первую очередь;4000000;8;53;1;0;1;9;9;commercial;1
коллтрекинг стоимость минут;247000;3;27;1;0;1;9;9;commercial;1
какие основные цели внедрения стратегии crm при кризисном сценарии;805000;9;66;1;0;1;9;9;commercial;1
себестоимость продукции является основным критерием деятельности предприятия;1000000;7;76;1;0;1;9;9;commercial;1
что понимают под фактической себестоимостью материалов;1000000;6;54;1;0;1;9;9;commercial;1
себестоимость в отчете о финансовых результатах включают в себя;1000000;9;63;1;0;1;9;9;commercial;1
установка гугл тег менеджер;1000000;4;27;1;0;1;9;9;commercial;1
миндмастер бесплатно;1000000;2;20;1;0;1;9;9;commercial;1
к наиболее чувствительным к ценам относятся фирмы занятые;1000000;8;57;3;0;1;9;9;commercial;1
файловый менеджер для андроид 13;1000000;5;32;3;0;1;9;9;commercial;1
как создать свой магазин мерча;1000000;5;30;3;0;1;9;9;commercial;1
инфографические сервисы;775000;2;23;2;0;1;9;9;commercial;1
в соответствии с гражданским законодательством оферта это;713000;7;57;2;0;1;9;9;commercial;1
определить шрифт по фотографии онлайн бесплатно;2000000;6;47;3;0;1;9;9;commercial;4
поддержка малого бизнеса в россии от государства;2000000;7;48;3;0;1;9;9;commercial;1
себестоимость продукции и ее экономическая сущность;365000;6;51;3;0;1;9;9;commercial;1
смс рассылка вайбер;1000000;3;19;3;0;1;9;9;commercial;1
что относится к стандартам бизнес планирования;986000;6;46;2;0;1;9;9;commercial;1
пиксарт онлайн фотошоп бесплатно;2000000;4;32;2;0;1;9;9;commercial;4
лучшие сервисы для транскрибации аудио в текст;3000;7;46;2;0;1;9;9;commercial;1
проверка позиций сайта по поисковым запросам бесплатно;3000000;7;54;2;0;1;9;9;commercial;1
приложение для скачивания видеоклипов бесплатно;137000;5;47;2;0;1;9;9;commercial;1
предоставление участникам рынка сведений о ценах на товары и услуги и потребностях рынка;1000000;13;88;2;0;1;9;9;commercial;1
найти часы по фото онлайн бесплатно;3000000;6;35;2;0;1;9;9;commercial;2
нагнать трафик на сайт бесплатно;2000000;5;32;2;0;1;9;9;commercial;1
донат сервис для игр;2000000;4;20;92;0;1;9;9;commercial;1
желание и возможность потребителя купить;2000000;5;40;99;0;1;9;9;commercial;1
наложить музыку на видео бесплатно без водяного знака;3000000;8;53;94;0;1;9;9;commercial;1
программа для озвучки текста бесплатно;2000000;5;38;100;0;1;9;9;commercial;1
бизнес план описание продукции;1000000;4;30;78;0;1;9;9;commercial;1
сущность бизнес модели;1000000;3;22;77;0;1;9;9;commercial;1
программы для создания анимации 2d бесплатно;3000000;6;44;74;0;1;9;9;commercial;0
поддержка малого бизнеса от государства начинающим;2000000;6;50;80;0;1;9;9;commercial;1
если предложение уменьшается то цена;892000;5;36;131;0;1;9;9;commercial;1
первичные бизнес процессы;1000000;3;25;129;0;1;9;9;commercial;1
открыть электронную почту на телефоне андроид бесплатно;3000000;7;55;131;0;1;9;9;commercial;1
как осуществляется продажа товара;742000;4;33;126;0;1;9;9;commercial;14
обязательные разделы бизнес плана;1000000;4;33;144;0;1;9;9;commercial;1
посетители на сайт бесплатно;3000000;4;28;136;0;1;9;9;commercial;1
онлайн опрос бесплатно без регистрации;3000000;5;38;112;0;1;9;9;commercial;4
облачные сервисы пример;1000000;3;23;114;0;1;9;9;commercial;1
маркетинговая часть бизнес плана;46000;4;32;49;0;1;9;9;commercial;1
программа по дизайну интерьера бесплатно на русском;3000000;7;51;46;0;1;9;9;commercial;1
ретушь фото на айфоне бесплатно приложение;2000000;6;42;47;0;1;9;9;commercial;2
установить скачивание видео с ютуба бесплатно;3000000;6;45;69;0;1;9;9;commercial;19
малый бизнес с нуля помощь государства;2000000;6;38;68;0;1;9;9;commercial;1
себестоимость реализованных товаров это;486000;4;39;47;0;1;9;9;commercial;1
программа для очистки кэша бесплатно;2000000;5;36;72;0;1;9;9;commercial;1
кредит малому бизнесу с нуля от государства;2000000;7;43;59;0;1;9;9;commercial;1
шаблон для написания резюме бесплатно;1000000;5;37;62;0;1;9;9;commercial;1
что произойдет с ценами на товары если предложение их при прочих равных условиях снизится;2000000;14;89;64;0;1;9;9;commercial;1
программа по дизайну бесплатно;2000000;4;30;765;0;1;9;9;commercial;1
спрос и предложение товаров и рыночная цена;760000;7;43;882;0;1;9;9;commercial;1
дизайн проекты программа бесплатно;2000000;4;34;929;0;1;9;9;commercial;1
маркетинг в бизнес плане;1000000;4;24;670;0;1;9;9;commercial;1
переводчик с английского на русский по фото с телефона бесплатно без скачивания андроид;2000000;13;87;858;0;1;9;9;commercial;2
войти на страницу в вк по номеру телефона;427000;8;41;959;0;1;9;9;commercial;1
игра бизнесмена;964000;2;15;1001;0;1;9;9;commercial;1
технологии управления продажами;1000000;3;31;456;0;1;9;9;commercial;1
регистрация виртуального номера телефона;2000000;4;40;472;0;1;9;9;commercial;1
цена на рынке определяется;765000;4;26;481;0;1;9;9;commercial;1
себестоимость продукции это затраты на;195000;5;38;443;0;1;9;9;commercial;1
дизайн интерьера программы для начинающих бесплатно;2000000;6;51;502;0;1;9;9;commercial;0
фискальная цена;1000000;2;15;2147;0;1;9;9;commercial;1
почта яндекс регистрация создать новый бесплатно;3000000;6;48;3214;0;1;9;9;commercial;1
регистрация окно;1000000;2;16;4249;0;1;9;9;commercial;1
зарегистрироваться почту яндекс бесплатно;1000000;4;41;1709;0;1;9;9;commercial;1
программа для ип бесплатно на усн;2000000;6;33;197;0;1;9;9;commercial;1
что произойдет с ценами на товары если предложение их при прочих;1000000;11;64;201;0;1;9;9;commercial;1
роль менеджера в проекте;1000000;4;24;204;0;1;9;9;commercial;1
бот для создания текстов бесплатно;2000000;5;34;152;0;1;9;9;commercial;1
создание опросов бесплатно;1000000;3;26;180;0;1;9;9;commercial;1
бесплатное приложение для создания интерьера квартиры;2000000;6;53;177;0;1;9;9;commercial;1
кредит на бизнес с нуля от государства;1000000;7;38;180;0;1;9;9;commercial;1
как определяется стоимость товара;694000;4;33;340;0;1;9;9;commercial;14
телефонная рассылка;903000;2;19;351;0;1;9;9;commercial;1
интернет маркетинг бесплатно;2000000;3;28;343;0;1;9;9;commercial;1
моя электронная почта показать на телефоне бесплатно без регистрации бесплатно;3000000;10;78;331;0;1;9;9;commercial;1
содержание разделов бизнес плана;1000000;4;32;332;0;1;9;9;commercial;1
бизнес планирование виды;1000000;3;24;389;0;1;9;9;commercial;17
затраты входящие в себестоимость;2000000;4;32;317;0;1;9;9;commercial;1
что произойдет с ценами на товары если предложение их при прочих равных условиях возрастает;2000000;14;91;307;0;1;9;9;commercial;1
подтверждение о заказе;405000;3;22;304;0;1;9;9;commercial;1
фактическая себестоимость товаров;488000;3;33;379;0;1;9;9;commercial;1
сервисы аналитики это;2000000;3;21;363;0;1;9;9;commercial;1
цена на продукцию определяется;612000;4;30;408;0;1;9;9;commercial;1
html хостинг бесплатно;2000000;3;22;377;0;1;9;9;commercial;1
маркетинг для магазина;559000;3;22;242;0;1;9;9;commercial;1
автоворонка продажа;1000000;2;19;298;0;1;9;9;commercial;1
прибыль себестоимость 100;1000000;3;25;287;0;1;9;9;commercial;1
победитель в инстаграм бесплатно;1000000;4;32;242;0;1;9;9;commercial;1
виртуальные сервера бесплатно;2000000;3;29;294;0;1;9;9;commercial;1
календарь для команды бесплатно;2000000;4;31;14;0;1;9;9;commercial;1
3 себестоимостью продукции называют сумму постоянных издержек;3000000;7;61;13;0;1;9;9;commercial;1
скидка по листовке;972000;3;18;17;0;1;9;9;commercial;2
таблица клиентов менеджера по продажам;650000;5;38;17;0;1;9;9;commercial;1
себестоимость продукции является основным критерием;879000;5;51;10;0;1;9;9;commercial;1
функции пиар менеджера;574000;3;22;10;0;1;9;9;commercial;1
назначение и структура бизнес плана предприятия;1000000;6;47;10;0;1;9;9;commercial;1
продажа товаров через посредников это;590000;5;37;10;0;1;9;9;commercial;1
какие условия должна содержать оферта;1000000;5;37;9;0;1;9;9;commercial;1
субсидирование бизнеса это;2000000;3;26;9;0;1;9;9;commercial;1
на конкретных примерах покажите применение менеджером различных методов управления и стилей;2000000;11;91;9;0;1;9;9;commercial;1
сервис онлайн чата для сайта;3000000;5;28;12;0;1;9;9;commercial;4
бизнес ангелами могут быть;2000000;4;26;10;0;1;9;9;commercial;1
сделать канал на ютубе бесплатно;2000000;5;32;31;0;1;9;9;commercial;1
себестоимость в балансе это;100000;4;27;31;0;1;9;9;commercial;1
бизнес план это документ содержащий;1000000;5;35;33;0;1;9;9;commercial;1
переводчик онлайн с немецкого на русский по фото с телефона через камеру бесплатно онлайн;3000000;14;89;34;0;1;9;9;commercial;4
фотобанк бесплатно для коммерческого использования;2000000;5;50;31;0;1;9;9;commercial;1
финансирование для бизнеса от государства;948000;5;41;33;0;1;9;9;commercial;1
регистрация почта справка;2000000;3;25;33;0;1;9;9;commercial;1
дзен войти как автор;7000;4;20;28;0;1;9;9;commercial;1
стать представителем магазина;2000000;3;29;30;0;1;9;9;commercial;1
сервис для ип усн бесплатно;2000000;5;27;28;0;1;9;9;commercial;1
выражения бизнес английского;1000000;3;28;42;0;1;9;9;commercial;1
парсинг программы бесплатно;2000000;3;27;36;0;1;9;9;commercial;0
по закону предложения цена зависит от предложения;923000;7;49;38;0;1;9;9;commercial;1
telegram канал для бизнеса;10000;4;26;35;0;1;9;9;commercial;1
приложение для создания анимации на пк бесплатно на русском;2000000;9;59;19;0;1;9;9;commercial;1
бизнес на портере;1000000;3;17;21;0;1;9;9;commercial;1
расставлять продукты в магазине как называется;664000;6;46;20;0;1;9;9;commercial;1
какую пользу приносит служба логистики в плане легко выполняемого бизнеса;2000000;10;73;19;0;1;9;9;commercial;1
сервис whois информация о доменах;2000000;5;33;27;0;1;9;9;commercial;1
основные части бизнес плана;1000000;4;27;24;0;1;9;9;commercial;1
заказное почта ру;2000000;3;17;11777;10262;1;10;10;commercial;1
оферта это;2000000;2;10;36217;6415;1;10;10;commercial;1
менеджер маркетплейсов;236000;2;22;65134;4662;1;10;10;commercial;1
нейросеть бесплатно текст;2000000;3;25;121449;3970;1;10;10;commercial;1
supa ru онлайн бесплатно;3000000;4;24;2360;2022;1;10;10;commercial;4
оживление фотографий нейросеть онлайн бесплатно;2000000;5;47;2588;1204;1;10;10;commercial;4
картинки нейросеть бесплатно;2000000;3;28;52281;836;1;10;10;commercial;1
outlook почта войти;2000000;3;19;4351;733;1;10;10;commercial;1
перевод с английского на русский по фото с телефона онлайн бесплатно по фото;3000000;13;76;5875;802;1;10;10;commercial;2
инфографика бесплатно онлайн;2000000;3;28;2474;679;1;10;10;commercial;4
регистрация яндекс почта создать;2000000;4;32;10056;617;1;10;10;commercial;1
24ai нейросеть бесплатно;2000000;3;24;620;600;1;10;10;commercial;1
отправить заказное письмо;1000000;3;25;25393;597;1;10;10;commercial;1
программа для чистки пк от мусора бесплатно на русском;911000;9;54;599;538;1;10;10;commercial;1
как получить деньги от государства на открытие бизнеса;2000000;8;54;1544;542;1;10;10;commercial;1
как получить деньги на бизнес от государства;2000000;7;44;4409;510;1;10;10;commercial;1
моя страница вконтакте вход прямо на страницу без пароля и логина;2000000;11;65;1134;516;1;10;10;commercial;1
нейросеть улучшить качество фото бесплатно;2000000;5;42;3326;521;1;10;10;commercial;2
нейросеть бесплатно по фото;2000000;4;27;23931;493;1;10;10;commercial;2
почта яндекс регистрация создать новый;3000000;5;38;6449;492;1;10;10;commercial;1
как войти в состояние потока;2000000;5;28;1178;481;1;10;10;commercial;1
бизнес аккаунт;1000000;2;14;66741;462;1;10;10;commercial;1
создать новую почту на яндексе бесплатно;3000000;6;40;3772;453;1;10;10;commercial;1
почта россии отправить письмо заказное;2000000;5;38;8491;435;1;10;10;commercial;1
инфографика обучение бесплатно с нуля для начинающих;2000000;7;52;573;387;1;10;10;commercial;1
яндекс таблицы вход в личный кабинет;2000000;6;36;663;393;1;10;10;commercial;1
улучшить фото бесплатно нейросеть;2000000;4;33;6175;377;1;10;10;commercial;2
создать логотип онлайн бесплатно нейросеть;3000000;5;42;1159;369;1;10;10;commercial;4
конверсия в продажах это;503000;4;24;1282;353;1;10;10;commercial;1
деньги от государства на открытие бизнеса;1000000;6;41;3241;361;1;10;10;commercial;1
сделать аватарку онлайн бесплатно;2000000;4;33;1115;342;1;10;10;commercial;4
техники продаж для менеджеров по продажам;746000;6;41;497;329;1;10;10;commercial;1
нейросеть для изображений бесплатно;2000000;4;35;38549;318;1;10;10;commercial;1
что делает менеджер маркетплейсов;720000;4;33;852;316;1;10;10;commercial;1
как написать бизнес план;2000000;4;24;1707;313;1;10;10;commercial;1
заказное ру личный кабинет;2000000;4;26;298;284;1;10;10;commercial;1
переводчик с английского на русский онлайн по камере бесплатно;3000000;9;62;17737;284;1;10;10;commercial;4
unsplash com бесплатно фотографии для оформления;3000000;6;48;291;281;1;10;10;commercial;13
логотип нейросеть бесплатно;2000000;3;27;12259;271;1;10;10;commercial;1
почта outlook войти в почту вход;2000000;6;32;412;263;1;10;10;commercial;1
регистрация в почте яндекс;2000000;4;26;1435;248;1;10;10;commercial;1
ии для создания музыки бесплатно;2000000;5;32;1127;244;1;10;10;commercial;1
демократичные цены это;2000000;3;22;627;243;1;10;10;commercial;1
регистрация почта яндекс бесплатно;3000000;4;34;6802;231;1;10;10;commercial;1
сделать интернет магазин;2000000;3;24;5722;216;1;10;10;commercial;1
регистрация почты на яндексе;2000000;4;28;3091;198;1;10;10;commercial;1
что такое бизнес аккаунт;1000000;4;24;1757;187;1;10;10;commercial;9
улучшить качество видео нейросеть онлайн бесплатно;3000000;6;50;425;189;1;10;10;commercial;4
улучшить качество видео онлайн бесплатно нейросеть;4000000;6;50;436;188;1;10;10;commercial;4
программа ножницы для скриншотов с экрана бесплатно;2000000;7;51;216;184;1;10;10;commercial;1
улучшение фото онлайн нейросеть бесплатно;2000000;5;41;1382;181;1;10;10;commercial;4
где взять api key;1000000;4;17;956;181;1;10;10;commercial;15
оферта без акцепта;298000;3;18;382;178;1;10;10;commercial;1
как сделать бизнес аккаунт в телеграмме;2000000;6;39;277;176;1;10;10;commercial;11
яндекс справка бизнес;1000000;3;21;726;177;1;10;10;commercial;1
себестоимость как посчитать;70000;3;27;3522;176;1;10;10;commercial;1
помощь от государства малому бизнесу;2000000;5;36;2969;172;1;10;10;commercial;1
бизнес аккаунт в телеграмме как создать;2000000;6;39;257;171;1;10;10;commercial;1
нейросеть улучшение качества фото бесплатно;2000000;5;43;1728;172;1;10;10;commercial;2
регистрация на яндекс почте;2000000;4;27;3091;167;1;10;10;commercial;1
личный кабинет где находится;2000000;4;28;6901;167;1;10;10;commercial;15
создать электронную почту яндекс зарегистрироваться бесплатно с телефона сейчас на телефоне андроид;4000000;12;99;166;165;1;10;10;commercial;1
войти в контакт на свою страницу по номеру телефона без пароля и логина;3000000;13;71;356;166;1;10;10;commercial;1
создать почту яндекс новую для себя бесплатно на телефон андроид по номеру телефона бесплатно;3000000;14;93;604;162;1;10;10;commercial;1
как получить деньги на развитие бизнеса от государства;2000000;8;54;1337;160;1;10;10;commercial;1
сделать инфографику онлайн бесплатно;2000000;4;36;326;161;1;10;10;commercial;4
создать почту яндекс новую для себя бесплатно на телефон андроид по номеру телефона бесплатно яндекс;3000000;15;100;604;156;1;10;10;commercial;1
создать квиз бесплатно онлайн;2000000;4;29;272;157;1;10;10;commercial;4
скачать файловый менеджер на андроид;739000;5;36;1001;155;1;10;10;commercial;1
подписка на;3000000;2;11;1008131;154;1;10;10;commercial;1
как получить деньги от государства на развитие бизнеса;2000000;8;54;1261;151;1;10;10;commercial;1
войти в контакт на свою страницу без логина и пароля;2000000;10;52;564;150;1;10;10;commercial;1
сделать аватарку онлайн бесплатно из фото;3000000;6;41;286;143;1;10;10;commercial;4
ментальная карта создать онлайн бесплатно;3000000;5;41;210;142;1;10;10;commercial;4
как выбрать нишу для бизнеса;1000000;5;28;252;138;1;10;10;commercial;1
название магазина придумать;814000;3;27;2746;138;1;10;10;commercial;1
образец резюме бесплатно;2000000;3;24;9737;138;1;10;10;commercial;1
yandex ru почта регистрация;2000000;4;27;385;138;1;10;10;commercial;1
регистрация почтового ящика яндекс;2000000;4;34;5976;135;1;10;10;commercial;1
стикеры бесплатно красивые;2000000;3;26;5639;130;1;10;10;commercial;1
гугл таблица войти;3000000;3;18;3443;131;1;10;10;commercial;1
приложение фотошоп бесплатно;2000000;3;28;3458;131;1;10;10;commercial;1
деньги от государства на развитие бизнеса;2000000;6;41;2352;128;1;10;10;commercial;1
лпр что это в продажах;596000;5;22;212;128;1;10;10;commercial;16
как войти в телеграмм если нет доступа к почте;3000000;9;46;292;127;1;10;10;commercial;1
очистка компьютера от мусора для windows 10 на русском бесплатно;3000000;10;64;148;125;1;10;10;commercial;1
project менеджер;1000000;2;16;1361;120;1;10;10;commercial;1
как получить помощь от государства на развитие малого бизнеса;2000000;9;61;316;115;1;10;10;commercial;1
api методы;382000;2;10;4502;116;1;10;10;commercial;1
перевод по камере онлайн с английского на русский онлайн бесплатно;3000000;10;66;2839;116;1;10;10;commercial;4
масштабирование бизнеса;914000;2;23;1314;116;1;10;10;commercial;1
почта электронные заказные письма;927000;4;33;9278;115;1;10;10;commercial;10
что такое лпр в продажах;1000000;5;24;164;111;1;10;10;commercial;9
распознать по фото онлайн бесплатно без регистрации предмет по фото;3000000;10;67;127;111;1;10;10;commercial;2
как сделать интернет магазин;1000000;4;28;1829;110;1;10;10;commercial;11
amocrm интеграция;44000;2;17;1979;111;1;10;10;commercial;1
turbologo бесплатно;1000000;2;19;506;106;1;10;10;commercial;1
сгенерировать аватарку нейросетью онлайн бесплатно;2000000;5;50;141;103;1;10;10;commercial;4
красивый шрифт бесплатно;2000000;3;24;12237;104;1;10;10;commercial;1
написание текста нейросетью бесплатно;2000000;4;37;5624;103;1;10;10;commercial;1
контент менеджер что делает;793000;4;27;410;102;1;10;10;commercial;1
фриланс где брать заказы;1000000;4;24;273;102;1;10;10;commercial;15
поддержка бизнеса от государства;1000000;4;32;3109;101;1;10;10;commercial;1
войти в вк на свою страницу без пароля и логина;3000000;10;47;486;101;1;10;10;commercial;1
смс сервисы;987000;2;11;11427;101;1;10;10;commercial;1
демократичная цена это;2000000;3;22;627;101;1;10;10;commercial;1
программы очистки компьютера от мусора бесплатно на русском языке;3000000;9;65;923;97;1;10;10;commercial;1
создать аватарку бесплатно;2000000;3;26;1770;98;1;10;10;commercial;1
откуда взять деньги на открытие бизнеса;2000000;6;39;126;96;1;10;10;commercial;1
аферта или оферта;236000;3;17;1080;93;1;10;10;commercial;1
регистрация товарного знака что дает;2000000;5;36;137;91;1;10;10;commercial;1
sla договор;439000;2;11;392;90;1;10;10;commercial;1
курсы бренд менеджер;1000000;3;20;453;91;1;10;10;commercial;1
переводчик с английского на русский онлайн по камере с телефона через камеру бесплатно на андроид;3000000;15;97;190;89;1;10;10;commercial;4
как получить поддержку от государства на развитие малого бизнеса;758000;9;64;319;87;1;10;10;commercial;1
цифровой рубль как купить;1000000;4;25;221;88;1;10;10;commercial;1
что такое файловый менеджер;161000;4;27;348;86;1;10;10;commercial;9
что такое личный кабинет в телефоне;1000000;6;35;227;86;1;10;10;commercial;9
как отработать возражение дорого в продажах;749000;6;43;113;83;1;10;10;commercial;1
бесплатно разместить рекламу;2000000;3;28;1838;83;1;10;10;commercial;1
ии для создания логотипа бесплатно онлайн на русском;3000000;8;52;113;82;1;10;10;commercial;4
нейросеть для создания логотипа бесплатно онлайн на русском;3000000;8;59;136;81;1;10;10;commercial;4
перевод с турецкого на русский по фото с телефона онлайн бесплатно;3000000;11;66;152;76;1;10;10;commercial;2
программа для дизайна квартиры бесплатно;2000000;5;40;1927;75;1;10;10;commercial;1
создание бизнес плана;1000000;3;21;2763;73;1;10;10;commercial;1
регистрация яндекс почту;2000000;3;24;29826;72;1;10;10;commercial;1
регистрация почту яндекс;1000000;3;24;29826;72;1;10;10;commercial;1
сервис для рассылки смс;1000000;4;23;207;72;1;10;10;commercial;1
сервис эдо;2000000;2;10;2750;72;1;10;10;commercial;1
кросс продажа это;2000000;3;17;1271;72;1;10;10;commercial;1
контакт моя страница вход на мою страницу без пароля и логина войти бесплатно без регистрации;3000000;15;93;302;71;1;10;10;commercial;1
аватарка по фото нейросеть бесплатно;2000000;5;36;272;71;1;10;10;commercial;2
инфографика онлайн создать бесплатно;2000000;4;36;352;70;1;10;10;commercial;4
бесплатное приложение для редактирования фото;3000000;5;45;1036;70;1;10;10;commercial;2
сделать аватар нейросеть онлайн бесплатно;2000000;5;41;88;69;1;10;10;commercial;4
сделать электронную почту на яндексе бесплатно;2000000;6;46;93;69;1;10;10;commercial;1
как составлять бизнес план;1000000;4;26;5960;69;1;10;10;commercial;1
личный веб кабинет;667000;3;18;37358;66;1;10;10;commercial;1
сделать бесплатно аватарку;2000000;3;26;2169;67;1;10;10;commercial;11
лучшие книги по продажам и маркетингу;2000000;6;37;111;67;1;10;10;commercial;1
разработка онлайн магазина;2000000;3;26;193;66;1;10;10;commercial;4
переводчик с немецкого на русский по фото с телефона через камеру бесплатно без скачивания андроид;3000000;15;98;65;65;1;10;10;commercial;2
почта яндекс создать почту новую регистрация;2000000;6;44;6449;65;1;10;10;commercial;1
почта яндекс регистрация создать новую почту;2000000;6;44;6449;65;1;10;10;commercial;1
программа по дизайну интерьера бесплатно для чайников;2000000;7;53;82;64;1;10;10;commercial;1
почта регистрация яндекс завести ящик;2000000;5;37;113;62;1;10;10;commercial;1
бланк резюме бесплатно;2000000;3;22;9104;63;1;10;10;commercial;1
договор смз;438000;2;11;692;61;1;10;10;commercial;1
создание логотипа бесплатно онлайн нейросеть;2000000;5;44;655;61;1;10;10;commercial;4
сервис смс рассылок;1000000;3;19;839;61;1;10;10;commercial;1
сгенерировать свое фото в нейросети бесплатно онлайн;3000000;7;52;77;60;1;10;10;commercial;4
интернет магазин создать самостоятельно;1000000;4;39;399;60;1;10;10;commercial;1
создание логотипа онлайн бесплатно нейросеть;2000000;5;44;660;59;1;10;10;commercial;4
для чего нужен бизнес план;2000000;5;26;456;59;1;10;10;commercial;1
войти в контакте по номеру телефона;3000000;6;35;2564;58;1;10;10;commercial;1
freepik com русская версия бесплатно;3000000;5;36;58;58;1;10;10;commercial;13
рутуб регистрация аккаунта;1000000;3;26;79;58;1;10;10;commercial;1
дизайн сайта стоимость;2000000;3;22;325;58;1;10;10;commercial;1
как отправить заказное письмо через госуслуги;2000000;6;45;151;57;1;10;10;commercial;1
купить рекламу для телеграмм канала;8000;5;35;385;56;1;10;10;commercial;1
сервис психологов онлайн;2000000;3;24;476;56;1;10;10;commercial;4
где взять деньги для бизнеса с нуля;2000000;7;35;72;54;1;10;10;commercial;15
нейросети картинки бесплатно;2000000;3;28;53461;54;1;10;10;commercial;1
сервис для онлайн записи клиентов;2000000;5;33;211;53;1;10;10;commercial;4
яндекс переводчик с китайского на русский по фото онлайн бесплатно;1000000;10;66;183;53;1;10;10;commercial;2
как купить премиум в телеграмм;1000000;5;30;1425;53;1;10;10;commercial;1
как получить деньги на открытие бизнеса от государства безвозмездно;2000000;9;67;276;53;1;10;10;commercial;1
стратегическая сессия для бизнеса;889000;4;33;172;52;1;10;10;commercial;1
сервис sms;2000000;2;10;1637;53;1;10;10;commercial;1
бизнес аутсорсинг;1000000;2;17;1483;53;1;10;10;commercial;1
проверить посещаемость сайта онлайн бесплатно;1000000;5;45;81;52;1;10;10;commercial;4
купить телеграмм премиум через бота;2000000;5;35;255;52;1;10;10;commercial;1
конструкторы сайтов для интернет магазина;2000000;5;41;832;51;1;10;10;commercial;1
бизнес аналитик обязанности;920000;3;27;395;51;1;10;10;commercial;1
новый почтовый ящик на яндексе создать бесплатно регистрация;2000000;8;60;115;51;1;10;10;commercial;1
моя электронная почта показать на экране телефона по номеру телефона бесплатно без регистрации;3000000;13;94;300;50;1;10;10;commercial;1
демонстрация экрана телеграмм;8000;3;29;2403;50;1;10;10;commercial;1
футажи для монтажа бесплатно;2000000;4;28;509;49;1;10;10;commercial;1
получение субсидий от государства для малого и среднего бизнеса;2000000;9;63;62;50;1;10;10;commercial;1
переводчик с корейского на русский по фото с телефона через камеру бесплатно без скачивания андроид;3000000;15;99;49;49;1;10;10;commercial;2
переводчик с китайского на русский с камеры телефона онлайн бесплатно без регистрации;3000000;12;85;217;48;1;10;10;commercial;4
getcourse api;161000;2;13;162;48;1;10;10;commercial;1
убрать второй подбородок фотошоп онлайн бесплатно;3000000;6;49;58;48;1;10;10;commercial;4
перевести текст с английского на русский по фото онлайн бесплатно с телефона;3000000;12;76;154;48;1;10;10;commercial;2
программа для скачивания видео на компьютер бесплатно;3000000;7;53;2092;47;1;10;10;commercial;1
скачать видео с ютуба онлайн сервис;3000000;6;35;68;47;1;10;10;commercial;19
где купить цифровой рубль;2000000;4;25;80;47;1;10;10;commercial;15
войти в контакт по id;2000000;5;21;125;47;1;10;10;commercial;1
какие документы нужны для заключения договора с самозанятым;1000000;8;59;111;47;1;10;10;commercial;1
как делать бизнес план;1000000;4;22;233;46;1;10;10;commercial;1
промт менеджер;189000;2;14;303;46;1;10;10;commercial;1
вк логин и пароль;1000000;4;17;12772;46;1;10;10;commercial;1
программы для ремонта квартиры и планирования бесплатно;1000000;7;55;356;45;1;10;10;commercial;0
заказать рекламу у блогеров;2000000;4;27;221;45;1;10;10;commercial;1
договор это первичный документ или нет;551000;6;38;69;45;1;10;10;commercial;1
нейросеть создающая картинки бесплатно;2000000;4;38;8900;45;1;10;10;commercial;1
смс рассылки сервис по своей базе;731000;6;33;107;45;1;10;10;commercial;1
набрать подписчиков в телеграм канал бесплатно;8000;6;46;185;44;1;10;10;commercial;1
текст в аудио бесплатно и без ограничений;2000000;7;41;60;44;1;10;10;commercial;1
сервисы и приложения;2000000;3;20;7856;43;1;10;10;commercial;1
яндекс почта создать новую электронную почту на яндексе бесплатно на телефоне андроид;3000000;12;85;204;43;1;10;10;commercial;1
платная подписка на телеграмм канал;2000000;5;35;405;43;1;10;10;commercial;1
бизнес модель как пишется;1000000;4;25;46;42;1;10;10;commercial;1
тильда crm;80000;2;10;449;42;1;10;10;commercial;1
как получить от государства деньги на открытие бизнеса безвозмездно через госуслуги;2000000;11;83;46;42;1;10;10;commercial;1
письмо рассылка для клиентов образец;534000;5;36;66;41;1;10;10;commercial;1
войти в почту аутлук онлайн вход;3000000;6;32;100;41;1;10;10;commercial;4
сервисы рассылки сообщений;1000000;3;26;453;41;1;10;10;commercial;1
гугл форма создать опрос бесплатно;2000000;5;34;341;41;1;10;10;commercial;1
почта яндекс создать новый почтовый ящик регистрация бесплатно по номеру телефона;3000000;11;81;197;40;1;10;10;commercial;1
договор самозанятого с организацией;562000;4;35;1779;40;1;10;10;commercial;1
стоимость брендбука;913000;2;19;602;39;1;10;10;commercial;1
обои на рабочий стол установить бесплатно;2000000;6;41;1525;39;1;10;10;commercial;1
универсальный почтовый сервис;908000;3;29;72;39;1;10;10;commercial;1
сделать яндекс почту регистрация бесплатно;3000000;5;42;109;39;1;10;10;commercial;1
api геткурс;179000;2;11;79;39;1;10;10;commercial;1
основные бизнес процессы;1000000;3;24;2767;38;1;10;10;commercial;1
чат gpt бесплатно без ограничений;8000;5;33;8231;38;1;10;10;commercial;1
как войти инкогнито в яндекс;2000000;5;28;1049;37;1;10;10;commercial;1
бизнес процессы какие бывают;1000000;4;28;159;38;1;10;10;commercial;1
создание квиза онлайн бесплатно;2000000;4;31;56;37;1;10;10;commercial;4
программа для проектирования квартиры бесплатно;505000;5;47;271;37;1;10;10;commercial;1
автоматизация продаж;1000000;2;20;1967;37;1;10;10;commercial;1
как найти свой личный кабинет в интернете;2000000;7;41;48;37;1;10;10;commercial;1
как войти в вк если забыл пароль и логин;2000000;9;40;97;37;1;10;10;commercial;1
личный кабинет тип;941000;3;18;951;37;1;10;10;commercial;1
таблицы для бизнеса;789000;3;19;2135;36;1;10;10;commercial;1
демократический стиль руководства это;542000;4;37;249;36;1;10;10;commercial;1
2 гис добавить организацию на карту бесплатно;2000000;7;45;221;35;1;10;10;commercial;1
регистрация на яндекс почта;2000000;4;27;3091;35;1;10;10;commercial;1
яндекс карты мой бизнес;2000000;4;23;123;35;1;10;10;commercial;1
про бизнес канал;2000000;3;16;976;34;1;10;10;commercial;1
договор с самозанятым какие документы нужны для оформления;853000;8;58;72;34;1;10;10;commercial;1
как включить звук в демонстрации экрана в телеграмм;1000000;8;51;175;34;1;10;10;commercial;1
создать список подарков на день рождения онлайн бесплатно;3000000;8;57;34;34;1;10;10;commercial;4
деньги на открытие малого бизнеса от государства;2000000;7;48;110;34;1;10;10;commercial;1
стоковые фото бесплатно и без регистрации;3000000;6;41;36;34;1;10;10;commercial;2
регистрация нового почтового ящика на яндексе бесплатно;3000000;7;55;177;34;1;10;10;commercial;1
найти товар по фото в интернете с телефона онлайн бесплатно без регистрации;3000000;12;75;124;34;1;10;10;commercial;2
гугл формы создать опрос бесплатно;2000000;5;34;391;33;1;10;10;commercial;1
яндекс почта создать бесплатно;2000000;4;30;14765;33;1;10;10;commercial;1
crm маркетинга;176000;2;14;2055;33;1;10;10;commercial;1
2 гис регистрация организации;3000000;4;29;70;32;1;10;10;commercial;1
как сделать демонстрацию экрана в тг;909000;6;36;122;33;1;10;10;commercial;11
спин вопросы в продажах;805000;4;23;135;32;1;10;10;commercial;1
установить камеру на телефон андроид бесплатно;2000000;6;46;337;32;1;10;10;commercial;1
как войти в свой аккаунт в телеграмме с другого телефона;3000000;10;56;42;32;1;10;10;commercial;1
помощь государства на открытие бизнеса;2000000;5;38;1649;32;1;10;10;commercial;1
реклама в телеграм каналах цена;10000;5;31;87;31;1;10;10;commercial;1
как выиграть грант на открытие бизнеса;1000000;6;38;64;31;1;10;10;commercial;1
бесплатные сервисы ии;2000000;3;21;727;31;1;10;10;commercial;1
единорог в бизнесе что это;756000;5;26;31;30;1;10;10;commercial;16
создать анкету для опроса онлайн бесплатно;2000000;6;42;57;30;1;10;10;commercial;4
как получить от государства на открытие бизнеса;2000000;7;47;4165;30;1;10;10;commercial;1
яндекс карточка компании личный кабинет;1000000;5;39;31;29;1;10;10;commercial;1
как получить электронное заказное письмо;1000000;5;40;186;29;1;10;10;commercial;1
что такое договор nda;315000;4;21;44;29;1;10;10;commercial;9
регистрация e mail;2000000;3;18;847;29;1;10;10;commercial;1
в контакте добро пожаловать моя страница вход без пароля и логина;2000000;11;65;199;29;1;10;10;commercial;1
оплата в интернете;1000000;3;18;32006;29;1;10;10;commercial;1
менеджер проекта обязанности;844000;3;28;545;29;1;10;10;commercial;1
телеграмм премиум цена подписки;2000000;4;31;491;29;1;10;10;commercial;1
создать новую электронную почту на яндексе регистрация бесплатно;3000000;8;64;154;29;1;10;10;commercial;1
подарок бизнес партнеру;1000000;3;23;860;29;1;10;10;commercial;1
бизнес мемы;912000;2;11;3991;28;1;10;10;commercial;1
как получить субсидию на развитие малого бизнеса;2000000;7;48;103;28;1;10;10;commercial;1
ивент сервис что это;795000;4;20;66;28;1;10;10;commercial;16
личный кабинет подписки;1000000;3;23;41787;28;1;10;10;commercial;1
можно ли работать с самозанятым без договора;2000000;7;44;75;28;1;10;10;commercial;1
деньги от государства на малый бизнес;2000000;6;37;1049;27;1;10;10;commercial;1
составить интеллект карту онлайн бесплатно;3000000;5;42;32;27;1;10;10;commercial;7
как рассчитать бизнес план;1000000;4;26;335;27;1;10;10;commercial;1
10 мин почта бесплатно;3000000;4;22;27;27;1;10;10;commercial;1
сервис проверки позиций сайта в яндексе;2000000;6;39;95;27;1;10;10;commercial;1
гранты на бизнес от государства;2000000;5;31;2323;27;1;10;10;commercial;1
работа проджект менеджер;1000000;3;24;432;27;1;10;10;commercial;1
цена лида;1000000;2;9;9248;27;1;10;10;commercial;1
почтовый ящик яндекс создать новый бесплатно;3000000;6;44;2053;27;1;10;10;commercial;1
crm и erp системы что это;910000;6;25;39;27;1;10;10;commercial;16
смс рассылка клиентам;903000;3;21;710;26;1;10;10;commercial;1
планоплан бесплатно;1000000;2;19;911;26;1;10;10;commercial;1
приложение для обработки фото на айфон бесплатно;2000000;7;48;465;26;1;10;10;commercial;2
чат гпд бесплатно;2000000;3;17;114;26;1;10;10;commercial;1
как войти в свой старый аккаунт в вк;2000000;8;36;101;26;1;10;10;commercial;1
почистить компьютер онлайн бесплатно;2000000;4;36;224;26;1;10;10;commercial;4
поиск товара по фото в интернете с телефона онлайн бесплатно без регистрации;3000000;12;76;30;26;1;10;10;commercial;2
как получить субсидию для ип на развитие бизнеса;2000000;8;48;61;26;1;10;10;commercial;1
идея интернет магазин;2000000;3;21;371;25;1;10;10;commercial;1
сервис смс рассылок по своей базе;1000000;6;33;107;25;1;10;10;commercial;1
что должно быть в бизнес плане;1000000;6;30;109;25;1;10;10;commercial;1
коммьюнити менеджер;164000;2;19;90;25;1;10;10;commercial;1
как войти в режим инкогнито в гугл хром;2000000;8;39;32;25;1;10;10;commercial;1
создать почтовый ящик на яндексе регистрация бесплатно на русском языке;3000000;10;71;109;25;1;10;10;commercial;1
для чего нужна crm система;1000000;5;26;110;25;1;10;10;commercial;1
перевод на русский по фото с телефона онлайн бесплатно;3000000;9;54;7114;25;1;10;10;commercial;2
стоимость рекламы у блогеров;1000000;4;28;210;25;1;10;10;commercial;1
демократический стиль это;2000000;3;25;727;25;1;10;10;commercial;1
онлайн запись для клиентов бесплатно;2000000;5;36;454;25;1;10;10;commercial;4
как купить криптовалюту в россии законно частному лицу;2000000;8;54;53;24;1;10;10;commercial;1
программа для разработки логотипа бесплатно;2000000;5;43;32;24;1;10;10;commercial;1
стоки с фотографиями бесплатно;2000000;4;30;58;24;1;10;10;commercial;1
спрос цена предложение;1000000;3;22;15002;24;1;10;10;commercial;1
основные бизнес процессы это;1000000;4;28;560;24;1;10;10;commercial;1
задонатить бесплатно;2000000;2;20;5357;24;1;10;10;commercial;1
создания интернет магазина;755000;3;26;8725;24;1;10;10;commercial;1
цена спрос предложение;1000000;3;22;15002;24;1;10;10;commercial;1
сделать анимацию бесплатно;2000000;3;26;1246;24;1;10;10;commercial;1
менеджер управления проектами;1000000;3;29;1579;24;1;10;10;commercial;1
сервисы для анализа конкурентов;939000;4;31;188;24;1;10;10;commercial;1
создать заявление онлайн бесплатно;2000000;4;34;32;23;1;10;10;commercial;4
почта outlook com войти в почту вход;2000000;7;36;47;23;1;10;10;commercial;13
как работает реклама яндекс бизнес;2000000;5;34;173;23;1;10;10;commercial;1
простой магазин;1000000;2;15;17040;23;1;10;10;commercial;1
создание анкеты онлайн бесплатно для опроса;2000000;6;43;24;23;1;10;10;commercial;4
как легально купить биткоин в россии;2000000;6;36;28;23;1;10;10;commercial;1
как переключить на бизнес аккаунт;756000;5;33;1306;23;1;10;10;commercial;1
почта яндекс вход в почту яндекс ru регистрация;2000000;8;47;23;23;1;10;10;commercial;1
где взять денег на развитие бизнеса;2000000;6;35;402;23;1;10;10;commercial;15
как правильно указать самозанятого в договоре;564000;6;45;121;23;1;10;10;commercial;1
оферта на заключение договора;480000;4;29;891;23;1;10;10;commercial;1
бесплатные таск менеджеры;2000000;3;25;334;23;1;10;10;commercial;1
моя электронная почта показать на экране телефона по номеру телефона бесплатно без регистрации войти;3000000;14;100;24;23;1;10;10;commercial;1
как составить бизнес план для малого бизнеса самому;2000000;8;51;426;23;1;10;10;commercial;7
что входит в бизнес план;2000000;5;24;231;23;1;10;10;commercial;1
сервис отправки sms;1000000;3;19;134;23;1;10;10;commercial;1
программа для планировок бесплатно;2000000;4;34;2285;23;1;10;10;commercial;1
в контакте личная страница войти без пароля и логина;3000000;9;52;190;23;1;10;10;commercial;1
что такое категорийный менеджер;132000;4;31;51;23;1;10;10;commercial;9
cac стоимость привлечения клиента;1000000;4;33;115;22;1;10;10;commercial;1
бот телеграмм бесплатно;8000;3;23;28478;22;1;10;10;commercial;1
как создать магазин в контакте;1000000;5;30;61;22;1;10;10;commercial;1
резать косты в бизнесе что это;786000;6;30;22;22;1;10;10;commercial;16
заказное точка почта точка ру;2000000;5;29;99;22;1;10;10;commercial;1
борьба с возражениями в продажах;624000;5;32;50;22;1;10;10;commercial;1
как восстановить вконтакте свою страницу по номеру телефона без пароля и логина;2000000;12;79;42;22;1;10;10;commercial;1
как оформить заказное письмо через приложение почта россии;2000000;8;58;35;22;1;10;10;commercial;1
курьерская служба для интернет магазинов;2000000;5;40;136;22;1;10;10;commercial;1
выбор победителя в инстаграм по комментариям бесплатно;2000000;7;54;38;22;1;10;10;commercial;1
планоплан онлайн бесплатно;2000000;3;26;530;22;1;10;10;commercial;4
сервис для рассылки;868000;3;19;2780;22;1;10;10;commercial;1
открыть мою страницу в контакте без логина и пароля прямо сейчас;4000000;11;64;37;21;1;10;10;commercial;1
перевести с английского на русский онлайн бесплатно и правильно текст по фото с телефона;3000000;14;88;31;21;1;10;10;commercial;2
функции бизнес аналитика;1000000;3;24;219;21;1;10;10;commercial;1
книги подписка;1000000;2;14;18244;21;1;10;10;commercial;1
smm менеджер обязанности;515000;3;24;85;21;1;10;10;commercial;1
как сделать интернет магазин самостоятельно;1000000;5;43;70;21;1;10;10;commercial;11
таблица гугл войти онлайн;3000000;4;25;244;21;1;10;10;commercial;4
магазин в контакте как создать;2000000;5;30;59;21;1;10;10;commercial;1
сервис для заметок;1000000;3;18;277;21;1;10;10;commercial;1
аутлук войти в рабочую почту;2000000;5;28;435;21;1;10;10;commercial;1
как войти в вк без пароля;711000;6;25;687;21;1;10;10;commercial;1
как войти в тг если нет доступа к номеру;2000000;9;40;181;21;1;10;10;commercial;1
конструктор онлайн магазина;2000000;3;27;201;21;1;10;10;commercial;4
скрипты в продажах это;431000;4;22;162;21;1;10;10;commercial;1
войти в режим инкогнито в яндексе;2000000;6;33;707;20;1;10;10;commercial;1
сервис онлайн голосования;2000000;3;25;117;20;1;10;10;commercial;4
вк логин пароль вход;2000000;4;20;6428;20;1;10;10;commercial;1
себестоимость сокращенно;21000;2;24;156;20;1;10;10;commercial;1
смс рассылка цена;1000000;3;17;112;20;1;10;10;commercial;1
доставка для интернет магазинов по россии;2000000;6;41;2059;20;1;10;10;commercial;1
войти на мою страницу без пароля и логина;2000000;8;41;60684;20;1;10;10;commercial;1
как работает договор оферты;1000000;4;27;82;20;1;10;10;commercial;1
зарабатывать в интернете без вложений прямо сейчас бесплатно с нуля;4000000;10;67;70;20;1;10;10;commercial;5
как написать бизнес план для открытия своего дела;2000000;8;49;56;20;1;10;10;commercial;1
телеграм войти по смс на телефон;8000;6;32;484;20;1;10;10;commercial;1
сделать бота в телеграмме бесплатно;2000000;5;35;919;20;1;10;10;commercial;1
рассылка сообщений в тг;657000;4;23;383;20;1;10;10;commercial;1
как начать бизнес в вайлдберриз;2000000;5;31;38;19;1;10;10;commercial;1
как можно получить деньги от государства на бизнес;2000000;8;50;94;19;1;10;10;commercial;1
перевести с немецкого на русский по фото с телефона бесплатно онлайн переводчик с немецкого языка;3000000;15;97;19;19;1;10;10;commercial;2
камера переводчик с китайского на русский онлайн бесплатно;3000000;8;58;2509;19;1;10;10;commercial;4
нейросети для создания логотипов бесплатно;2000000;5;42;1649;19;1;10;10;commercial;1
бизнес ангелов;1000000;2;14;3412;19;1;10;10;commercial;1
как получить помощь от государства малому бизнесу;2000000;7;49;507;19;1;10;10;commercial;1
договор это первичный документ;676000;4;30;219;19;1;10;10;commercial;1
бизнес блоггеры;981000;2;15;1213;19;1;10;10;commercial;1
состав бизнес плана;1000000;3;19;236;19;1;10;10;commercial;1
аватар нейросеть по фото бесплатно;2000000;5;34;202;18;1;10;10;commercial;2
виды бизнес модели;2000000;3;18;726;18;1;10;10;commercial;17
вконтакте моя страница открыть без логина и пароля по номеру телефона вход;2000000;12;74;116;18;1;10;10;commercial;1
как определяется цена товара;894000;4;28;344;18;1;10;10;commercial;14
яндекс дзен кабинет;374000;3;19;1240;18;1;10;10;commercial;1
найти товар по фотографии с телефона в интернете онлайн бесплатно;3000000;10;65;18;18;1;10;10;commercial;4
пример логина для яндекс почты;2000000;5;30;98;18;1;10;10;commercial;1
гугл опросник создать бесплатно на русском;3000000;6;42;25;18;1;10;10;commercial;1
что такое возражение клиента в продажах;615000;6;39;25;18;1;10;10;commercial;9
бесплатное размещение рекламы;2000000;3;29;440;18;1;10;10;commercial;1
гугл метрика личный кабинет;1000000;4;27;20;18;1;10;10;commercial;1
я почта регистрация;2000000;3;19;599;18;1;10;10;commercial;1
где взять денег на бизнес с нуля;2000000;7;32;744;18;1;10;10;commercial;15
форум бизнесменов;428000;2;17;249;18;1;10;10;commercial;1
лучшие конструкторы сайтов для интернет магазинов;3000000;6;49;133;18;1;10;10;commercial;1
ссуда от государства на бизнес;1000000;5;30;105;17;1;10;10;commercial;1
завести электронную почту на яндексе бесплатно на телефон регистрация;3000000;9;69;54;17;1;10;10;commercial;1
как войти в архив телеграмм;3000000;5;27;304;17;1;10;10;commercial;1
могу купить могу не купить зависит от обстоятельств;1000000;8;51;17;17;1;10;10;commercial;1
чем занимается трафик менеджер;390000;4;30;50;17;1;10;10;commercial;1
тильда сайт бесплатно;2000000;3;21;2082;17;1;10;10;commercial;1
сервис онлайн оплаты;3000000;3;20;1512;17;1;10;10;commercial;4
где учиться на бренд менеджера;2000000;5;30;23;17;1;10;10;commercial;15
зарегистрироваться в электронной почте e mail бесплатно;3000000;7;55;23;17;1;10;10;commercial;1
электронная почта яндекс регистрация бесплатно с телефона создать почтовый ящик на яндексе;2000000;12;90;34;17;1;10;10;commercial;1
как грамотно составить бизнес план;1000000;5;34;71;17;1;10;10;commercial;7
что такое кейс в продажах;463000;5;25;31;17;1;10;10;commercial;9
почта яндекс регистрация нового почтового ящика;3000000;6;47;3879;17;1;10;10;commercial;1
продажа статей;2000000;2;14;21675;17;1;10;10;commercial;1
регистрация писем;2000000;2;17;20484;17;1;10;10;commercial;1
сайт для 3д моделирования бесплатно;3000000;5;35;88;17;1;10;10;commercial;1
где можно взять деньги на бизнес;2000000;6;32;74;17;1;10;10;commercial;15
hh ru резюме составить онлайн бесплатно;3000000;6;39;74;17;1;10;10;commercial;7
чеки из магазина;577000;3;16;4707;16;1;10;10;commercial;1
составление бизнес планов;2000000;3;25;4226;16;1;10;10;commercial;1
сенсей рассылка;117000;2;15;58;16;1;10;10;commercial;1
бизнес процессы организации;1000000;3;27;5945;16;1;10;10;commercial;1
как пользоваться личным кабинетом;779000;4;33;915;16;1;10;10;commercial;1
перевод онлайн с камеры телефона онлайн бесплатно;2000000;7;49;4499;16;1;10;10;commercial;4
рассылка смс через интернет;875000;4;27;68;16;1;10;10;commercial;1
как получить кредит на бизнес от государства;2000000;7;44;60;16;1;10;10;commercial;1
сервис скачать видео с youtube;3000000;5;30;38;16;1;10;10;commercial;19
войти в инкогнито в яндексе;2000000;5;27;1264;16;1;10;10;commercial;1
научиться инфографике с нуля бесплатно;2000000;5;38;90;16;1;10;10;commercial;1
где взять денег на открытие бизнеса;2000000;6;35;464;16;1;10;10;commercial;15
антибаннер для яндекс браузера бесплатно;2000000;5;40;52;16;1;10;10;commercial;1
конструктор договоров бесплатно;2000000;3;31;560;16;1;10;10;commercial;1
топ файловых менеджеров;1000000;3;23;121;15;1;10;10;commercial;1
переводчик с тайского на русский по фото с телефона через камеру онлайн бесплатно;3000000;13;81;42;15;1;10;10;commercial;2
чем занимается менеджер маркетплейса;455000;4;36;581;15;1;10;10;commercial;1
личный кабинет интернет магазина;2000000;4;32;34223;15;1;10;10;commercial;1
нейросети текстовые бесплатно;2000000;3;29;854;15;1;10;10;commercial;1
грант для малого бизнеса;2000000;4;24;1149;15;1;10;10;commercial;1
розыгрыш вк рандомайзер бесплатно;2000000;4;33;83;15;1;10;10;commercial;1
субсидия на малый бизнес;2000000;4;24;1897;15;1;10;10;commercial;1
нейросеть создающая музыку бесплатно;2000000;4;36;2708;15;1;10;10;commercial;1
переводчик с корейского на русский по фото с телефона через камеру бесплатно онлайн;2000000;13;83;34;15;1;10;10;commercial;2
регистрация почтового ящика на яндексе;2000000;5;38;1172;15;1;10;10;commercial;1
пуаз в продажах;543000;3;15;21;15;1;10;10;commercial;1
перевод онлайн с английского на русский бесплатно камера на телефоне;3000000;10;68;3267;15;1;10;10;commercial;4
программа для рассылки писем на email бесплатно;2000000;7;47;21;15;1;10;10;commercial;1
обработка фото лицо онлайн бесплатно;3000000;5;36;342;15;1;10;10;commercial;4
распознать вещь по фото онлайн бесплатно;3000000;6;40;17;15;1;10;10;commercial;2
создать своего персонажа онлайн бесплатно;2000000;5;41;99;15;1;10;10;commercial;4
создать гугл форму бесплатно;2000000;4;28;545;15;1;10;10;commercial;1
онлайн фотошоп лица бесплатно на русском;3000000;6;40;182;15;1;10;10;commercial;4
заказ почта ру;2000000;3;14;243;15;1;10;10;commercial;1
возможность и желание производителя продавца предложить свой товар на рынке по определенным ценам;1000000;13;97;60;14;1;10;10;commercial;1
бизнес триз это;2000000;3;15;68;14;1;10;10;commercial;18
где искать заказы;2000000;3;17;4042;14;1;10;10;commercial;15
уведомление об отправке заказного письма;550000;5;40;81;14;1;10;10;commercial;10
приложения для ретуши лица на айфон бесплатно;2000000;7;45;75;14;1;10;10;commercial;1
доставка заказного письма почта россии;1000000;5;38;1115;14;1;10;10;commercial;10
банк фото бесплатно;2000000;3;19;251;14;1;10;10;commercial;2
оборот бизнеса это;2000000;3;18;488;14;1;10;10;commercial;1
рейтинг почтовых сервисов в россии;2000000;5;34;15;14;1;10;10;commercial;1
анализ товаров для маркетплейсов бесплатно;2000000;5;42;16;14;1;10;10;commercial;1
вк моя страница вход на страницу без пароля и логина и номера телефона добро пожаловать;3000000;15;87;14;14;1;10;10;commercial;1
воспроизвести текст голосом онлайн на русском бесплатно;3000000;7;55;14;14;1;10;10;commercial;4
стоковые футажи для видео бесплатно;3000000;5;35;14;14;1;10;10;commercial;1
прибыль деленная на себестоимость это;122000;5;37;38;14;1;10;10;commercial;1
crm или erp;145000;3;11;85;14;1;10;10;commercial;1
сохранить видео с ютуба онлайн бесплатно;3000000;6;40;14;14;1;10;10;commercial;4
gpt бесплатно в россии;2000000;4;22;2194;14;1;10;10;commercial;1
нейросеть обучение с нуля самостоятельно бесплатно;2000000;6;50;275;13;1;10;10;commercial;1
проверка позиций сайта бесплатно;3000000;4;32;232;13;1;10;10;commercial;1
прайс цена;1000000;2;10;201973;13;1;10;10;commercial;1
себестоимость продукции это в географии;174000;5;39;21;13;1;10;10;commercial;1
интернет магазин платформа;1000000;3;26;1294;13;1;10;10;commercial;1
чистить компьютер от мусора бесплатно;2000000;5;37;202;13;1;10;10;commercial;1
из чего складывается корпоративный имидж работника;222000;6;50;165;13;1;10;10;commercial;1
интеллект карта создать бесплатно;2000000;4;33;163;13;1;10;10;commercial;1
чем выше цена тем;1000000;4;17;2185;13;1;10;10;commercial;1
бизнес поддержка от государства;2000000;4;31;3160;13;1;10;10;commercial;1
регистрация в рутуб;1000000;3;19;37221;13;1;10;10;commercial;1
нейросеть для создания логотипов бесплатно онлайн;2000000;6;49;370;13;1;10;10;commercial;4
рандомайзер вк бесплатно;2000000;3;24;197;13;1;10;10;commercial;1
как написать заказное письмо с уведомлением;1000000;6;43;61;13;1;10;10;commercial;1
какие есть ниши в бизнесе;2000000;5;25;60;13;1;10;10;commercial;1
бот для озвучки видео бесплатно;3000000;5;31;30;13;1;10;10;commercial;19
купить вещь по фото в интернете;377000;6;31;23;13;1;10;10;commercial;2
где получить деньги на развитие бизнеса;2000000;6;39;28;13;1;10;10;commercial;15
регистрация в гугл картах;2000000;4;25;191;13;1;10;10;commercial;1
рассылка смс бесплатно через интернет;2000000;5;37;34;13;1;10;10;commercial;1
tilda тарифы на сайты;2000000;4;21;30;13;1;10;10;commercial;1
изменить нос на фото онлайн бесплатно;3000000;6;37;14;13;1;10;10;commercial;4
искать шрифт по фото онлайн бесплатно;3000000;6;37;13;13;1;10;10;commercial;2
какая у меня электронная почта на моем телефоне как узнать пароль и логин;2000000;13;73;13;13;1;10;10;commercial;1
сервис по подбору цветовой палитры;451000;5;34;15;13;1;10;10;commercial;1
создать аватарку онлайн бесплатно в хорошем качестве;3000000;7;52;19;13;1;10;10;commercial;4
ретушь фото на айфоне бесплатно;2000000;5;31;92;13;1;10;10;commercial;2
триде моделирование онлайн бесплатно на русском;3000000;6;47;16;13;1;10;10;commercial;4
создать интернет магазин бесплатно конструктор;2000000;5;46;112;13;1;10;10;commercial;1
дизайн договора оформление;498000;3;26;44;12;1;10;10;commercial;1
бизнес план ип;1000000;3;14;991;12;1;10;10;commercial;1
как оформить заказное письмо в приложении почта россии;2000000;8;54;24;12;1;10;10;commercial;1
sendsay сервис рассылок;865000;3;23;19;12;1;10;10;commercial;1
распознать изображение по фото онлайн бесплатно;3000000;6;47;12;12;1;10;10;commercial;2
сервис аналитики анабар;1000000;3;23;12;12;1;10;10;commercial;1
смс рассылка по своей базе клиентов бесплатно;2000000;7;45;16;12;1;10;10;commercial;1
сделать инфографику онлайн на русском бесплатно;3000000;6;47;19;12;1;10;10;commercial;4
выбрать победителя в вк по репостам бесплатно;2000000;7;45;13;12;1;10;10;commercial;1
какие затраты включает себестоимость;376000;4;36;144;12;1;10;10;commercial;1
нейросети для создания логотипа онлайн бесплатно;2000000;6;48;370;12;1;10;10;commercial;4
переводчик с японского на русский через камеру онлайн бесплатно без регистрации;2000000;11;79;108;12;1;10;10;commercial;4
найти клиентов для бизнеса;1000000;4;26;169;12;1;10;10;commercial;1
распознаватель по фото онлайн бесплатно;2000000;5;39;166;12;1;10;10;commercial;2
как написать бизнес план для открытия;2000000;6;37;176;12;1;10;10;commercial;1
заказы фрилансерам;903000;2;18;1121;12;1;10;10;commercial;1
чем меньше спрос тем больше цена;2000000;6;32;76;12;1;10;10;commercial;1
отправить заказное письмо с уведомлением о вручении;1000000;7;51;578;12;1;10;10;commercial;1
заказы для фриланса;1000000;3;19;606;12;1;10;10;commercial;1
провести конкурс в инстаграм бесплатно;2000000;5;38;17;12;1;10;10;commercial;1
gamma регистрация;1000000;2;17;214;12;1;10;10;commercial;1
почтовая рассылка рекламы;2000000;3;25;274;12;1;10;10;commercial;1
программа для анимации 2d бесплатно;4000000;5;35;232;12;1;10;10;commercial;1
ммс менеджер;859000;2;12;97;12;1;10;10;commercial;1
сколько дает государство на развитие малого бизнеса;2000000;7;51;17;12;1;10;10;commercial;1
почта яндекс регистрация создать новый ящик бесплатно по номеру;3000000;9;63;347;12;1;10;10;commercial;1
файловый менеджер для android;570000;4;29;236;12;1;10;10;commercial;1
оплата донат;978000;2;12;1144;12;1;10;10;commercial;1
как войти в телегу;2000000;4;18;323;12;1;10;10;commercial;1
техники работы с возражениями в продажах;1000000;6;40;47;12;1;10;10;commercial;1
войти в таблицу гугл;254000;4;20;2518;12;1;10;10;commercial;1
ежемесячная подписка;1000000;2;20;2839;12;1;10;10;commercial;1
как правильно сделать бизнес план;1000000;5;33;56;12;1;10;10;commercial;11
бизнес партнер должность;2000000;3;24;187;11;1;10;10;commercial;1
от чего зависит цена;694000;4;20;11320;11;1;10;10;commercial;1
как получить деньги от государства на свой бизнес;2000000;8;49;29;11;1;10;10;commercial;1
создать почту яндекс новую бесплатно электронную;3000000;6;48;1616;11;1;10;10;commercial;1
сделать сайт на тильде бесплатно;3000000;5;32;188;11;1;10;10;commercial;1
donationalerts техподдержка;195000;2;27;13;11;1;10;10;commercial;1
менеджер по партнерскому маркетингу;804000;4;35;31;11;1;10;10;commercial;1
формула оборота магазина;552000;3;24;21;11;1;10;10;commercial;1
не могу войти в свой аккаунт вконтакте;156000;7;38;25;11;1;10;10;commercial;1
чем отличается бизнес аккаунт в инстаграм от обычного;1000000;8;53;11;11;1;10;10;commercial;1
где взять деньги для открытия бизнеса;2000000;6;37;49;11;1;10;10;commercial;15
определитель шрифта по фото онлайн бесплатно;3000000;6;44;12;11;1;10;10;commercial;2
аббревиатура самозанятого в договоре;362000;4;36;12;11;1;10;10;commercial;1
условия получения гранта на развитие малого бизнеса;2000000;7;51;46;11;1;10;10;commercial;1
программа для удаленного управления компьютером бесплатно;2000000;6;57;44;11;1;10;10;commercial;1
выгодно ли иметь пункт выдачи вайлдберриз;1000000;6;41;17;11;1;10;10;commercial;1
регистрация на гугл картах;2000000;4;26;135;11;1;10;10;commercial;1
нейросети для логотипа бесплатно;1000000;4;32;2889;11;1;10;10;commercial;1
автоматизация рассылок;117000;2;22;278;11;1;10;10;commercial;1
как отправить заказное письмо электронно через почту россии;2000000;8;59;186;11;1;10;10;commercial;1
гугл диск таблицы войти;3000000;4;23;40;11;1;10;10;commercial;1
как узнать о подписках на мтс;1000000;6;29;97;11;1;10;10;commercial;1
альтернативы фотошопу бесплатно;1000000;3;31;95;11;1;10;10;commercial;1
можно ли получить заказное письмо онлайн;2000000;6;40;16;11;1;10;10;commercial;4
как можно купить криптовалюту;1000000;4;29;134;11;1;10;10;commercial;1
почта на время бесплатно;2000000;4;24;143;11;1;10;10;commercial;1
менеджер по проектам обязанности;817000;4;32;132;11;1;10;10;commercial;1
создать почту яндекс новую для себя бесплатно на телефон айфон без регистрации;3000000;12;78;22;10;1;10;10;commercial;1
создать логотип с помощью нейросети онлайн бесплатно в хорошем качестве;3000000;10;71;24;10;1;10;10;commercial;4
программа очистки компьютера бесплатно;1000000;4;38;3150;10;1;10;10;commercial;1
crm для нко;1000000;3;11;53;10;1;10;10;commercial;1
sms сервис api;1000000;3;14;58;10;1;10;10;commercial;1
как зайти на старую страницу в вк если забыл пароль и логин;2000000;12;59;46;10;1;10;10;commercial;1
сервисы для расшифровки аудио в текст;1000000;6;37;44;10;1;10;10;commercial;1
финансовый учет для малого бизнеса;2000000;5;34;61;10;1;10;10;commercial;1
яндекс почта регистрация создать новый почтовый ящик бесплатно яндекс почты на телефоне;3000000;12;87;71;10;1;10;10;commercial;1
рекламный кабинет телеграмм;1000000;3;27;64;10;1;10;10;commercial;1
моя страница в контакте быстрый вход без пароля и логина;2000000;10;56;145;10;1;10;10;commercial;1
бренд менеджер скиллбокс;988000;3;24;12;10;1;10;10;commercial;1
договор оферта озон для пвз;826000;5;27;57;10;1;10;10;commercial;1
конференции по бизнесу в москве;1000000;5;31;42;10;1;10;10;commercial;1
магазин вконтакте как работает;2000000;4;30;13;10;1;10;10;commercial;1
как войти на свою страницу в контакте по id номеру;3000000;10;50;14;10;1;10;10;commercial;1
аудио озвучка текста онлайн бесплатно;2000000;5;37;13;10;1;10;10;commercial;4
как отправлять заказное письмо на почте россии с уведомлением;2000000;9;61;18;10;1;10;10;commercial;1
распознать шрифт по картинке онлайн бесплатно;2000000;6;45;18;10;1;10;10;commercial;4
онлайн бухгалтерия для ип на усн без работников бесплатно;2000000;9;57;17;10;1;10;10;commercial;4
проверка позиций сайта по ключевым словам бесплатно;3000000;7;51;10;10;1;10;10;commercial;1
сделать ментальную карту онлайн бесплатно;3000000;5;41;16;10;1;10;10;commercial;4
кабинетные и полевые исследования;197000;4;33;86;10;1;10;10;commercial;1
вк моя страница вход на страницу без пароля и логина войти сразу вконтакте;3000000;13;74;1860;10;1;10;10;commercial;1
онлайн оплата для сайта;3000000;4;23;328;10;1;10;10;commercial;4
создать почту на яндексе регистрация;2000000;5;36;1379;10;1;10;10;commercial;1
заказы на фрилансе;883000;3;18;1055;10;1;10;10;commercial;1
площадка для интернет магазина;2000000;4;30;293;10;1;10;10;commercial;1
пиар менеджер кто;996000;3;17;464;10;1;10;10;commercial;12
забыл логин и пароль от вк;2000000;6;26;50;10;1;10;10;commercial;1
как зайти в вк если забыл пароль и логин на старую страницу;2000000;12;59;46;10;1;10;10;commercial;1
интернет магазин цифровых товаров создать;2000000;5;41;36;10;1;10;10;commercial;1
работа менеджера маркетплейсов;1000000;3;30;8833;10;1;10;10;commercial;1
как войти через qr код;2000000;5;22;3668;10;1;10;10;commercial;1
найти шрифт по картинке бесплатно онлайн;3000000;6;40;123;10;1;10;10;commercial;4
создать бизнес аккаунт в телеграмм;2000000;5;34;264;10;1;10;10;commercial;1
сервисы для поиска по фото;2000000;5;26;154;10;1;10;10;commercial;2
суть сетевого бизнеса;2000000;3;21;150;10;1;10;10;commercial;1
менеджер по работе с маркетплейсами это;1000000;6;39;104;9;1;10;10;commercial;1
зарегистрироваться в электронной почте бесплатно;1000000;5;48;126;9;1;10;10;commercial;1
на рынке где существует конкуренция равновесная цена определяется;1000000;8;65;20;9;1;10;10;commercial;15
как войти вконтакте по id на свою страницу с телефона;3000000;10;53;12;9;1;10;10;commercial;1
гос поддержка начинающего бизнеса от государства;2000000;6;48;166;9;1;10;10;commercial;1
скачать видео с сайта онлайн сервис;893000;6;35;62;9;1;10;10;commercial;19
зачем нужна регистрация товарного знака;66000;5;39;27;9;1;10;10;commercial;1
как заказать рекламу в телеграм;11000;5;31;34;9;1;10;10;commercial;1
господдержка на открытие малого бизнеса;2000000;5;39;38;9;1;10;10;commercial;1
где берут деньги на открытие бизнеса;2000000;6;36;32;9;1;10;10;commercial;15
приложение для редактирования фото на андроид бесплатно на русском языке с эффектами;2000000;12;84;31;9;1;10;10;commercial;1
себестоимость продукции и пути ее снижения;631000;6;42;82;9;1;10;10;commercial;1
сервисы для создания инфографики онлайн;2000000;5;39;34;9;1;10;10;commercial;4
я бизнес справка;2000000;3;16;27;9;1;10;10;commercial;1
программы для покадровой анимации на пк бесплатно;2000000;7;49;24;9;1;10;10;commercial;0
полная или коммерческая себестоимость продукции отличается от величины производственной на величину;911000;11;99;26;9;1;10;10;commercial;1
найти подписчиков в телеграм канал бесплатно;8000;6;44;57;9;1;10;10;commercial;1
курсы видеомонтажа для начинающих бесплатно;2000000;5;43;67;9;1;10;10;commercial;1
отбелить зубы на фото бесплатно;2000000;5;31;239;9;1;10;10;commercial;2
где находится кабинет;1000000;3;21;15164;9;1;10;10;commercial;15
создание интеллект карты онлайн бесплатно;3000000;5;41;30;9;1;10;10;commercial;4
сенлер тарифы стоимость;904000;3;23;9;9;1;10;10;commercial;1
менеджер сайтов;2000000;2;15;6779;9;1;10;10;commercial;1
видео переводчик с английского на русский с камеры телефона онлайн бесплатно без регистрации андроид;3000000;14;100;9;9;1;10;10;commercial;4
перевод с корейского на русский по фото с телефона онлайн бесплатно без скачивания сфотографировать;3000000;14;99;9;9;1;10;10;commercial;2
озвучка книги онлайн бесплатно;2000000;4;30;2502;9;1;10;10;commercial;4
телеграмм канал про бизнес;8000;4;26;132;9;1;10;10;commercial;1
заполнить заказное письмо;329000;3;25;1767;9;1;10;10;commercial;1
как создать сайт интернет магазин;2000000;5;33;203;9;1;10;10;commercial;1
сервисы для чтения и прослушивания книг;1000000;6;39;24;9;1;10;10;commercial;1
электронный кошелек создать бесплатно на русском;3000000;6;48;129;9;1;10;10;commercial;1
что входит в себестоимость товара в торговле;963000;7;44;11;9;1;10;10;commercial;14
как зайти на страницу в вк если забыл пароль и логин и нет номера телефона;3000000;15;74;10;9;1;10;10;commercial;1
масс маркет официальный сайт интернет магазин;2000000;6;45;9;9;1;10;10;commercial;1
как войти по кьюар коду;2000000;5;23;882;9;1;10;10;commercial;1
перевод голоса в текст онлайн бесплатно на компьютере;2000000;8;53;10;9;1;10;10;commercial;4
создать электронный кошелек бесплатно на русском;2000000;6;48;105;8;1;10;10;commercial;1
комиссия сбп для бизнеса;2000000;4;24;77;8;1;10;10;commercial;1
купить курс по маркетингу;1000000;4;25;43;8;1;10;10;commercial;1
скачать файл менеджер на андроид;958000;5;32;166;8;1;10;10;commercial;1
сервис сбор семантики;1000000;3;21;39;8;1;10;10;commercial;1
что такое ценностное предложение в бизнес модели;314000;7;48;10;8;1;10;10;commercial;9
получение субсидии для малого бизнеса;2000000;5;37;384;8;1;10;10;commercial;1
цена за лид;1000000;3;11;512;8;1;10;10;commercial;1
логотип интернет магазина;857000;3;25;553;8;1;10;10;commercial;1
нейросеть по логотипам бесплатно;1000000;4;32;560;8;1;10;10;commercial;1
как называется магазин в котором есть все;2000000;7;41;41;8;1;10;10;commercial;1
что такое единороги в бизнесе;916000;5;29;31;8;1;10;10;commercial;9
что такое пуш рассылка;129000;4;22;11;8;1;10;10;commercial;9
опознавание по фото онлайн бесплатно без регистрации;915000;7;52;11;8;1;10;10;commercial;2
курсы бренд менеджера москва;1000000;4;28;13;8;1;10;10;commercial;1
сделать емайл почту бесплатно;2000000;4;29;12;8;1;10;10;commercial;11
войти в телеграмм через почту без номера;3000000;7;40;89;8;1;10;10;commercial;1
регистрация почты на яндексе бесплатно;2000000;5;38;2050;8;1;10;10;commercial;1
как зайти на старый аккаунт в вк если забыл пароль и логин;1000000;12;58;12;8;1;10;10;commercial;1
менеджер по интернет маркетингу;1000000;4;31;72;8;1;10;10;commercial;1
свой бизнес план;2000000;3;16;2234;8;1;10;10;commercial;1
где найти заказы;2000000;3;16;9608;8;1;10;10;commercial;15
сервис интеграции;1000000;2;17;5486;8;1;10;10;commercial;1
стоимость товаров и услуг;1000000;4;25;5854;8;1;10;10;commercial;1
аватарки онлайн сделать бесплатно;2000000;4;33;1123;8;1;10;10;commercial;4
файлового менеджера;159000;2;19;31625;8;1;10;10;commercial;1
бизнес в вк;1000000;3;11;6472;8;1;10;10;commercial;1
ndi договор о неразглашении;38000;4;27;12;8;1;10;10;commercial;1
бизнес с государством;730000;3;21;3100;8;1;10;10;commercial;1
яндекс дзен вход в личный кабинет для авторов с компьютера;2000000;10;58;8;8;1;10;10;commercial;1
как завести бизнес аккаунт в телеграмме;2000000;6;39;8;8;1;10;10;commercial;1
текст в голос онлайн с записью в файл бесплатно;3000000;9;47;8;8;1;10;10;commercial;4
войти через куар код;2000000;4;20;837;8;1;10;10;commercial;1
безвозмездные гранты на развитие бизнеса;1000000;5;40;59;8;1;10;10;commercial;1
сервис аналитики бесплатно;2000000;3;26;1035;8;1;10;10;commercial;1
обучение powerpoint бесплатно;1000000;3;29;112;8;1;10;10;commercial;1
дизайн проект квартиры бесплатно по плану квартиры;2000000;7;50;33;8;1;10;10;commercial;1
gap это в продажах;2000000;4;18;24;8;1;10;10;commercial;1
раскрутить тг канал бесплатно;2000000;4;29;245;8;1;10;10;commercial;1
роль бизнес аналитика;1000000;3;21;277;8;1;10;10;commercial;1
анкетный сервис;2000000;2;15;182;8;1;10;10;commercial;1
перевести текст с английского на русский по фото через камеру телефона бесплатно;524000;12;80;37;8;1;10;10;commercial;2
регистрация эл почты на яндексе;2000000;5;31;32;8;1;10;10;commercial;1
интеграция амо;37000;2;14;1889;7;1;10;10;commercial;1
простой файловый менеджер для андроид;973000;5;37;14;7;1;10;10;commercial;1
форма оплаты по договору;698000;4;24;880;7;1;10;10;commercial;1
colorize cc бесплатно;217000;3;21;21;7;1;10;10;commercial;1
создание группы в вк для бизнеса пошаговая инструкция;1000000;8;53;7;7;1;10;10;commercial;1
бизнес план продажи на вайлдберриз пример;1000000;6;41;7;7;1;10;10;commercial;1
тильда интеграция;56000;2;17;1864;7;1;10;10;commercial;1
создать анкету для опроса бесплатно;2000000;5;35;167;7;1;10;10;commercial;1
как купить криптовалюту без комиссии;800000;5;36;10;7;1;10;10;commercial;1
создать электронную почту на яндексе новый ящик на телефоне бесплатно;3000000;10;69;9;7;1;10;10;commercial;1
что такое вал в продажах;516000;5;24;10;7;1;10;10;commercial;9
онлайн переводчик с корейского на русский через камеру телефона бесплатно;3000000;10;73;65;7;1;10;10;commercial;4
смс менеджер кто;977000;3;16;53;7;1;10;10;commercial;12
программа для чистки пк бесплатно;2000000;5;33;765;7;1;10;10;commercial;1
реклама сайта в интернете бесплатно;3000000;5;35;45;7;1;10;10;commercial;1
яндекс почта регистрация бесплатно на русском;3000000;6;45;327;7;1;10;10;commercial;1
редакция документа это;2000000;3;22;503;7;1;10;10;commercial;1
сервис для приема платежей;1000000;4;26;495;7;1;10;10;commercial;1
программа для расстановки мебели бесплатно;2000000;5;42;699;7;1;10;10;commercial;1
телеграмм как войти по смс;8000;5;26;706;7;1;10;10;commercial;1
ценностное предложение в бизнес модели;2000000;5;38;74;7;1;10;10;commercial;1
turbologo бесплатно создать;2000000;3;27;337;7;1;10;10;commercial;1
кб crm;159000;2;6;16;7;1;10;10;commercial;1
создать почту яндекс новую для себя регистрация;3000000;7;47;71;7;1;10;10;commercial;1
регистрация в рутубе официальный сайт;3000000;5;37;4159;7;1;10;10;commercial;1
открыть малый бизнес с помощью государства;2000000;6;42;24;7;1;10;10;commercial;1
что такое предложение оферта;444000;4;28;41;7;1;10;10;commercial;9
госпомощь на открытие бизнеса;982000;4;29;38;7;1;10;10;commercial;1
майнд карта создать онлайн бесплатно;566000;5;36;41;7;1;10;10;commercial;4
зарегистрироваться яндекс почта регистрация;2000000;4;43;45;7;1;10;10;commercial;1
почему не могу войти;3000000;4;20;23763;7;1;10;10;commercial;1
как войти в нейросеть в россии бесплатно;3000000;7;40;34;7;1;10;10;commercial;1
что значит договор публичной оферты;642000;5;35;36;7;1;10;10;commercial;1
равновесная цена при увеличении предложения;915000;5;43;77;7;1;10;10;commercial;1
отфотошопить фото онлайн бесплатно лицо;3000000;5;39;36;7;1;10;10;commercial;4
как восстановить вк если забыл логин и пароль;2000000;8;45;234;7;1;10;10;commercial;1
создать емайл почту регистрация бесплатно;3000000;5;41;37;7;1;10;10;commercial;1
как создать бизнес план самостоятельно;2000000;5;38;24;7;1;10;10;commercial;1
создание аватарки бесплатно;2000000;3;27;716;7;1;10;10;commercial;1
нейросеть улучшающая качество видео онлайн бесплатно;3000000;6;52;423;6;1;10;10;commercial;4
виртуальный номер сервисы;1000000;3;25;1894;6;1;10;10;commercial;1
принцип работы интернет магазина;124000;4;32;31;6;1;10;10;commercial;1
спрос и цена зависимость;1000000;4;24;985;6;1;10;10;commercial;1
рассылка сообщений онлайн;2000000;3;25;46;6;1;10;10;commercial;4
как работать с отказами в продажах;1000000;6;34;7;6;1;10;10;commercial;1
как войти в страницу в вк если забыла логин и пароль;2000000;11;52;7;6;1;10;10;commercial;1
как купить хостинг;790000;3;18;226;6;1;10;10;commercial;1
какого почтового сервиса не существует варианты ответов;2000000;7;55;6;6;1;10;10;commercial;1
опознаватель по фото онлайн бесплатно;3000000;5;37;6;6;1;10;10;commercial;2
виды потребностей в продажах;574000;4;28;81;6;1;10;10;commercial;17
описание товара по фото онлайн бесплатно;2000000;6;40;6;6;1;10;10;commercial;2
как снизить себестоимость;101000;3;25;185;6;1;10;10;commercial;1
бизнес чаты в телеграм;8000;4;22;182;6;1;10;10;commercial;1
форум бизнесменов и предпринимателей;433000;4;36;50;6;1;10;10;commercial;1
crm что это в рекламе;1000000;5;21;13;6;1;10;10;commercial;16
войти в аккаунт вк по айди;2000000;6;26;32;6;1;10;10;commercial;1
гугл карты регистрация;3000000;3;22;419;6;1;10;10;commercial;1
движок интернет магазин;1000000;3;23;1646;6;1;10;10;commercial;1
установить файловый менеджер на андроид;587000;5;39;173;6;1;10;10;commercial;1
субсидия на открытие малого бизнеса;2000000;5;35;354;6;1;10;10;commercial;1
скачать файловые менеджеры для андроид;644000;5;38;1672;6;1;10;10;commercial;19
как открыть магазин вконтакте;1000000;4;29;43;6;1;10;10;commercial;1
смз договор что;1000000;3;15;129;6;1;10;10;commercial;1
составьте бизнес план предполагаемой фирмы резюме своей фирмы описание отрасли;1000000;10;78;135;6;1;10;10;commercial;1
программа конструктор договоров;977000;3;31;16;6;1;10;10;commercial;1
аналитика телеграмм каналов бесплатно;7000;4;37;10;6;1;10;10;commercial;1
sale скидка;1000000;2;11;448;6;1;10;10;commercial;1
заказное письмо почтой;668000;3;22;96350;6;1;10;10;commercial;1
что такое продажа товара;757000;4;24;1203;6;1;10;10;commercial;9
сканер переводчик онлайн с английского на русский бесплатно для андроида;2000000;10;72;19;6;1;10;10;commercial;4
создание инфографики онлайн бесплатно без регистрации;3000000;6;53;10;6;1;10;10;commercial;4
как подписать заказное письмо;353000;4;29;132;6;1;10;10;commercial;1
рандомайзер по репостам в вк бесплатно;2000000;6;38;10;6;1;10;10;commercial;1
поддержка бизнеса государством;2000000;3;30;4522;6;1;10;10;commercial;1
сервисы интеграции;749000;2;18;5486;6;1;10;10;commercial;1
логотип с помощью нейросети бесплатно онлайн;2000000;6;44;581;6;1;10;10;commercial;4
господдержка на бизнес;940000;3;22;1729;6;1;10;10;commercial;1
создать почту com регистрация бесплатно;3000000;5;39;895;6;1;10;10;commercial;13
программа графического дизайна бесплатно;2000000;4;40;273;6;1;10;10;commercial;1
список документов для заключения договора с самозанятым;1000000;7;55;9;6;1;10;10;commercial;1
сервис trello;923000;2;13;118;6;1;10;10;commercial;1
установление контакта в продажах крутые фразы;1000000;6;45;8;6;1;10;10;commercial;1
поиск одежды по фото онлайн бесплатно;3000000;6;37;9;6;1;10;10;commercial;2
что такое бизнес процессы компании;1000000;5;34;139;5;1;10;10;commercial;9
поисккартинкивидеокартымаркетвсе сервисы;681000;2;40;7;5;1;10;10;commercial;1
определить стиль текста онлайн бесплатно по фото;2000000;7;48;6;6;1;10;10;commercial;2
основная функция бизнес плана;1000000;4;29;133;5;1;10;10;commercial;1
войти инкогнито в яндексе с телефона андроид на телефоне;3000000;9;56;8;5;1;10;10;commercial;1
поиск товара по фото в интернете с телефона онлайн бесплатно;3000000;10;60;41;5;1;10;10;commercial;2
оформление по договору самозанятости;1000000;4;36;171;5;1;10;10;commercial;1
целевые действия и их цена;2000000;5;26;31;5;1;10;10;commercial;1
как войти в гугл таблицу;3000000;5;24;155;5;1;10;10;commercial;1
чек об отправке заказного письма;357000;5;32;32;5;1;10;10;commercial;10
как вести бизнес аккаунт в инстаграм;1000000;6;36;29;5;1;10;10;commercial;1
эмблема для магазина;487000;3;20;147;5;1;10;10;commercial;1
уменьшить щеки на фото онлайн бесплатно;2000000;6;39;6;5;1;10;10;commercial;4
яндекс дзен для авторов войти в редактор;3000000;7;40;7;5;1;10;10;commercial;1
сервисы поиска по картинке;2000000;4;26;221;5;1;10;10;commercial;1
как восстановить вход в вк без номера телефона без пароля и логина;2000000;12;66;5;5;1;10;10;commercial;1
какие расходы включаются в себестоимость;165000;5;40;94;5;1;10;10;commercial;1
оплата в европу из россии;2000000;5;25;97;5;1;10;10;commercial;1
как ип составить договор с самозанятым;604000;6;38;23;5;1;10;10;commercial;7
бенефициар это заказчик;60000;3;23;57;5;1;10;10;commercial;1
почтовые сервисы это;2000000;3;20;242;5;1;10;10;commercial;1
этапы работы с клиентом в продажах;2000000;6;34;119;5;1;10;10;commercial;1
убрать второй подбородок с фото онлайн бесплатно;4000000;7;48;5;5;1;10;10;commercial;4
программа для выбора победителя в инстаграме по комментарию бесплатно без авторизации;3000000;11;85;5;5;1;10;10;commercial;1
как установить файловый менеджер на андроид;548000;6;43;117;5;1;10;10;commercial;1
как изменится спрос и равновесная цена;763000;6;38;2931;5;1;10;10;commercial;1
автоматическая смс рассылка;374000;3;27;65;5;1;10;10;commercial;1
купить крипту в телеграмме;2000000;4;26;141;5;1;10;10;commercial;1
регистрация тм проверка;2000000;3;23;26;5;1;10;10;commercial;1
как получить кредит на открытие бизнеса с нуля от государства;2000000;10;61;19;5;1;10;10;commercial;1
pr менеджера;978000;2;12;7092;5;1;10;10;commercial;1
отправка заказным письмом;322000;3;25;7536;5;1;10;10;commercial;1
программы для дизайна интерьера бесплатно на русском;3000000;7;52;1393;5;1;10;10;commercial;0
хостинг html страниц бесплатно;2000000;4;30;10;5;1;10;10;commercial;1
на каких платформах можно купить криптовалюту;1000000;6;45;22;5;1;10;10;commercial;1
автоматическая рассылка сообщений в телеграм;1000000;5;44;14;5;1;10;10;commercial;1
как уменьшить себестоимость продукции и увеличить прибыль;439000;7;57;18;5;1;10;10;commercial;1
себестоимость в отчете о финансовых результатах;797000;6;47;399;5;1;10;10;commercial;1
почистить компьютер от мусора онлайн бесплатно;2000000;6;46;25;5;1;10;10;commercial;4
перевод текста в голос бесплатно;2000000;5;32;357;5;1;10;10;commercial;1
как настроить магазин в вк;1000000;5;26;27;5;1;10;10;commercial;1
моя электронная почта показать на телефоне бесплатно без регистрации;3000000;9;68;331;5;1;10;10;commercial;1
моя электронная почта mail ru показать на экране телефона бесплатно без регистрации;2000000;12;83;9;5;1;10;10;commercial;1
почтовый ящик яндекс регистрация;2000000;4;32;5976;4;1;10;10;commercial;1
фотошоп аналог бесплатно;2000000;3;24;1249;4;1;10;10;commercial;1
supa подписка;627000;2;13;45;4;1;10;10;commercial;1
оферта и афера;301000;3;14;29;4;1;10;10;commercial;1
как получать заказные письма через госуслуги в электронном виде;2000000;9;63;32;4;1;10;10;commercial;10
методы продажи товаров в магазине;922000;5;33;39;4;1;10;10;commercial;1
онлайн сервис для создания инфографики;2000000;5;38;34;4;1;10;10;commercial;4
бизнес блоггеры россии;2000000;3;22;28;4;1;10;10;commercial;1
reddit регистрация;2000000;2;18;38;4;1;10;10;commercial;1
чат менеджер для тг;35000;4;19;63;4;1;10;10;commercial;1
сервис для создания бота в телеграм;2000000;6;35;55;4;1;10;10;commercial;1
что такое войти в поток;2000000;5;23;44;4;1;10;10;commercial;9
чайка менеджер это;2000000;3;18;16;4;1;10;10;commercial;1
ya почта регистрация;2000000;3;20;17;4;1;10;10;commercial;1
в условиях рыночной экономики равновесная цена устанавливается всегда;2000000;8;69;13;4;1;10;10;commercial;1
рассчитать стоимость рекламы в телеграмме;2000000;5;41;18;4;1;10;10;commercial;1
отправить через файлообменник бесплатно;2000000;4;39;24;4;1;10;10;commercial;1
чистка компьютера от мусора бесплатно виндовс 10;3000000;7;48;25;4;1;10;10;commercial;1
3 d моделирование онлайн бесплатно;3000000;5;34;19;4;1;10;10;commercial;4
cms для магазина;430000;3;16;431;4;1;10;10;commercial;1
почты с паролями бесплатно;2000000;4;26;721;4;1;10;10;commercial;1
элементы бизнес плана;1000000;3;21;716;4;1;10;10;commercial;1
веб сайт личный кабинет;2000000;4;23;561;4;1;10;10;commercial;1
яндекс почта регистрация бесплатно с телефона;3000000;6;45;591;4;1;10;10;commercial;1
сервисы по подбору психолога;2000000;4;28;323;4;1;10;10;commercial;1
сервисы для предпринимателей;2000000;3;28;385;4;1;10;10;commercial;1
консалтинговая услуга это;2000000;3;25;2420;4;1;10;10;commercial;18
спрос уменьшился равновесная цена;631000;4;33;334;4;1;10;10;commercial;1
рост в бизнесе;880000;3;14;2757;4;1;10;10;commercial;1
пароль менеджера;776000;2;16;38115;4;1;10;10;commercial;1
создать почту в яндексе бесплатно;2000000;5;33;1080;4;1;10;10;commercial;1
бесплатные стоки фотографий бесплатно;2000000;4;37;890;4;1;10;10;commercial;1
бизнес процессы компании это;1000000;4;28;1485;4;1;10;10;commercial;1
гранты на малый бизнес;2000000;4;22;1357;4;1;10;10;commercial;1
создание резюме бесплатно шаблоны;1000000;4;33;112;4;1;10;10;commercial;1
описание предприятия в бизнес плане;1000000;5;35;103;4;1;10;10;commercial;1
телеграмм каналы о бизнесе;7000;4;26;71;4;1;10;10;commercial;1
удалить всю информацию о себе в интернете бесплатно;871000;8;51;68;4;1;10;10;commercial;1
купить биткоин телеграм;1000000;3;23;72;4;1;10;10;commercial;1
создание аватарок онлайн бесплатно;2000000;4;34;85;4;1;10;10;commercial;4
от чего зависит цена на товар;751000;6;29;195;4;1;10;10;commercial;1
господдержка на малый бизнес;1000000;4;28;239;4;1;10;10;commercial;1
ложное возражение в продажах это;483000;5;32;4;4;1;10;10;commercial;1
составить резюме онлайн и сохранить бесплатно хедхантер;3000000;7;55;4;4;1;10;10;commercial;7
создать почтовый ящик на яндексе бесплатно с телефона;2000000;8;53;115;4;1;10;10;commercial;1
выберите три ключевых принципа управления продажами;2000000;6;51;4;4;1;10;10;commercial;1
поток психология как войти;2000000;4;26;4;4;1;10;10;commercial;1
сервисы нейросети;954000;2;17;5769;4;1;10;10;commercial;1
как составить бизнес процесс;961000;4;28;94;4;1;10;10;commercial;7
базовые потребности клиента в продажах;544000;5;38;6;4;1;10;10;commercial;1
что означает понятие оферта;433000;4;27;6;4;1;10;10;commercial;1
при одинаковом изменении спроса и предложения цена на товар;1000000;9;59;7;4;1;10;10;commercial;1
sms api россия;2000000;3;14;6;4;1;10;10;commercial;1
все субсидии от государства список для малого бизнеса;2000000;8;53;6;4;1;10;10;commercial;1
бизнес игры для тренингов настольные;779000;5;36;9;3;1;10;10;commercial;1
парсинг бесплатно онлайн;2000000;3;24;39;3;1;10;10;commercial;4
маркетинг онлайн обучение бесплатно;2000000;4;35;68;3;1;10;10;commercial;4
не помню логин и пароль от вк;1000000;7;29;15;3;1;10;10;commercial;1
пошагово бизнес план;1000000;3;20;187;3;1;10;10;commercial;1
как добавить магазин в гугл карты;169000;6;33;13;3;1;10;10;commercial;1
интеллект карты создать онлайн бесплатно;2000000;5;40;137;3;1;10;10;commercial;4
бесплатные сервисы для анализа конкурентов;2000000;5;42;18;3;1;10;10;commercial;1
психологи онлайн сервис;2000000;3;23;472;3;1;10;10;commercial;4
сервисы для копирайтеров;3000;3;24;41;3;1;10;10;commercial;1
что означает договор публичной оферты;523000;5;37;41;3;1;10;10;commercial;1
бизнес планирование осуществляется;998000;3;34;43;3;1;10;10;commercial;1
государственные программы для малого бизнеса;2000000;5;44;62;3;1;10;10;commercial;0
способы поддержки бизнеса в рф;2000000;5;30;73;3;1;10;10;commercial;1
оферта между физическими лицами;1000000;4;31;54;3;1;10;10;commercial;1
заказать архив вконтакте;2000000;3;24;20;3;1;10;10;commercial;1
коллтрекинг бесплатно;1000000;2;21;18;3;1;10;10;commercial;1
где можно купить биткойн;2000000;4;24;25;3;1;10;10;commercial;15
загрузить сайт на хостинг бесплатно;2000000;5;35;25;3;1;10;10;commercial;1
цена при которой объем спроса равен объему предложения;877000;8;54;17;3;1;10;10;commercial;1
как получить стартовый капитал для малого бизнеса;2000000;7;49;21;3;1;10;10;commercial;1
стоимость произведенной продукции это;34000;4;37;538;3;1;10;10;commercial;1
моя электронная почта показать на телефоне бесплатно;3000000;7;52;534;3;1;10;10;commercial;1
не сетевые магазины;2000000;3;19;550;3;1;10;10;commercial;1
как узнать есть ли у меня подписка;2000000;7;34;704;3;1;10;10;commercial;1
интернет редакция;863000;2;17;686;3;1;10;10;commercial;1
создать яндекс почту регистрация бесплатно новую по номеру;3000000;8;58;606;3;1;10;10;commercial;1
иконки для powerpoint бесплатно;1000000;4;31;302;3;1;10;10;commercial;1
формирование бизнес плана;1000000;3;25;358;3;1;10;10;commercial;1
интеграция сервисов;951000;2;19;5671;3;1;10;10;commercial;1
сайт для создания интернет магазина;2000000;5;35;346;3;1;10;10;commercial;1
низкая себестоимость;399000;2;20;2695;3;1;10;10;commercial;1
моя страница в вк войти без пароля;2000000;7;34;3006;3;1;10;10;commercial;1
бесплатные интернет магазины;2000000;3;28;99836;3;1;10;10;commercial;1
проектные менеджеры;794000;2;19;6741;3;1;10;10;commercial;1
пиар бесплатно;1000000;2;14;1212;3;1;10;10;commercial;1
перевод с китайского на русский по фото онлайн бесплатно по телефону;3000000;11;68;1256;3;1;10;10;commercial;2
онлайн переводчик с английского на русский через камеру без скачивания онлайн бесплатно на русском;3000000;14;98;1416;3;1;10;10;commercial;4
благодарственное письмо от заказчика;926000;4;36;100;3;1;10;10;commercial;1
как самозанятому заключить договор с организацией;802000;6;49;125;3;1;10;10;commercial;1
как написать бизнес план для открытия своего бизнеса;1000000;8;52;126;3;1;10;10;commercial;1
как называются дешевые магазины одежды;705000;5;38;129;3;1;10;10;commercial;1
программа для моделирования интерьера квартиры бесплатно;2000000;6;56;94;3;1;10;10;commercial;1
miro аналоги бесплатно;2000000;3;22;77;3;1;10;10;commercial;1
зарегистрировать почту яндекс регистрация;2000000;4;41;90;3;1;10;10;commercial;1
менеджер маркет плейлистов;339000;3;26;87;3;1;10;10;commercial;1
придумать логин для яндекса;855000;4;27;266;3;1;10;10;commercial;1
сервисы для спама;722000;3;17;175;3;1;10;10;commercial;1
программы для ип бухгалтерия бесплатно;740000;5;38;175;3;1;10;10;commercial;0
как менеджер может создать действенную систему мотивации труда персонала предприятия;1000000;10;84;4;3;1;10;10;commercial;3
какова отличительная черта бизнес плана;938000;5;39;4;3;1;10;10;commercial;1
как получить субсидии от государства на создание развитие бизнеса;2000000;9;65;3;3;1;10;10;commercial;1
если товар залежался на прилавках магазинов то цена на него вероятнее всего выше равновесной почему;2000000;15;99;3;3;1;10;10;commercial;1
программа увеличения губ онлайн бесплатно;2000000;5;41;6;3;1;10;10;commercial;4
типичные возражения в продажах;350000;4;30;3;3;1;10;10;commercial;1
разница между crm и erp;610000;5;23;4;3;1;10;10;commercial;1
в контакте вход моя страница войти без пароля и логина поиск людей;3000000;12;66;3;3;1;10;10;commercial;1
приложение для конкурса в инстаграм по комментариям бесплатно;1000000;8;61;3;3;1;10;10;commercial;1
как войти в режим инкогнито в яндекс на планшете;2000000;9;48;4;3;1;10;10;commercial;1
купить футажи для видеомонтажа;675000;4;30;3;3;1;10;10;commercial;1
принятие предложения заключить договор носит название;979000;6;53;4;3;1;10;10;commercial;1
анализ рынка и конкурентов в бизнес плане пример;1000000;8;48;3;3;1;10;10;commercial;1
mindmap создать онлайн бесплатно;2000000;4;32;3;3;1;10;10;commercial;4
придумать логотип магазина;573000;3;26;241;3;1;10;10;commercial;1
фильтры для фото в айфоне бесплатно;2000000;6;35;4;3;1;10;10;commercial;2
приложение камера на айфон бесплатно;1000000;5;36;183;3;1;10;10;commercial;1
дизайн онлайн магазина;2000000;3;22;176;3;1;10;10;commercial;4
что нужно уметь бизнес аналитику;1000000;5;32;7;3;1;10;10;commercial;1
кому необходим бизнес план;1000000;4;26;8;3;1;10;10;commercial;1
интернет системы магазин;1000000;3;24;2826;2;1;10;10;commercial;1
ный личный кабинет;682000;3;18;141;2;1;10;10;commercial;1
самозанятый работа по договору;1000000;4;30;2172;2;1;10;10;commercial;1
как получить гранд на развитие малого бизнеса от государства;2000000;9;60;7;2;1;10;10;commercial;1
рассылка email бесплатно;2000000;3;24;211;2;1;10;10;commercial;1
как купить рекламу для телеграмм канала;10000;6;39;151;2;1;10;10;commercial;1
бизнес фрипик;808000;2;13;53;2;1;10;10;commercial;1
открыть пвз озон договор;1000000;4;24;17;2;1;10;10;commercial;1
аналитик маркетолог обучение бесплатно;2000000;4;38;2;2;1;10;10;commercial;1
ценностное предложение это в бизнес модели;1000000;6;42;7;2;1;10;10;commercial;1
рассылка главреда;322000;2;17;7;2;1;10;10;commercial;1
программа для выбора победителя в инстаграме по комментарию бесплатно;3000000;9;69;7;2;1;10;10;commercial;1
что такое себестоимость реализованной продукции;222000;5;47;7;2;1;10;10;commercial;9
сервис для коротких ссылок;2000000;4;26;37;2;1;10;10;commercial;1
что такое ликвидация магазина;519000;4;29;38;2;1;10;10;commercial;9
раздать интернет с телефона на планшет бесплатно;2000000;7;48;36;2;1;10;10;commercial;1
регистрация на яндекс почте завести ящик;2000000;6;40;30;2;1;10;10;commercial;1
настольные бизнес игры для тренингов;106000;5;36;8;2;1;10;10;commercial;1
как называют организацию которая во многих вопросах упрощает запуск бизнеса для молодых;2000000;12;87;32;2;1;10;10;commercial;1
эмаил регистрация;1000000;2;17;30;2;1;10;10;commercial;1
определение бизнес планирования;790000;3;31;350;2;1;10;10;commercial;1
бизнес аккаунтов;771000;2;16;66741;2;1;10;10;commercial;1
бесплатное фото для коммерческого использования;3000000;5;47;256;2;1;10;10;commercial;1
как назвать менеджера по продажам;851000;5;33;252;2;1;10;10;commercial;1
web crm erp система что это;1000000;6;27;5;2;1;10;10;commercial;16
топ онлайн сервисов;3000000;3;19;289;2;1;10;10;commercial;4
фактическая себестоимость проданных товаров;683000;4;43;41;2;1;10;10;commercial;1
цена потребления товара представляет собой;1000000;5;42;21;2;1;10;10;commercial;14
письмо в будущее самому себе на почту бесплатно;3000000;8;47;15;2;1;10;10;commercial;1
mind map online на русском бесплатно;3000000;6;36;14;2;1;10;10;commercial;1
емейл рассылка заказать;1000000;3;23;14;2;1;10;10;commercial;1
техники продаж для менеджеров какие бывают;96000;6;42;18;2;1;10;10;commercial;1
себестоимость реализованной продукции товаров работ услуг;1000000;6;57;17;2;1;10;10;commercial;1
бизнес план домашнее задание;1000000;4;28;13;2;1;10;10;commercial;1
себестоимость товаров и услуг;764000;4;29;416;2;1;10;10;commercial;1
войти инкогнито в яндексе с телефона андроид;273000;7;44;10;2;1;10;10;commercial;1
блокировщик рекламы для яндекс бесплатно;5000;5;40;879;2;1;10;10;commercial;1
фродовый заказ это;2000000;3;18;9;2;1;10;10;commercial;18
менеджер проекта функции;1000000;3;24;785;2;1;10;10;commercial;1
бизнес план торговой компании;2000;4;29;10;2;1;10;10;commercial;1
маркетинговая интеграция;57000;2;24;163;2;1;10;10;commercial;1
создать свой канал на ютубе регистрация прямо сейчас бесплатно;4000000;9;62;2;2;1;10;10;commercial;1
компоненты бизнес процесса;1000000;3;26;166;2;1;10;10;commercial;1
сквозная бизнес аналитика;1000000;3;25;85;2;1;10;10;commercial;1
ретуширование фотографий онлайн бесплатно на русском;3000000;6;52;2;2;1;10;10;commercial;4
истории инстаграм анонимно бесплатно;2000000;4;36;7518;2;1;10;10;commercial;1
письмо в будущее бесплатно;2000000;4;26;7617;2;1;10;10;commercial;1
yandex pochta регистрация;1000000;3;25;2;2;1;10;10;commercial;1
оферта и;957000;2;8;9745;2;1;10;10;commercial;1
создать почту яндекс регистрация бесплатно по номеру телефона электронную почту;3000000;10;79;73;2;1;10;10;commercial;1
биржа заданий для фрилансеров бесплатно;1000000;5;39;2;2;1;10;10;commercial;1
сервисы партнерских продаж;1000000;3;26;101;2;1;10;10;commercial;1
сервис анализа конкурентов в seo и ppc;2000000;7;38;2;2;1;10;10;commercial;1
сервисы для визуализации данных;2000000;4;31;137;2;1;10;10;commercial;1
моя электронная почта показать на телефоне бесплатно без регистрации по номеру телефона без пароля;3000000;14;98;2;2;1;10;10;commercial;1
площадки для поиска заказов;2000000;4;27;97;2;1;10;10;commercial;1
сайт для дизайнеров бесплатно;3000000;4;29;136;2;1;10;10;commercial;1
помощь государства малому бизнесу;2000000;4;33;3218;2;1;10;10;commercial;1
сервис для парсинга;1000000;3;19;135;2;1;10;10;commercial;1
розыгрыш вконтакте по комментариям программа бесплатно;3000000;6;54;2;2;1;10;10;commercial;1
smart в бизнесе;943000;3;15;144;2;1;10;10;commercial;1
лучшие телеграмм каналы про бизнес;8000;5;34;3;2;1;10;10;commercial;1
вконтакте моя страница вход на мою страницу без пароля и логина войти;2000000;12;69;5597;2;1;10;10;commercial;1
оферта бывает;322000;2;13;94;2;1;10;10;commercial;1
от чего формируется цена;599000;4;24;58;2;1;10;10;commercial;1
какие аспекты внешней среды которые влияют на бизнес компании включает в себя аббревиатура pest;945000;14;95;3;2;1;10;10;commercial;1
стратегия уменьшение усилий или продажа характерна для товаров находящихся в позиции;1000000;11;84;3;2;1;10;10;commercial;1
как восстановить страницу в контакте если забыл логин и пароль;2000000;10;62;3;2;1;10;10;commercial;1
прибыль поделить на себестоимость это;71000;5;37;3;2;1;10;10;commercial;1
просмотр сторис бесплатно;2000000;3;25;1970;2;1;10;10;commercial;1
что входит в состав затрат включаемых в себестоимость продукции каковы их классификации;2000000;12;87;4;2;1;10;10;commercial;1
понимание бизнес процессов;1000000;3;26;228;2;1;10;10;commercial;1
как получить заказное письмо через госуслуги;2000000;6;44;53;2;1;10;10;commercial;1
заказное письмо через почту;57000;4;27;2031;2;1;10;10;commercial;1
digital marketing обучение бесплатно;2000000;4;36;2;2;1;10;10;commercial;1
создание 3д моделей онлайн бесплатно;4000000;5;36;63;2;1;10;10;commercial;4
триггерные сценарии;84000;2;19;63;2;1;10;10;commercial;1
программы фотошопа бесплатно для андроид;2000000;5;40;64;2;1;10;10;commercial;0
к основным принципам ценообразования относится то что цена должна;1000000;9;65;3;2;1;10;10;commercial;1
как открыть магазин озон в своем селе;758000;7;37;3;2;1;10;10;commercial;1
оценить посещаемость сайта онлайн бесплатно;2000000;5;43;1;1;1;10;10;commercial;4
оформление страницы в инстаграм для бизнеса;2000000;6;43;1;1;1;10;10;commercial;1
как меняется равновесная цена в зависимости от спроса и предложения;620000;10;67;1;1;1;10;10;commercial;1
8 сервисов для самостоятельной планировки квартир и дизайна интерьера;3000000;9;69;1;1;1;10;10;commercial;1
создать логотип со своей картинкой онлайн бесплатно в хорошем качестве;3000000;10;70;1;1;1;10;10;commercial;4
определяется ли сценарий социальной роли ближайшим бытовым окружением;1000000;8;69;1;1;1;10;10;commercial;1
убрать дефекты на фото онлайн бесплатно приложение;3000000;7;50;1;1;1;10;10;commercial;4
топ почтовых сервисов в мире;2000000;5;28;1;1;1;10;10;commercial;1
вконтакте моя страница зайти сразу на страницу без пароля и логина т;2000000;12;68;1;1;1;10;10;commercial;1
емейл рассылки заказать;1000000;3;23;14;1;1;10;10;commercial;1
музыка без авторских прав для ютуба бесплатно;3000000;7;45;284;1;1;10;10;commercial;1
забыл логин и пароль от вконтакте;1000000;6;33;1;1;1;10;10;commercial;1
посчитать стоимость лида;335000;3;24;69;1;1;10;10;commercial;1
роспатент проверить товарный знак по названию онлайн бесплатно без регистрации;3000000;10;78;1;1;1;10;10;commercial;4
фактическая себестоимость продукции;186000;3;35;1754;1;1;10;10;commercial;1
инстаграм для бизнеса с чего начать;1000000;6;35;9;1;1;10;10;commercial;1
самозапрет на кредиты как оформить на госуслугах 2023;908000;8;53;1;1;1;10;10;commercial;1
лучший менеджер пароль;2000000;3;22;394;1;1;10;10;commercial;1
семантика онлайн бесплатно;1000000;3;26;26;1;1;10;10;commercial;4
бизнес план оказания услуги;1000000;4;27;420;1;1;10;10;commercial;1
для чего нужна автоматизация процессов;758000;5;38;30;1;1;10;10;commercial;1
из чего состоит интернет магазин;786000;5;32;25;1;1;10;10;commercial;1
регистрация канала на ютубе;3000000;4;27;346;1;1;10;10;commercial;1
нейросеть для описания товара бесплатно;2000000;5;39;40;1;1;10;10;commercial;14
сток музыки без авторских прав бесплатно;2000000;6;40;18;1;1;10;10;commercial;1
фотошоп фотографий на телефоне бесплатно;1000000;5;40;818;1;1;10;10;commercial;1
фото со стоков бесплатно;2000000;4;24;19;1;1;10;10;commercial;2
самозанятый как составить договор;557000;4;33;749;1;1;10;10;commercial;7
маркетинговый план бизнес плана;1000000;4;31;936;1;1;10;10;commercial;1
рассылка сообщений вк программа;2000000;4;31;17;1;1;10;10;commercial;1
в процессе работы в личном кабинете пользователь может;2000000;8;54;17;1;1;10;10;commercial;1
создание анкеты онлайн бесплатно;2000000;4;32;23;1;1;10;10;commercial;4
вконтакте моя страница зайти сразу на страницу без пароля и логин;2000000;11;65;532;1;1;10;10;commercial;1
фактическая производственная себестоимость;99000;3;42;519;1;1;10;10;commercial;1
субсидии государства на развитие бизнеса;1000000;5;40;534;1;1;10;10;commercial;1
цена клиента формула;1000000;3;20;21;1;1;10;10;commercial;1
как зайти вк без логина;1000000;5;23;95;1;1;10;10;commercial;1
лучшие конструкторы для интернет магазина;2000000;5;41;192;1;1;10;10;commercial;1
мегаплан интеграция;50000;2;19;92;1;1;10;10;commercial;1
looka нейросеть бесплатно;2000000;3;25;188;1;1;10;10;commercial;1
как изменится равновесная цена если спрос увеличится;760000;7;52;99;1;1;10;10;commercial;1
сервис визуализации данных;2000000;3;26;212;1;1;10;10;commercial;1
если предложение уменьшилось то равновесная цена;716000;6;48;137;1;1;10;10;commercial;1
назначение бизнес процесса;1000000;3;26;158;1;1;10;10;commercial;1
какие затраты включены в себестоимость;454000;5;38;111;1;1;10;10;commercial;1
нейросеть для создания бренда бесплатно;2000000;5;39;44;1;1;10;10;commercial;1
как войти в архив телеграмма;2000000;5;28;306;1;1;10;10;commercial;1
маркетинговый план в бизнес плане это;1000000;6;37;41;1;1;10;10;commercial;1
купить рекламу в группах вк;2000000;5;27;45;1;1;10;10;commercial;1
фильтры для фотографий айфон бесплатно;2000000;5;38;57;1;1;10;10;commercial;1
каковы основные задачи бизнес плана;1000000;5;35;6;1;1;10;10;commercial;1
куда подать рекламу об услугах;2000000;5;30;6;1;1;10;10;commercial;1
как купить номер телефона в интернете бесплатно;2000;7;47;6;1;1;10;10;commercial;1
диаграммами демонстрирующими долю одного элемента ряда данных в сумме элементов этого ряда являются;4000000;13;99;2;1;1;10;10;commercial;1
базисные стратегии бизнеса;862000;3;26;5;1;1;10;10;commercial;1
предположим что реальная рыночная цена ниже равновесной в этом случае;1000000;10;69;5;1;1;10;10;commercial;1
лучшие сервисы для проверки орфографии и пунктуации;2000000;7;51;7;1;1;10;10;commercial;1
почистить комп онлайн бесплатно;2000000;4;31;7;1;1;10;10;commercial;4
партнеры в бизнесе;2000000;3;18;5729;1;1;10;10;commercial;1
сетевой бизнес плюсы и минусы;839000;5;29;7;1;1;10;10;commercial;1
войти в контакты на мою страницу без пароля;2000000;8;43;7371;1;1;10;10;commercial;1
какие налоги выплаты и обязательные платежи оказывают влияние на себестоимость продукции;723000;11;88;3;1;1;10;10;commercial;1
что входит в анализ рынка в бизнес плане;2000000;8;40;7;1;1;10;10;commercial;1
роль бизнес плана для предпринимателя определяется;1000000;6;50;3;1;1;10;10;commercial;1
себестоимость продаж где отражается;704000;4;35;4;1;1;10;10;commercial;15
сервис рассылки viber;949000;3;21;4;1;1;10;10;commercial;1
себестоимость проданных товаров продукции работ услуг это;1000000;7;57;4;1;1;10;10;commercial;1
сервис сокращения ссылок вконтакте;2000000;4;34;12;1;1;10;10;commercial;1
организация вебинара;531000;2;20;1511;1;1;10;10;commercial;1
техники продаж менеджера;596000;3;24;1491;1;1;10;10;commercial;1
забыли логин или пароль восстановите доступ;1000000;6;43;11;1;1;10;10;commercial;1
для чего нужен контент менеджер;1000000;5;31;14;1;1;10;10;commercial;1
управление маркетплейсами из одного кабинета;3000000;5;44;2;1;1;10;10;commercial;1
принимать участие в составлении бизнес плана;1000000;6;44;2;1;1;10;10;commercial;1
как рассчитать бизнес;718000;3;21;1370;1;1;10;10;commercial;1
вконтакте моя страница вход на мою страницу по номеру телефона без пароля и логина войти;3000000;15;88;1402;1;1;10;10;commercial;1
выплаты на бизнес;1000000;3;17;3213;1;1;10;10;commercial;1
бизнес процесса это;1000000;3;19;10458;1;1;10;10;commercial;1
матрица экран бизнеса;939000;3;21;2;1;1;10;10;commercial;1
продажа товаров это;2000000;3;19;10020;1;1;10;10;commercial;1
сток картинок высокого разрешения бесплатно;2000000;5;43;2;1;1;10;10;commercial;1
информационный лист личный кабинет;1000000;4;34;11;1;1;10;10;commercial;1
оборот в продажах;399000;3;17;2741;1;1;10;10;commercial;1
сервис genially регистрация;2000000;3;27;11;1;1;10;10;commercial;1
риски и гарантии в бизнес плане;1000000;6;31;2;1;1;10;10;commercial;1
бизнес план его назначение и содержание;43000;6;39;3;0;1;10;10;commercial;1
гугл анкета создать бесплатно онлайн на русском;2000000;7;47;10;1;1;10;10;commercial;4
переводчик с английского на русский по фото через камеру бесплатно;3000000;10;66;22993;1;1;10;10;commercial;2
лестница договоренности;109000;2;23;4;0;1;10;10;commercial;1
sms sender api;454000;3;14;3;0;1;10;10;commercial;1
программы для создания интерьера и дизайна на русском бесплатно онлайн для начинающих;2000000;12;85;4;0;1;10;10;commercial;0
как восстановить в контакте свою страницу если забыл пароль и логин;2000000;11;67;3;0;1;10;10;commercial;1
движок онлайн магазина;2000000;3;22;3;0;1;10;10;commercial;4
что представляет бизнес планирование;1000000;4;36;7;0;1;10;10;commercial;1
определить победителя розыгрыша вк бесплатно;2000000;5;44;7;0;1;10;10;commercial;1
создание 3d моделей онлайн бесплатно;4000000;5;36;8;0;1;10;10;commercial;4
создать электронную почту на яндексе новый ящик бесплатно;3000000;8;57;8;0;1;10;10;commercial;1
субъекты ресторанного бизнеса;802000;3;29;8;0;1;10;10;commercial;1
инфографика для вайлдберриз бесплатно приложение;2000000;5;48;5;0;1;10;10;commercial;1
какая себестоимость является основой цены;223000;5;41;5;0;1;10;10;commercial;1
каскадная рассылка мессенджеры;265000;3;30;5;0;1;10;10;commercial;1
что понимают под себестоимостью продукции;502000;5;41;5;0;1;10;10;commercial;1
как купить криптомонеты;642000;3;23;6;0;1;10;10;commercial;1
тип диаграммы наиболее наглядно демонстрирующий соотношение частей внутри целого;1000000;9;80;6;0;1;10;10;commercial;1
договорное объединение для ведения предпринимательской деятельности это;554000;7;71;4;0;1;10;10;commercial;1
назначение бизнес плана на предприятии;1000000;5;38;5;0;1;10;10;commercial;1
обучение фотографии бесплатно с сертификатом;2000000;5;44;6;0;1;10;10;commercial;1
магазин с партнерскими товарами;1000000;4;31;5;0;1;10;10;commercial;1
виды производственных затрат предприятия и себестоимость продукции;928000;7;66;5;0;1;10;10;commercial;17
загрузить блокировщик рекламы бесплатно;2000000;4;39;5;0;1;10;10;commercial;1
как получить государственную субсидию на открытие бизнеса;2000000;7;57;5;0;1;10;10;commercial;1
переводчик с английского через фотокамеру на русский бесплатно;2000000;8;62;1;0;1;10;10;commercial;1
регистрация на биханс;1000000;3;21;1;0;1;10;10;commercial;1
как считать средний чек в магазине;1000000;6;34;1;0;1;10;10;commercial;1
анализ рынка конкурентов пример в бизнес плане;1000000;7;46;1;0;1;10;10;commercial;1
экономические это цена покупки и цена коммерческого использования продукции;2000000;9;75;1;0;1;10;10;commercial;1
что такое гранты для малого бизнеса;1000000;6;35;1;0;1;10;10;commercial;9
что такое сезонность в бизнесе;870000;5;30;1;0;1;10;10;commercial;9
что такое торговый вид бизнеса;1000000;5;30;1;0;1;10;10;commercial;9
цена контролируется рынком если на рынке;723000;6;40;1;0;1;10;10;commercial;1
рыночная среда в которой цена контролируется рынком это;856000;8;55;1;0;1;10;10;commercial;1
анкета для выявления потребностей клиентов в банковских продуктах и услугах;62000;10;75;1;0;1;10;10;commercial;1
ssm менеджер обязанности;271000;3;24;2;0;1;10;10;commercial;1
если цена будет выше равновесной то продавцы не станут ее понижать;2000000;11;66;1;0;1;10;10;commercial;1
hh тест на профориентацию бесплатно онлайн;3000000;6;42;1;0;1;10;10;commercial;4
гранд от центра занятости на развитие бизнеса;5000;7;45;2;0;1;10;10;commercial;1
рандомайзер по ссылке инстаграм бесплатно;1000000;5;41;2;0;1;10;10;commercial;1
аналог ccleaner для windows 10 на русском бесплатно;3000000;8;51;2;0;1;10;10;commercial;1
приложение для фотографий на андроид лучшее обработки бесплатно;3000000;8;63;2;0;1;10;10;commercial;1
имя почтового сервиса;231000;3;21;78;0;1;10;10;commercial;1
сервисы для телеграмм каналов;11000;4;29;80;0;1;10;10;commercial;1
преобразователь текста в голос бесплатно;2000000;5;40;131;0;1;10;10;commercial;1
менеджер отдела рекламы;2000000;3;23;102;0;1;10;10;commercial;1
перечислите разделы бизнес плана;1000000;4;32;105;0;1;10;10;commercial;1
сервис онлайн библиотека;2000000;3;24;104;0;1;10;10;commercial;4
сервис опросов онлайн бесплатно;2000000;4;31;104;0;1;10;10;commercial;4
себестоимость бывает;130000;2;20;121;0;1;10;10;commercial;1
способы государства поддержки бизнеса;1000000;4;37;46;0;1;10;10;commercial;1
сделать аватарку бесплатно самому;2000000;4;33;44;0;1;10;10;commercial;11
дать рекламу в интернете бесплатно;3000000;5;34;43;0;1;10;10;commercial;1
кредиты для бизнеса с нуля от государства;2000000;7;41;47;0;1;10;10;commercial;1
сервисы для ип бесплатно;2000000;4;24;68;0;1;10;10;commercial;1
прибыль через себестоимость;71000;3;27;67;0;1;10;10;commercial;1
что такое почтовые сервисы;942000;4;26;72;0;1;10;10;commercial;9
демографическая среда это;2000000;3;25;69;0;1;10;10;commercial;1
анализ сайтов конкурентов бесплатно;2000000;4;35;62;0;1;10;10;commercial;1
бизнес модель производителя;1000000;3;27;60;0;1;10;10;commercial;1
чат бот сервисы;1000000;3;15;939;0;1;10;10;commercial;1
цеховая себестоимость производственной себестоимости;102000;4;52;469;0;1;10;10;commercial;1
создать новую почту на яндексе регистрация;3000000;6;42;426;0;1;10;10;commercial;1
проект интернет магазина;2000000;3;24;524;0;1;10;10;commercial;1
бизнес модели компаний;1000000;3;22;2220;0;1;10;10;commercial;1
сервис публикаций;976000;2;17;2147;0;1;10;10;commercial;1
себестоимость прибыли;111000;2;21;7246;0;1;10;10;commercial;1
спрос и цена на товар;1000000;5;21;5739;0;1;10;10;commercial;1
почта яндекс регистрация почтового ящика новый;3000000;6;46;3879;0;1;10;10;commercial;1
моя страница вконтакте без пароля и логина бесплатно;3000000;8;52;4261;0;1;10;10;commercial;1
вход в контакт на мою страницу без пароля войти;3000000;9;47;7355;0;1;10;10;commercial;1
сервис в бизнесе;1000000;3;16;3965;0;1;10;10;commercial;1
анонимный просмотр инстаграм бесплатно;2000000;4;38;4655;0;1;10;10;commercial;1
инстаграм истории анонимно без регистрации бесплатно;2000000;6;52;3827;0;1;10;10;commercial;1
сайт для бесплатной рекламы;2000000;4;27;1307;0;1;10;10;commercial;1
электронную почту яндекс регистрация;1000000;4;36;1863;0;1;10;10;commercial;1
контент менеджеры это;3000000;3;21;1472;0;1;10;10;commercial;1
войти в вк на свою страницу без пароля и логина бесплатно;3000000;11;57;195;0;1;10;10;commercial;1
гугл таблица для бизнеса;2000000;4;24;198;0;1;10;10;commercial;1
для чего нужны crm;768000;4;18;218;0;1;10;10;commercial;1
скрипт возражений в продажах;660000;4;28;218;0;1;10;10;commercial;1
схема создания бизнеса;1000000;3;22;221;0;1;10;10;commercial;1
сервис ботов в телеграм;2000000;4;23;223;0;1;10;10;commercial;1
приложения для дизайнера бесплатно;2000000;4;34;161;0;1;10;10;commercial;1
фактическая себестоимость отражает;120000;3;34;161;0;1;10;10;commercial;1
бизнес стратегия развитие рынка;1000000;4;31;162;0;1;10;10;commercial;1
модели бизнес объектов;1000000;3;22;148;0;1;10;10;commercial;1
смотреть истории инстаграм анонимно инстаграм без регистрации бесплатно онлайн в хорошем качестве;3000000;12;97;413;0;1;10;10;commercial;4
основа бизнес плана;658000;3;19;403;0;1;10;10;commercial;1
короткая ссылка сервис;1000000;3;22;368;0;1;10;10;commercial;1
ресурсы онлайн сервисов;2000000;3;23;380;0;1;10;10;commercial;4
конкуренты в бизнес плане;952000;4;25;251;0;1;10;10;commercial;1
краткосрочный бизнес план;1000000;3;25;256;0;1;10;10;commercial;1
автоматическая рассылка резюме;264000;3;30;12;0;1;10;10;commercial;1
сделать чат бота в телеграм бесплатно;2000000;6;37;18;0;1;10;10;commercial;1
file менеджер для андроид;557000;4;25;15;0;1;10;10;commercial;1
редактировать фото портрет онлайн бесплатно;3000000;5;43;10;0;1;10;10;commercial;4
самые лучшие файловые менеджеры для андроид;2000000;6;43;10;0;1;10;10;commercial;1
фотошоп ретушь онлайн на русском бесплатно;2000000;6;42;10;0;1;10;10;commercial;4
спрос предложение равновесная цена план;1000000;5;39;10;0;1;10;10;commercial;1
как определить нишу для бизнеса;1000000;5;31;9;0;1;10;10;commercial;1
sms рассылка через интернет;787000;4;27;11;0;1;10;10;commercial;1
бизнес этикет это;2000000;3;17;11;0;1;10;10;commercial;1
электронные заказные письма юридическая значимость;611000;5;50;12;0;1;10;10;commercial;10
сетевой файловый менеджер андроид;354000;4;33;12;0;1;10;10;commercial;1
как формируется цена на продукцию;454000;5;33;11;0;1;10;10;commercial;1
логин для почты майл ру;2000000;5;23;11;0;1;10;10;commercial;1
сервис записи телефонных разговоров;2000000;4;35;11;0;1;10;10;commercial;1
финансовая помощь на открытие бизнеса от государства;2000000;7;52;31;0;1;10;10;commercial;1
составление бизнес плана фирмы;1000000;4;30;28;0;1;10;10;commercial;1
основные элементы бизнес плана;1000000;4;30;40;0;1;10;10;commercial;1
эффект макияжа на фото онлайн бесплатно;2000000;6;39;39;0;1;10;10;commercial;4
филе менеджер;228000;2;13;41;0;1;10;10;commercial;1
бесплатные стоковые фото без регистрации бесплатно;3000000;6;50;41;0;1;10;10;commercial;1
если предложение уменьшается то равновесная цена увеличится;916000;7;59;36;0;1;10;10;commercial;1
господдержка бизнеса в россии;2000000;4;29;35;0;1;10;10;commercial;1
основные составляющие бизнес плана;2000000;4;34;35;0;1;10;10;commercial;1
сервис анонимных просмотров сторис;2000000;4;34;37;0;1;10;10;commercial;1
полная себестоимость продукции отличается от производственной себестоимости на величину;872000;9;87;37;0;1;10;10;commercial;1
вконтакте не помню пароль и логин;957000;6;33;38;0;1;10;10;commercial;1
приложение для опросов бесплатно;2000000;4;32;21;0;1;10;10;commercial;1
если равновесная цена уменьшилась то спрос на товар;845000;8;51;21;0;1;10;10;commercial;1
себестоимость продукции называется также;1000000;4;40;22;0;1;10;10;commercial;1
чистки фото бесплатно;2000000;3;21;21;0;1;10;10;commercial;2
для чего нужна регистрация в интернете;2000000;6;38;21;0;1;10;10;commercial;1
генератор чисел для розыгрыша в инстаграм бесплатно;2000000;7;51;18;0;1;10;10;commercial;1
лайф бизнес коучинг;942000;3;19;19;0;1;10;10;commercial;1
способы масштабирования бизнеса;1000000;3;31;19;0;1;10;10;commercial;1
в рыночных условиях цена формируется под влиянием;1000000;7;49;19;0;1;10;10;commercial;1
mind map создать бесплатно;2000000;4;26;19;0;1;10;10;commercial;1
переводчик с французского на русский по фото с телефона бесплатно;3000000;10;65;26;0;1;10;10;commercial;2
социально сетевой сервис это;2000000;4;28;26;0;1;10;10;commercial;1
конструктор онлайн магазина бесплатно;2000000;4;37;27;0;1;10;10;commercial;4
автоматическая рассылка sms;393000;3;27;24;0;1;10;10;commercial;1
как войти в свой вконтакте если забыл пароль и логин;2000000;10;52;24;0;1;10;10;commercial;1
бизнес процесс;1000000;2;14;104840;1574;1;11;11;commercial;1
телеграм премиум как купить;1000000;4;27;5927;714;1;11;11;commercial;1
яндекс почта регистрация создать новый;2000000;5;38;6449;492;1;11;11;commercial;1
рутуб регистрация;2000000;2;17;64174;460;1;11;11;commercial;1
финансовая грамотность обучение онлайн бесплатно;2000000;5;48;659;444;1;11;11;commercial;4
смм менеджер что это такое;1000000;5;26;463;432;1;11;11;commercial;16
менеджер по работе с маркетплейсами;2000000;5;35;2248;394;1;11;11;commercial;1
отработка возражений в продажах;363000;4;31;1057;361;1;11;11;commercial;1
контакт моя страница вход на мою страницу в контакте без логина и пароля;2000000;13;72;9860;288;1;11;11;commercial;1
менеджер по продажам это кто;1000000;5;28;575;273;1;11;11;commercial;12
бизнес ангелы это;2000000;3;17;500;264;1;11;11;commercial;18
моя электронная почта показать на экране телефона по номеру телефона бесплатно без регистрации найти;3000000;14;100;209;206;1;11;11;commercial;1
бизнес модели;1000000;2;13;31863;192;1;11;11;commercial;1
нда договор;262000;2;11;554;182;1;11;11;commercial;1
проект менеджер это;3000000;3;19;2545;181;1;11;11;commercial;1
моя страница вконтакте вход прямо на страницу без пароля и логина вход;2000000;12;70;1109;169;1;11;11;commercial;1
как получить деньги на развитие бизнеса;2000000;6;39;1967;171;1;11;11;commercial;1
моржа или маржа в бизнесе;844000;5;25;192;163;1;11;11;commercial;1
составление бизнес плана для малого бизнеса;2000000;6;43;245;156;1;11;11;commercial;1
создать опрос гугл форма бесплатно онлайн;3000000;6;41;234;158;1;11;11;commercial;4
лучшие книги по бизнесу;2000000;4;23;671;133;1;11;11;commercial;1
что такое себестоимость продукции;183000;4;33;368;128;1;11;11;commercial;9
как отправить заказное письмо с уведомлением;1000000;6;44;1511;120;1;11;11;commercial;1
что такое ниша в бизнесе;782000;5;24;186;124;1;11;11;commercial;9
себестоимость или себистоимость;17000;3;31;238;122;1;11;11;commercial;1
как сделать личный кабинет;1000000;4;26;17371;119;1;11;11;commercial;11
что такое дисконт магазин;588000;4;25;187;110;1;11;11;commercial;9
оплата инвойс;885000;2;13;8128;105;1;11;11;commercial;1
аутлук почта войти в рабочую почту;2000000;6;34;435;97;1;11;11;commercial;1
яндекс почта создать новую электронную почту на яндексе бесплатно на телефоне андроид бесплатно;2000000;13;95;208;94;1;11;11;commercial;1
криптовалюта с нуля обучение бесплатно для чайников;2000000;7;51;96;90;1;11;11;commercial;1
бренд менеджер что делает;883000;4;25;146;82;1;11;11;commercial;1
техника продаж менеджера по продажам;697000;5;36;1132;80;1;11;11;commercial;1
задачи менеджера по продажам;646000;4;28;832;77;1;11;11;commercial;1
магазин дисконт что это;608000;4;23;166;71;1;11;11;commercial;16
демонстрация экрана в телеграмме;1000000;4;32;2213;69;1;11;11;commercial;1
что такое розничная продажа;386000;4;27;255;68;1;11;11;commercial;9
как отправить заказное письмо через приложение почта россии;2000000;8;59;110;66;1;11;11;commercial;1
стриминговый сервис что это;899000;4;27;194;66;1;11;11;commercial;16
чем занимается контент менеджер;535000;4;31;540;66;1;11;11;commercial;1
менеджер проектов чем занимается;1000000;4;32;401;66;1;11;11;commercial;1
дисконт магазин что это;544000;4;23;160;65;1;11;11;commercial;16
бизнес модель это что;2000000;4;21;389;63;1;11;11;commercial;1
менеджер проектов профессия;787000;3;27;533;63;1;11;11;commercial;1
кто такой бизнес ангел;759000;4;22;150;64;1;11;11;commercial;12
как легально купить криптовалюту в россии;2000000;6;41;110;60;1;11;11;commercial;1
создать интернет магазин самостоятельно;1000000;4;39;398;59;1;11;11;commercial;1
изучать английский бесплатно;2000000;3;28;2172;60;1;11;11;commercial;1
создать электронную почту яндекс зарегистрироваться бесплатно с телефона;2000000;8;72;386;59;1;11;11;commercial;1
как купить премиум в телеграмме;2000000;5;31;1425;58;1;11;11;commercial;1
создать электронную почту яндекс регистрация;2000000;5;44;976;55;1;11;11;commercial;1
кп это что в продажах;2000000;5;21;74;52;1;11;11;commercial;1
как войти в аккаунт вк если нет доступа к номеру телефона;3000000;11;57;102;51;1;11;11;commercial;1
основы продаж менеджера по продажам;655000;5;35;187;51;1;11;11;commercial;1
создать новый почтовый ящик на яндексе бесплатно регистрация;3000000;8;60;115;51;1;11;11;commercial;1
бизнес аккаунт телеграмм как создать;10000;5;36;292;50;1;11;11;commercial;1
создать телеграм бота бесплатно;2000000;4;31;771;49;1;11;11;commercial;1
вконтакте вход на страницу на мою без пароля и логина;2000000;10;53;10123;46;1;11;11;commercial;1
интернет маркетолог обучение бесплатно с нуля;2000000;6;45;55;46;1;11;11;commercial;1
бизнес план как делать;2000000;4;22;226;45;1;11;11;commercial;1
зайти вконтакте на свою страничку по номеру телефона без пароля и логина;2000000;12;72;44;44;1;11;11;commercial;1
яндекс почта регистрация создать новый почтовый ящик бесплатно по номеру;3000000;10;72;243;43;1;11;11;commercial;1
как установить запрет на выдачу кредита без личного участия в госуслугах;1000000;11;72;44;44;1;11;11;commercial;1
зарегистрировать новый почтовый ящик на яндексе бесплатно;3000000;7;57;43;43;1;11;11;commercial;1
гостиничный и ресторанный бизнес;1000000;4;32;2162;43;1;11;11;commercial;1
как в договоре указывать самозанятого правильно;790000;6;47;125;43;1;11;11;commercial;1
кто такие бизнес ангелы;378000;4;23;150;42;1;11;11;commercial;12
как безопасно купить криптовалюту;1000000;4;33;178;42;1;11;11;commercial;1
нативная интеграция что это;5000;4;27;122;42;1;11;11;commercial;16
как купить криптовалюта;609000;3;23;7414;41;1;11;11;commercial;1
заказать рассылку;851000;2;17;927;40;1;11;11;commercial;1
обязанности бренд менеджера;363000;3;27;234;40;1;11;11;commercial;1
sla что это в продажах;655000;5;22;40;36;1;11;11;commercial;16
программа для анимации на пк бесплатно;2000000;6;38;728;37;1;11;11;commercial;1
создать группу в вк для бизнеса;2000000;6;31;163;36;1;11;11;commercial;1
почта на яндекс регистрация;2000000;4;27;3091;35;1;11;11;commercial;1
что такое кросс продажа;553000;4;23;362;34;1;11;11;commercial;9
корпоративный цвет;496000;2;18;2317;33;1;11;11;commercial;1
где найти файловый менеджер на андроиде;2000000;6;39;45;33;1;11;11;commercial;15
скрипт это в продажах;2000000;4;21;162;33;1;11;11;commercial;1
создать почту gmail com регистрация бесплатно в телефоне на русском;236000;10;67;186;32;1;11;11;commercial;13
как войти в свой телеграмм с другого телефона;3000000;8;45;87;31;1;11;11;commercial;1
как отправить электронное заказное письмо;1000000;5;41;447;31;1;11;11;commercial;1
сколько стоит заказное письмо с уведомлением о вручении;849000;8;55;112;30;1;11;11;commercial;1
добавить организацию в 2 гис бесплатно;3000000;6;38;167;30;1;11;11;commercial;1
сайты по изучению английского языка бесплатно онлайн;3000000;7;52;42;29;1;11;11;commercial;4
crm и erp системы разница;874000;5;25;31;29;1;11;11;commercial;1
сервисы электронного документооборота;2000000;3;37;782;29;1;11;11;commercial;1
логин в яндексе пример;820000;4;22;83;29;1;11;11;commercial;1
себестоимость что входит;1000000;3;24;1123;27;1;11;11;commercial;1
как купить виртуальную симку;658000;4;28;96;27;1;11;11;commercial;1
автовебинар геткурс;5000;2;19;90;27;1;11;11;commercial;1
дисконтный магазин;1000000;2;18;4280;27;1;11;11;commercial;1
как в вк открыть магазин;2000000;5;24;76;26;1;11;11;commercial;1
договор оферты или оферта;430000;4;25;1617;26;1;11;11;commercial;1
профессия проджект менеджер;286000;3;27;144;26;1;11;11;commercial;1
как войти в телеграмм если пишет слишком много попыток;3000000;9;54;78;26;1;11;11;commercial;1
оферта или оферта как;282000;4;21;811;26;1;11;11;commercial;1
как отправить заказное письмо от организации по почте россии;2000000;9;60;33;26;1;11;11;commercial;1
как отправить документы заказным письмом по почте;1000000;7;49;182;26;1;11;11;commercial;1
ndi что это договор;313000;4;19;28;26;1;11;11;commercial;16
создать почту в яндексе регистрация бесплатно новую;2000000;7;51;99;25;1;11;11;commercial;1
контент менеджер сайта;3000000;3;22;301;25;1;11;11;commercial;1
как найти файловый менеджер на андроиде;1000000;6;39;34;24;1;11;11;commercial;1
как начать бизнес на маркетплейсах;2000000;5;34;104;24;1;11;11;commercial;1
электронная почта моя показать на экране телефона по номеру телефона бесплатно без регистрации войти;2000000;14;100;24;24;1;11;11;commercial;1
флагманский магазин что это;474000;4;27;167;23;1;11;11;commercial;16
outlook как войти в рабочую почту;2000000;6;33;123;24;1;11;11;commercial;1
флагманский магазин это что;2000000;4;27;167;23;1;11;11;commercial;1
как изучить рынок для бизнеса;944000;5;29;42;23;1;11;11;commercial;1
как называются люди которые вкладывают деньги в чужой бизнес;1000000;9;60;41;23;1;11;11;commercial;1
как подтвердить права на компанию в яндекс бизнес;2000000;8;49;28;23;1;11;11;commercial;1
кто такой проджект менеджер и чем он занимается;419000;8;47;24;23;1;11;11;commercial;12
как оформить бизнес план;1000000;4;24;195;23;1;11;11;commercial;1
создать почту gmail com зарегистрироваться бесплатно сейчас на телефоне;4000000;9;71;195;23;1;11;11;commercial;13
что делает менеджер проекта;1000000;4;27;352;22;1;11;11;commercial;1
приложения для графического дизайна на компьютер бесплатно;2000000;7;58;39;22;1;11;11;commercial;1
слово распродажа;1000000;2;16;665;22;1;11;11;commercial;1
как добавить магазин в 2 гис;3000000;6;28;35;22;1;11;11;commercial;1
приложение для дизайна дома бесплатно;3000000;5;37;132;22;1;11;11;commercial;1
менеджер маркетплейса это;2000000;3;25;2091;22;1;11;11;commercial;1
учим английский бесплатно;2000000;3;25;6135;21;1;11;11;commercial;1
ангелы бизнеса;893000;2;14;3413;21;1;11;11;commercial;1
аферта или оферта что;325000;4;21;757;21;1;11;11;commercial;1
как составлять бизнес план для малого бизнеса;1000000;7;45;1032;21;1;11;11;commercial;1
задачи бренд менеджера;538000;3;22;82;21;1;11;11;commercial;1
как войти в вк если не помнишь пароль;3000000;8;37;190;21;1;11;11;commercial;1
копировать с ютуба бесплатно;2000000;4;28;21;20;1;11;11;commercial;1
создать электронную почту яндекс регистрация бесплатно;3000000;6;54;707;20;1;11;11;commercial;1
какую нишу выбрать для бизнеса;1000000;5;30;135;20;1;11;11;commercial;1
если рыночная цена товара оказывается ниже равновесной то возникает;1000000;9;67;52;20;1;11;11;commercial;14
что такое премиум подписка в телеграмм;1000000;6;38;45;19;1;11;11;commercial;9
как отправить заказное письмо по почте с уведомлением о вручении;1000000;10;64;180;19;1;11;11;commercial;1
бизнес процессы предприятия;1000000;3;27;3120;19;1;11;11;commercial;1
как создать бизнес проект;2000000;4;25;189;18;1;11;11;commercial;1
себестоимость как сократить слово;3000;4;33;22;18;1;11;11;commercial;1
какие документы нужны для оформления договора с самозанятым;2000000;8;59;60;18;1;11;11;commercial;1
как открыть свой магазин на маркетплейсе;1000000;6;40;39;17;1;11;11;commercial;1
если увеличится спрос то равновесная цена;579000;6;41;155;17;1;11;11;commercial;1
как зайти на старую страницу в вк если забыл пароль и логин и телефон;2000000;14;69;17;17;1;11;11;commercial;1
что такое стартап в бизнесе;732000;5;27;76;17;1;11;11;commercial;9
оплата донейшен;1000000;2;15;109;16;1;11;11;commercial;1
сервисы для онлайн обучения;2000000;4;27;275;16;1;11;11;commercial;4
как правильно писать бизнес план;1000000;5;32;42;16;1;11;11;commercial;1
почта яндекс регистрация создать новый ящик бесплатно без телефона почтовый ящик на яндексе;3000000;13;91;19;16;1;11;11;commercial;1
вконтакте как восстановить страницу если забыл пароль и логин;2000000;9;61;38;16;1;11;11;commercial;1
как узнать свой номер электронной почты на телефоне если забыл пароль и логин;2000000;13;77;26;16;1;11;11;commercial;1
себестоимость отдельного вида продукции работ услуг;1000000;6;51;88;16;1;11;11;commercial;1
яндекс почта создать аккаунт новый регистрация бесплатно на телефон;4000000;9;67;26;16;1;11;11;commercial;1
что такое масштабирование бизнеса;809000;4;33;35;16;1;11;11;commercial;9
пример открытого вопроса в продажах;2000000;5;35;384;16;1;11;11;commercial;1
регистрация ютуб канала;2000000;3;23;988;15;1;11;11;commercial;1
публичная оферта на оказание услуг;1000000;5;34;459;15;1;11;11;commercial;1
сайты для бесплатного изучения английского языка;3000000;6;48;525;15;1;11;11;commercial;1
себестоимость изделия;139000;2;21;2453;15;1;11;11;commercial;1
создание яндекс почты регистрация;2000000;4;33;194;15;1;11;11;commercial;1
кто такой проект менеджер;760000;4;25;260;15;1;11;11;commercial;12
создание одностраничного сайта самостоятельно бесплатно с нуля;3000000;7;62;15;15;1;11;11;commercial;1
государство и бизнес;1000000;3;20;4965;15;1;11;11;commercial;1
как работает сетевой бизнес;2000000;4;27;81;15;1;11;11;commercial;1
сколько денег можно получить от государства на открытие бизнеса;2000000;9;63;58;15;1;11;11;commercial;1
что такое возражение в продажах;441000;5;31;78;15;1;11;11;commercial;9
mlm бизнес что это;782000;4;18;95;14;1;11;11;commercial;16
новый почтовый ящик на яндексе создать бесплатно;3000000;7;48;156;14;1;11;11;commercial;1
как написать бизнес план для открытия своего дела пошагово;1000000;9;58;18;14;1;11;11;commercial;1
как включить демонстрацию экрана со звуком в телеграмме;2000000;8;55;25;14;1;11;11;commercial;1
обучение презентации powerpoint бесплатно;2000000;4;41;67;14;1;11;11;commercial;1
партнер по бизнесу это;1000000;4;22;253;13;1;11;11;commercial;18
создать бота в телеграмме бесплатно на русском;3000000;7;46;245;13;1;11;11;commercial;1
единороги в бизнесе;781000;3;19;343;13;1;11;11;commercial;1
бизнес аналитик навыки;1000000;3;22;316;13;1;11;11;commercial;1
с чего начинается продажа;982000;4;25;216;13;1;11;11;commercial;1
как купить и продать биткоин в россии;2000000;7;37;15;13;1;11;11;commercial;1
нейросеть обучение бесплатно;2000000;3;28;3697;13;1;11;11;commercial;1
бизнес этикет;804000;2;13;571;13;1;11;11;commercial;1
что делает бизнес аналитик кратко;1000000;5;33;15;13;1;11;11;commercial;1
минимальная цена по которой продавцы еще согласны предложить на рынке данное количество товара это;2000000;14;98;26;13;1;11;11;commercial;14
можно ли изменить логин почты mail;2000000;6;34;14;13;1;11;11;commercial;1
как отвечать на возражения клиентов в продажах;972000;7;46;18;12;1;11;11;commercial;1
как называется посредник между банком и магазином;4000;7;49;19;12;1;11;11;commercial;1
что такое оферта на заключение договора;534000;6;39;19;12;1;11;11;commercial;9
как считается средний чек в продажах;668000;6;36;25;12;1;11;11;commercial;1
как оформить заказное письмо с уведомлением;600000;6;43;167;12;1;11;11;commercial;1
видео про бизнес;3000000;3;16;655;12;1;11;11;commercial;19
демонстрация товара;487000;2;19;915;12;1;11;11;commercial;14
навыки бренд менеджера;392000;3;22;37;12;1;11;11;commercial;1
менеджер по развитию партнерской сети;940000;5;37;35;12;1;11;11;commercial;1
заказчик всегда прав;2000000;3;20;89;12;1;11;11;commercial;1
как войти в вк если не помнишь номер телефона;3000000;9;45;58;12;1;11;11;commercial;1
проджект менеджер как пишется;321000;4;29;22;11;1;11;11;commercial;1
как создать логин для электронной почты;1000000;6;39;35;11;1;11;11;commercial;1
электронная почта яндекс создать почтовый ящик регистрация с телефона;2000000;9;69;57;11;1;11;11;commercial;1
фишинговая рассылка что это;102000;4;27;51;11;1;11;11;commercial;16
разделы бизнес плана включают;1000000;4;29;292;11;1;11;11;commercial;1
самозанятый реквизиты для договора;1000000;4;34;319;11;1;11;11;commercial;1
оферта о заключении договора;586000;4;28;453;11;1;11;11;commercial;1
как безопасно купить криптовалюту в россии;2000000;6;42;85;11;1;11;11;commercial;1
для чего нужно составлять бизнес план;1000000;6;37;25;10;1;11;11;commercial;1
как считается себестоимость продаж;595000;4;34;27;10;1;11;11;commercial;1
интеграция в маркетинге это;203000;4;27;30;10;1;11;11;commercial;1
как создать сайт для интернет магазина;2000000;6;38;61;10;1;11;11;commercial;1
бизнес аналитик требования к кандидату;2000000;5;38;14;10;1;11;11;commercial;1
что необходимо бизнесу чтобы пользоваться e commerce платформой в вконтакте;2000000;10;75;13;10;1;11;11;commercial;1
равновесная цена и спрос;1000000;4;24;4054;10;1;11;11;commercial;1
план составления бизнес плана;1000000;4;29;4225;10;1;11;11;commercial;1
сделать лэндинг самостоятельно бесплатно;1000000;4;40;16;9;1;11;11;commercial;11
бизнес описание;858000;2;15;12137;9;1;11;11;commercial;1
яндекс почта создать новую электронную почту на яндексе бесплатно без регистрации бесплатно;3000000;12;91;39;9;1;11;11;commercial;1
ммс менеджер кто;881000;3;16;39;9;1;11;11;commercial;12
затраты составляющие производственную себестоимость;390000;4;51;95;9;1;11;11;commercial;1
как на почте отправить заказное письмо с уведомлением;1000000;8;53;56;9;1;11;11;commercial;1
тотальная распродажа это;2000000;3;24;22;9;1;11;11;commercial;18
консультационная услуга;429000;2;23;20265;9;1;11;11;commercial;1
как перевести инстаграм в бизнес аккаунт;1000000;6;40;277;9;1;11;11;commercial;1
как восстановить вконтакте свою страницу по номеру телефона без пароля и логина бесплатно на андроид;3000000;15;100;9;9;1;11;11;commercial;1
создание сайта бесплатно тильда;3000000;4;31;178;9;1;11;11;commercial;1
чем отличается бренд менеджер от маркетолога;384000;6;44;25;9;1;11;11;commercial;1
менеджер категории;1000000;2;18;1512;9;1;11;11;commercial;1
пункты бизнес плана;1000000;3;19;732;9;1;11;11;commercial;1
что такое cross sell в продажах;495000;6;31;10;8;1;11;11;commercial;9
как заполнить бизнес план;1000000;4;25;176;8;1;11;11;commercial;1
как войти на старый аккаунт в вк;3000000;7;32;54;8;1;11;11;commercial;1
менеджер по продвижению это;283000;4;27;68;8;1;11;11;commercial;1
бизнес ангелы и инвесторы;872000;4;25;89;8;1;11;11;commercial;1
как зайти в контакт если забыл пароль и логин;2000000;9;45;62;8;1;11;11;commercial;1
что такое основной бизнес процесс;1000000;5;33;41;8;1;11;11;commercial;9
оферта в гражданском праве;1000000;4;26;122;8;1;11;11;commercial;1
как создать логин в яндекс почте;1000000;6;32;19;8;1;11;11;commercial;1
менеджер по продвижению продукта;1000000;4;32;99;8;1;11;11;commercial;1
предложение лица направленное в письменной форме другому лицу с целью заключения договора называется;2000000;13;100;33;8;1;11;11;commercial;1
психотипы в продажах;471000;3;20;142;7;1;11;11;commercial;1
выберите из списка пример перелинковки для страницы интернет магазина;2000000;9;69;18;7;1;11;11;commercial;1
себестоимость и затраты в чем разница;179000;6;37;12;7;1;11;11;commercial;1
создать бот в телеграмме бесплатно;2000000;5;34;2888;7;1;11;11;commercial;1
сетевой бизнес что;2000000;3;18;732;7;1;11;11;commercial;1
договор первичный документ или нет;554000;5;34;83;7;1;11;11;commercial;1
контент менеджер кто и чем занимается;1000000;6;37;445;7;1;11;11;commercial;12
типы бизнес моделей;1000000;3;19;642;7;1;11;11;commercial;1
розничная продажа товаров;900000;3;25;5337;7;1;11;11;commercial;1
регистрация в яндекс директе;2000000;4;28;134;7;1;11;11;commercial;1
категоричный менеджер;149000;2;21;29;7;1;11;11;commercial;1
как отправить заказным письмом;635000;4;30;8410;7;1;11;11;commercial;1
войти на старую страницу в контакте;2000000;6;35;33;7;1;11;11;commercial;1
что должна содержать оферта;953000;4;27;49;7;1;11;11;commercial;1
что значит оплата по договору;853000;5;29;254;6;1;11;11;commercial;1
почта создать почтовый ящик на яндексе бесплатно с телефона;3000000;9;59;78;6;1;11;11;commercial;1
себестоимость кратко;134000;2;20;224;6;1;11;11;commercial;1
яндекс почта создать почтовый ящик бесплатно россия регистрация на русском языке на телефон андроид;3000000;14;99;28;6;1;11;11;commercial;1
корпоративный пиар;99000;2;18;66;6;1;11;11;commercial;1
оферта должна содержать существенные условия договора;2000000;6;53;45;6;1;11;11;commercial;1
как оформить инстаграм для бизнеса;1000000;5;34;125;6;1;11;11;commercial;1
качества бизнес аналитика;2000000;3;25;113;6;1;11;11;commercial;1
что нужно для бизнес плана;1000000;5;26;449;6;1;11;11;commercial;1
что значит магазин флагман;660000;4;26;7;6;1;11;11;commercial;1
сколько стоит заказное письмо с уведомлением о вручении в почте россии;2000000;11;70;13;6;1;11;11;commercial;1
crm и маркетинг;280000;3;15;396;6;1;11;11;commercial;1
как войти в режим инкогнито на планшете;2000000;7;39;11;6;1;11;11;commercial;1
себестоимость статьи затрат;661000;3;27;814;6;1;11;11;commercial;1
сбп комиссия для бизнеса;2000000;4;24;77;6;1;11;11;commercial;1
что такое цеховая себестоимость;13000;4;31;8;6;1;11;11;commercial;9
модели облачных сервисов;1000000;3;24;134;5;1;11;11;commercial;1
что такое жесткий дискаунтер магазин;1000000;5;36;6;5;1;11;11;commercial;9
создать новую почту в яндексе бесплатно;3000000;6;39;159;5;1;11;11;commercial;1
регистрация в outlook;1000000;3;21;81;5;1;11;11;commercial;1
как выполнить план по продажам;525000;5;30;99;5;1;11;11;commercial;1
консалтинг как форма бизнеса;970000;4;28;5;5;1;11;11;commercial;1
если растет спрос то цена;943000;5;25;155;5;1;11;11;commercial;1
как определиться с нишей для бизнеса;772000;6;36;5;5;1;11;11;commercial;1
crm marketing это;2000000;3;17;21;5;1;11;11;commercial;1
как правильно вести инстаграм для бизнеса;1000000;6;41;12;5;1;11;11;commercial;1
способы господдержки бизнеса;1000000;3;28;15;5;1;11;11;commercial;1
под полной фактической себестоимостью продукции понимают;996000;6;56;12;5;1;11;11;commercial;1
директор по продажам аббревиатура;533000;4;33;26;4;1;11;11;commercial;1
как получать заказные письма в электронном виде;2000000;7;47;43;4;1;11;11;commercial;10
что означает push уведомления;390000;4;29;18;4;1;11;11;commercial;1
издержки предприятия и себестоимость его продукции;414000;6;50;21;4;1;11;11;commercial;1
основные виды бизнес планов;2000000;4;27;75;4;1;11;11;commercial;17
сколько дают на открытие малого бизнеса;2000000;6;39;101;4;1;11;11;commercial;1
как правильно создать логин и пароль для электронной почты;991000;9;58;5;4;1;11;11;commercial;1
из чего формируется цена на товар;776000;6;33;8;4;1;11;11;commercial;1
облако на 30 гб бесплатно;2000000;5;25;10;4;1;11;11;commercial;1
виды консалтинга для бизнеса;1000000;4;28;11;4;1;11;11;commercial;17
электронная почта яндекс регистрация создать с телефона бесплатно;3000000;8;65;106;3;1;11;11;commercial;1
как войти в аккаунт вк без пароля;2000000;7;33;98;3;1;11;11;commercial;1
как выбрать crm систему;1000000;4;23;38;3;1;11;11;commercial;1
как изменится равновесная цена если спрос уменьшится;673000;7;52;62;3;1;11;11;commercial;1
нужно ли возвращать грант на развитие бизнеса;1000000;7;45;18;3;1;11;11;commercial;1
контент менеджер что это такое;1000000;5;30;28;3;1;11;11;commercial;16
как правильно создать бизнес план;2000000;5;33;30;3;1;11;11;commercial;1
моя электронная почта показать на телефоне бесплатно без регистрации по номеру телефона;3000000;12;87;319;3;1;11;11;commercial;1
план продаж для менеджеров;733000;4;26;369;3;1;11;11;commercial;1
задачи бизнес проекта;2000000;3;21;1112;3;1;11;11;commercial;1
средний чек в магазине;783000;4;22;1022;3;1;11;11;commercial;1
бизнес план фирмы;1000000;3;17;901;3;1;11;11;commercial;1
зачем нужна автоматизация;745000;3;25;108;3;1;11;11;commercial;1
электронная почта создать новую на яндекс почту с телефона бесплатно;2000000;10;68;110;3;1;11;11;commercial;1
рекомендательные сервисы;1000000;2;24;1694;3;1;11;11;commercial;1
оферта по гк;804000;3;12;135;3;1;11;11;commercial;1
как оплатить на зарубежном сайте;2000000;5;32;147;3;1;11;11;commercial;1
оферта деген не;2000000;3;15;3;3;1;11;11;commercial;1
о какой бизнес модели идет речь товары роскоши чем выше цена тем интереснее товар покупателю;2000000;15;92;4;3;1;11;11;commercial;1
как отправить заказное письмо в суд по почте с уведомлением о вручении;1000000;12;70;4;3;1;11;11;commercial;1
как передавать звук в телеграмме в демонстрации;1000000;7;47;14;3;1;11;11;commercial;1
понятие оферта;311000;2;14;135;2;1;11;11;commercial;1
яндекс почта регистрация создать ящик;2000000;5;37;4682;2;1;11;11;commercial;1
как войти инкогнито в яндекс на андроиде;2000000;7;40;17;2;1;11;11;commercial;1
как делать бизнес проект;1000000;4;24;28;2;1;11;11;commercial;1
регистрация организации в гугл картах;2000000;5;37;2;2;1;11;11;commercial;1
менеджер маркетплейсов кто;898000;3;26;1034;2;1;11;11;commercial;12
что такое кейсы в продажах;508000;5;26;31;2;1;11;11;commercial;9
бизнес сообщество в вк что это;2000000;6;30;8;2;1;11;11;commercial;16
xmind онлайн бесплатно на русском;2000000;5;33;4;2;1;11;11;commercial;4
гугл форма создать анкету бесплатно;2000000;5;35;48;2;1;11;11;commercial;1
как называется человек который расставляет продукты в магазине;2000000;8;62;5;2;1;11;11;commercial;8
фактическая себестоимость выпущенной продукции;208000;4;46;266;2;1;11;11;commercial;1
как раскрутить интернет магазин одежды;963000;5;38;5;2;1;11;11;commercial;1
чем отличается полная себестоимость от производственной себестоимости;828000;7;69;10;2;1;11;11;commercial;1
субсидии для малого бизнеса это;2000000;5;31;27;2;1;11;11;commercial;1
менеджер маркетплейсов что делают;651000;4;33;852;2;1;11;11;commercial;1
лвр в продажах что это такое;1000000;6;28;2;2;1;11;11;commercial;16
суть бизнес плана;2000000;3;17;2436;2;1;11;11;commercial;1
в каком разделе бизнес плана будет представлена стратегия продвижения продукции компании;2000000;11;88;2;2;1;11;11;commercial;1
себестоимость единицы;70000;2;21;3512;2;1;11;11;commercial;1
как найти цеховую себестоимость;1000000;4;31;2;2;1;11;11;commercial;1
создать свою электронную почту бесплатно;2000000;5;40;117;2;1;11;11;commercial;1
ценностные предложения в бизнес модели;1000000;5;38;74;2;1;11;11;commercial;1
как правило бизнес модель опирается на настоящее и охватывает;2000000;9;61;2;2;1;11;11;commercial;1
маркетинговый план для бизнес плана;787000;5;35;135;2;1;11;11;commercial;1
создать ютуб канал бесплатно на компьютер;3000000;6;41;3;2;1;11;11;commercial;1
что относится к бизнес процессам;1000000;5;32;229;2;1;11;11;commercial;1
основные виды бизнес процессов;1000000;4;30;119;2;1;11;11;commercial;17
демонстрирует взаимосвязь между относительными ценами товаров и объемом спроса потребителя это;1000000;11;94;1;1;1;11;11;commercial;1
прямая рассылка незапрашиваемой рекламной информации по электронной почте в интернете;2000000;10;85;1;1;1;11;11;commercial;1
маркетолог бесплатное обучение с нуля;2000000;5;37;127;1;1;11;11;commercial;1
как изменяется равновесная цена при увеличении предложения;910000;7;58;7;1;1;11;11;commercial;1
для чего создается бизнес план;1000000;5;30;31;1;1;11;11;commercial;1
яндекс почта регистрация создать новый электронный адрес бесплатно на телефон;427000;10;77;25;1;1;11;11;commercial;1
характеристики бизнес процессов;1000000;3;31;481;1;1;11;11;commercial;1
основные бизнес процессы организации;813000;4;36;519;1;1;11;11;commercial;1
как сделать свой бизнес план;1000000;5;28;21;1;1;11;11;commercial;11
что входит в производственный план бизнес плана;2000000;7;47;21;1;1;11;11;commercial;1
роль бизнес плана;1000000;3;17;198;1;1;11;11;commercial;1
создание чат бота в телеграмме бесплатно;2000000;6;40;76;1;1;11;11;commercial;1
основные задачи бизнес плана;1000000;4;28;132;1;1;11;11;commercial;1
продажа по искусственно заниженным ценам;1000000;5;40;86;1;1;11;11;commercial;1
название бизнес проекта;2000000;3;23;130;1;1;11;11;commercial;1
оферта должна содержать условия договора;1000000;5;40;49;1;1;11;11;commercial;1
призыв к действию купить;996000;4;24;48;1;1;11;11;commercial;1
структура бизнес плана включает;1000000;4;31;71;1;1;11;11;commercial;1
индивидуальная себестоимость это;2000000;3;32;5;1;1;11;11;commercial;1
какие статьи затрат включаются в себестоимость;725000;6;46;7;1;1;11;11;commercial;1
бизнес планирования это;2000000;3;23;1682;1;1;11;11;commercial;1
как войти в пиксарт;2000000;4;19;13;1;1;11;11;commercial;1
части бизнес плана;952000;3;18;1175;1;1;11;11;commercial;1
дайте определение бизнес плану;2000000;4;30;14;1;1;11;11;commercial;1
создать почту на майле бесплатно;2000000;5;32;1755;1;1;11;11;commercial;1
бизнес плн;711000;2;10;8;1;1;11;11;commercial;1
бизнес процесс в организации;1000000;4;28;2814;1;1;11;11;commercial;1
классификация облачных сервисов;838000;3;31;8;1;1;11;11;commercial;1
в контакте вход без логина и пароля;2000000;7;35;11684;1;1;11;11;commercial;1
можно ли поменять логин почты gmail;1000000;6;35;2;1;1;11;11;commercial;1
социально ответственное поведение в бизнесе это;1000000;6;47;2;1;1;11;11;commercial;1
спрос на деньги как запасную стоимость изменяется следующим образом снижается возрастает;829000;11;88;4;0;1;11;11;commercial;1
напишите план работы что нужно закупить и подготовить с чего требуется начать;2000000;12;77;4;0;1;11;11;commercial;1
себестоимость виды в экономике;911000;4;30;8;0;1;11;11;commercial;17
вход в vk на мою страницу без пароля и логина;2000000;10;45;8;0;1;11;11;commercial;1
программы для создания анимации на компьютере бесплатно;2000000;7;55;5;0;1;11;11;commercial;0
как заработать в инфобизнесе;252000;4;28;5;0;1;11;11;commercial;5
как снизить себестоимость продаж;618000;4;32;1;0;1;11;11;commercial;1
что такое поисковый сервис в интернете;2000000;6;38;3;0;1;11;11;commercial;9
если рыночная цена устанавливается ниже равновесной то возникает;808000;8;64;1;0;1;11;11;commercial;1
существует ли форма бизнес плана с ответами без решений;2000000;9;55;1;0;1;11;11;commercial;1
как вернуть аккаунт в вк без номера телефона и пароля войти;3000000;11;59;3;0;1;11;11;commercial;1
стоимость используемых фирмой ресурсов в фактических ценах их приобретения;1000000;9;74;2;0;1;11;11;commercial;1
план маркетинга при разработке бизнес плана должен включать в себя;2000000;10;66;2;0;1;11;11;commercial;1
производственная себестоимость не включает в себя;385000;6;49;2;0;1;11;11;commercial;1
составление бизнес модели;1000000;3;25;132;0;1;11;11;commercial;1
договор оферы;329000;2;13;135;0;1;11;11;commercial;1
юридический план в бизнес плане;1000000;5;31;131;0;1;11;11;commercial;1
себестоимость в составе цены;920000;4;28;54;0;1;11;11;commercial;1
создать электронную почту яндекс регистрация на русском бесплатно телефоне;3000000;9;74;48;0;1;11;11;commercial;1
типы бизнес процессов в организации;1000000;5;35;54;0;1;11;11;commercial;1
расчет показателей бизнес плана;936000;4;31;73;0;1;11;11;commercial;1
сервисы облачных технологий это;1000000;4;31;59;0;1;11;11;commercial;1
совокупность бизнес процессов;1000000;3;29;630;0;1;11;11;commercial;1
бизнес план необходим;1000000;3;21;861;0;1;11;11;commercial;1
возражение клиента в продажах;575000;4;29;585;0;1;11;11;commercial;1
установить электронную почту на телефоне бесплатно;2000000;6;50;1192;0;1;11;11;commercial;1
бизнес процесс на предприятии;890000;4;29;1131;0;1;11;11;commercial;1
себестоимость функции;461000;2;21;198;0;1;11;11;commercial;1
укажите разделы бизнес плана;2000000;4;28;161;0;1;11;11;commercial;1
бизнес план фирмы это;895000;4;21;330;0;1;11;11;commercial;1
бизнес модель определение;988000;3;25;334;0;1;11;11;commercial;1
логин или электронная почта;920000;4;27;390;0;1;11;11;commercial;1
контакт вход без регистрации и пароля и логина;2000000;8;46;306;0;1;11;11;commercial;1
договор nda что;2000000;3;15;300;0;1;11;11;commercial;1
характеристика бизнес плана;1000000;3;27;269;0;1;11;11;commercial;1
корпоративная культура и социальная ответственность бизнеса;1000000;6;59;16;0;1;11;11;commercial;1
себестоимость продукции работ услуг представляет собой;2000000;6;54;18;0;1;11;11;commercial;1
как оформить телеграмм для бизнеса;6000;5;34;10;0;1;11;11;commercial;1
цена при которой объем спроса на рынке равен объему предложения;1000000;10;63;12;0;1;11;11;commercial;1
создать почту яндекс новую для себя бесплатно без регистрации бесплатно на телефон андроид;3000000;13;90;11;0;1;11;11;commercial;1
классификация интернет магазина;904000;3;31;30;0;1;11;11;commercial;1
создать свой емайл бесплатно;2000000;4;28;28;0;1;11;11;commercial;1
классификация интернет магазинов;794000;3;32;30;0;1;11;11;commercial;1
полная себестоимость продукции отличается от величины производственной себестоимости на величину;816000;10;96;37;0;1;11;11;commercial;1
производственная себестоимость отличается от полной на величину;745000;7;63;38;0;1;11;11;commercial;1
производственная себестоимость продукции включает затраты на производство и сбыт продукции;771000;10;90;23;0;1;11;11;commercial;1
что такое выгода в продажах;564000;5;27;20;0;1;11;11;commercial;9
внешняя социальная ответственность бизнеса;1000000;4;42;23;0;1;11;11;commercial;1
как создать личный кабинет;1000000;4;26;20246;653;1;12;12;commercial;1
как сделать бизнес план;2000000;4;23;1375;285;1;12;12;commercial;11
яндекс бизнес как работает;2000000;4;26;743;83;1;12;12;commercial;1
бизнес консалтинг что это;222000;4;25;206;48;1;12;12;commercial;16
как разработать бизнес план;1000000;4;27;184;45;1;12;12;commercial;1
предложение о заключении договора;589000;4;33;1258;35;1;12;12;commercial;1
как вести страницу в вк для бизнеса;2000000;7;35;59;31;1;12;12;commercial;1
регистрация почты в яндексе;2000000;4;27;1435;31;1;12;12;commercial;1
как открыть файловый менеджер на андроид;914000;6;40;62;28;1;12;12;commercial;1
как поставить метку в яндекс картах своего магазина;1000000;8;51;24;24;1;12;12;commercial;1
как посчитать стоимость клика;442000;4;29;179;20;1;12;12;commercial;1
ресторанно гостиничный бизнес;1000000;3;29;2865;20;1;12;12;commercial;1
как войти в гугл таблицы;3000000;5;24;155;19;1;12;12;commercial;1
как создается бизнес план;1000000;4;25;33;18;1;12;12;commercial;1
какая бывает себестоимость;772000;3;26;61;18;1;12;12;commercial;1
комьюнити менеджер чем занимается;353000;4;33;47;17;1;12;12;commercial;1
как войти в яндекс карты в свою организацию;2000000;8;43;28;16;1;12;12;commercial;1
как подписывать заказное письмо;351000;4;31;132;15;1;12;12;commercial;1
как отправлять заказные письма;829000;4;30;8410;13;1;12;12;commercial;10
как правильно написать бизнес план самостоятельно образец;2000000;7;57;18;12;1;12;12;commercial;1
как оформляется заказное письмо;270000;4;31;41;11;1;12;12;commercial;1
настройка телеграмм канала для бизнеса;10000;5;38;15;11;1;12;12;commercial;1
как посчитать стоимость рекламы в телеграм;2000000;6;42;19;9;1;12;12;commercial;1
регистрация почту яндекс новую;3000000;4;30;7537;9;1;12;12;commercial;1
себестоимость произведенной продукции;210000;3;37;1025;7;1;12;12;commercial;1
омниканальность в продажах;45000;3;26;40;7;1;12;12;commercial;1
как посчитать средний чек в магазине;813000;6;36;23;6;1;12;12;commercial;1
как войти в вк по номеру телефона без пароля;3000000;9;44;56;6;1;12;12;commercial;1
гугл таг менеджер что это;883000;5;25;7;5;1;12;12;commercial;16
что понимается под себестоимостью продукции;99000;5;43;18;5;1;12;12;commercial;1
как считать бизнес план;1000000;4;23;34;4;1;12;12;commercial;1
определение бизнес плана;1000000;3;24;505;4;1;12;12;commercial;1
как восстановить вконтакте свою страницу без номера телефона без пароля и логина;2000000;12;80;49;4;1;12;12;commercial;1
как создать сообщество в вк пошаговая инструкция для бизнеса;2000000;9;60;67;4;1;12;12;commercial;1
как считается полная себестоимость;744000;4;34;8;3;1;12;12;commercial;1
демонстрация экрана телеграмм на компьютере;9000;5;43;140;2;1;12;12;commercial;1
как восстановить страницу в вк если забыл логин и пароль;2000000;10;56;13;2;1;12;12;commercial;1
как войти на старую страницу в контакте если забыл логин и пароль и номер телефона;3000000;15;82;2;2;1;12;12;commercial;1
понятие бизнес процессов;1000000;3;24;481;2;1;12;12;commercial;1
как определить стоимость товара;808000;4;31;440;2;1;12;12;commercial;14
как найти себестоимость одного изделия;4000000;5;38;1;1;1;12;12;commercial;1
как определить себестоимость единицы продукции;476000;5;46;20;1;1;12;12;commercial;1
облачные сервисы информатика;1000000;3;28;21;1;1;12;12;commercial;1
бизнес планирование назначение;775000;3;30;53;1;1;12;12;commercial;1
что делать если не помнишь логин и пароль от вк;2000000;10;47;5;1;1;12;12;commercial;1
как рассчитать себестоимость одного изделия;4000000;5;43;8;1;1;12;12;commercial;1
бизнес план назначение;1000000;3;22;228;0;1;12;12;commercial;1
задача бизнес плана;961000;3;19;896;0;1;12;12;commercial;1
